index,true,teacher,int8,student_ce,student_kd
0,cat,cat,cat,cat,cat
1,ship,ship,ship,ship,ship
2,ship,ship,ship,ship,ship
3,airplane,airplane,airplane,ship,ship
4,frog,frog,frog,frog,frog
5,frog,frog,frog,frog,frog
6,automobile,automobile,automobile,automobile,automobile
7,frog,frog,frog,frog,frog
8,cat,cat,cat,cat,cat
9,automobile,automobile,automobile,automobile,automobile
10,airplane,airplane,airplane,airplane,airplane
11,truck,truck,truck,truck,truck
12,dog,dog,dog,dog,dog
13,horse,horse,horse,horse,horse
14,truck,truck,truck,truck,truck
15,ship,ship,ship,ship,ship
16,dog,dog,dog,dog,dog
17,horse,horse,horse,horse,horse
18,ship,ship,ship,ship,ship
19,frog,frog,frog,frog,frog
20,horse,horse,horse,horse,horse
21,airplane,airplane,airplane,airplane,airplane
22,deer,deer,deer,deer,deer
23,truck,truck,truck,truck,truck
24,dog,dog,dog,deer,deer
25,bird,bird,bird,bird,bird
26,deer,deer,deer,deer,deer
27,airplane,airplane,airplane,airplane,airplane
28,truck,truck,truck,truck,truck
29,frog,frog,frog,frog,frog
30,frog,frog,frog,frog,frog
31,dog,dog,dog,dog,dog
32,deer,deer,deer,frog,deer
33,dog,dog,dog,dog,dog
34,truck,truck,truck,truck,truck
35,bird,bird,bird,dog,bird
36,deer,deer,deer,deer,deer
37,automobile,truck,truck,automobile,truck
38,truck,truck,truck,truck,truck
39,dog,dog,dog,dog,dog
40,deer,deer,deer,bird,deer
41,frog,frog,frog,frog,frog
42,dog,dog,dog,dog,dog
43,frog,frog,frog,frog,frog
44,airplane,airplane,airplane,airplane,airplane
45,truck,truck,truck,truck,truck
46,cat,cat,cat,cat,cat
47,truck,truck,truck,truck,truck
48,horse,horse,horse,horse,horse
49,frog,frog,frog,frog,frog
50,truck,truck,truck,truck,truck
51,ship,ship,ship,ship,ship
52,airplane,cat,cat,horse,truck
53,cat,cat,cat,cat,cat
54,ship,ship,ship,ship,ship
55,ship,ship,ship,ship,ship
56,horse,horse,horse,horse,horse
57,horse,horse,horse,horse,horse
58,deer,horse,horse,cat,cat
59,frog,cat,cat,cat,frog
60,horse,horse,horse,horse,horse
61,cat,dog,dog,dog,dog
62,frog,frog,frog,frog,frog
63,cat,cat,cat,cat,cat
64,frog,frog,frog,frog,frog
65,bird,bird,bird,bird,bird
66,automobile,automobile,automobile,automobile,automobile
67,bird,bird,bird,bird,bird
68,cat,cat,cat,dog,dog
69,horse,horse,horse,horse,horse
70,bird,bird,bird,bird,dog
71,frog,frog,frog,frog,frog
72,ship,ship,ship,ship,ship
73,ship,ship,ship,ship,ship
74,airplane,airplane,airplane,airplane,airplane
75,bird,bird,bird,bird,bird
76,truck,truck,truck,truck,truck
77,cat,cat,cat,cat,cat
78,cat,cat,cat,dog,dog
79,ship,ship,ship,ship,ship
80,ship,ship,ship,ship,ship
81,automobile,automobile,automobile,automobile,automobile
82,automobile,automobile,automobile,automobile,automobile
83,horse,horse,horse,horse,horse
84,bird,bird,bird,bird,bird
85,dog,dog,dog,horse,dog
86,bird,bird,bird,bird,cat
87,horse,horse,horse,horse,horse
88,ship,ship,ship,ship,ship
89,truck,truck,truck,truck,truck
90,airplane,airplane,airplane,airplane,airplane
91,cat,cat,cat,cat,cat
92,ship,ship,ship,ship,ship
93,frog,frog,frog,frog,frog
94,deer,deer,deer,deer,deer
95,frog,frog,frog,frog,frog
96,frog,frog,frog,frog,frog
97,airplane,airplane,airplane,airplane,airplane
98,airplane,airplane,airplane,airplane,airplane
99,horse,horse,horse,horse,horse
100,deer,deer,deer,deer,deer
101,dog,dog,dog,dog,dog
102,frog,frog,frog,frog,frog
103,cat,cat,cat,cat,cat
104,automobile,automobile,automobile,automobile,automobile
105,automobile,automobile,automobile,automobile,automobile
106,cat,cat,cat,bird,cat
107,frog,frog,frog,frog,frog
108,ship,ship,ship,ship,ship
109,horse,horse,horse,horse,horse
110,deer,deer,deer,deer,deer
111,airplane,airplane,airplane,airplane,airplane
112,frog,frog,frog,frog,frog
113,bird,bird,bird,bird,bird
114,automobile,automobile,automobile,automobile,automobile
115,cat,cat,cat,cat,cat
116,airplane,airplane,airplane,airplane,airplane
117,deer,deer,deer,deer,deer
118,bird,frog,frog,bird,bird
119,horse,horse,horse,horse,horse
120,ship,ship,ship,ship,ship
121,cat,cat,cat,cat,cat
122,automobile,automobile,automobile,automobile,automobile
123,bird,bird,bird,bird,bird
124,ship,ship,ship,ship,ship
125,airplane,bird,bird,airplane,bird
126,ship,ship,ship,ship,ship
127,cat,cat,cat,cat,cat
128,dog,dog,dog,frog,dog
129,bird,bird,bird,bird,bird
130,deer,deer,deer,deer,deer
131,automobile,automobile,automobile,automobile,automobile
132,ship,ship,ship,ship,ship
133,truck,truck,truck,truck,truck
134,automobile,automobile,frog,automobile,automobile
135,bird,bird,bird,bird,bird
136,truck,truck,truck,truck,truck
137,horse,horse,horse,horse,horse
138,bird,bird,bird,bird,bird
139,truck,truck,truck,ship,ship
140,frog,frog,frog,frog,frog
141,dog,dog,dog,dog,dog
142,frog,frog,frog,frog,frog
143,cat,cat,cat,cat,dog
144,ship,ship,ship,ship,ship
145,horse,horse,horse,horse,horse
146,frog,frog,frog,frog,frog
147,bird,dog,dog,dog,dog
148,dog,dog,dog,dog,dog
149,bird,bird,bird,bird,bird
150,ship,ship,ship,ship,airplane
151,truck,truck,truck,truck,truck
152,frog,frog,frog,frog,frog
153,airplane,airplane,airplane,airplane,airplane
154,airplane,airplane,airplane,airplane,airplane
155,dog,dog,dog,dog,dog
156,bird,bird,bird,bird,bird
157,truck,truck,truck,truck,truck
158,dog,cat,cat,dog,cat
159,deer,deer,deer,deer,deer
160,bird,bird,bird,bird,bird
161,automobile,automobile,automobile,automobile,automobile
162,frog,frog,frog,cat,frog
163,frog,frog,frog,frog,frog
164,ship,airplane,airplane,airplane,ship
165,deer,deer,deer,deer,deer
166,ship,ship,ship,ship,ship
167,deer,deer,deer,frog,deer
168,dog,dog,dog,dog,dog
169,airplane,ship,ship,ship,ship
170,truck,truck,truck,truck,truck
171,truck,truck,truck,truck,truck
172,truck,truck,truck,truck,truck
173,ship,ship,ship,ship,ship
174,truck,truck,truck,truck,truck
175,truck,truck,truck,truck,truck
176,cat,cat,cat,cat,cat
177,horse,horse,horse,horse,horse
178,dog,cat,cat,cat,cat
179,airplane,airplane,airplane,airplane,airplane
180,airplane,airplane,airplane,airplane,airplane
181,dog,dog,dog,dog,dog
182,bird,bird,bird,bird,bird
183,bird,bird,bird,bird,bird
184,cat,cat,cat,airplane,cat
185,ship,ship,ship,ship,ship
186,frog,frog,frog,frog,frog
187,cat,cat,cat,cat,cat
188,deer,deer,deer,cat,cat
189,airplane,airplane,airplane,airplane,airplane
190,dog,dog,dog,dog,dog
191,ship,ship,ship,ship,ship
192,airplane,airplane,airplane,airplane,airplane
193,automobile,automobile,automobile,automobile,automobile
194,horse,horse,horse,horse,horse
195,bird,bird,bird,bird,bird
196,ship,ship,ship,ship,ship
197,ship,ship,ship,ship,ship
198,horse,horse,horse,horse,horse
199,ship,ship,ship,ship,ship
200,dog,dog,dog,dog,dog
201,automobile,automobile,automobile,automobile,airplane
202,ship,ship,ship,ship,ship
203,horse,horse,horse,horse,horse
204,automobile,automobile,automobile,automobile,automobile
205,cat,cat,cat,cat,cat
206,airplane,airplane,airplane,airplane,airplane
207,dog,dog,dog,dog,dog
208,horse,horse,horse,horse,horse
209,truck,truck,truck,truck,truck
210,horse,horse,horse,dog,dog
211,deer,deer,deer,airplane,airplane
212,dog,dog,dog,dog,dog
213,truck,ship,ship,truck,truck
214,ship,ship,ship,ship,ship
215,airplane,airplane,airplane,airplane,airplane
216,horse,horse,horse,horse,horse
217,truck,truck,truck,truck,truck
218,ship,cat,cat,cat,ship
219,bird,bird,bird,bird,bird
220,horse,horse,horse,horse,horse
221,frog,frog,frog,dog,dog
222,truck,truck,truck,truck,truck
223,deer,deer,deer,deer,deer
224,cat,cat,cat,cat,cat
225,truck,truck,truck,truck,truck
226,frog,airplane,frog,deer,deer
227,deer,deer,deer,deer,deer
228,horse,horse,horse,cat,horse
229,frog,frog,frog,bird,frog
230,dog,dog,dog,dog,dog
231,automobile,automobile,automobile,automobile,automobile
232,dog,dog,dog,dog,dog
233,ship,ship,ship,ship,ship
234,ship,ship,ship,ship,ship
235,airplane,airplane,airplane,airplane,airplane
236,deer,deer,deer,deer,deer
237,airplane,airplane,airplane,horse,truck
238,dog,dog,dog,dog,dog
239,dog,dog,dog,dog,dog
240,automobile,automobile,automobile,automobile,automobile
241,automobile,automobile,automobile,truck,automobile
242,ship,ship,ship,ship,ship
243,truck,truck,truck,truck,truck
244,airplane,airplane,airplane,airplane,airplane
245,cat,cat,cat,cat,cat
246,automobile,automobile,automobile,automobile,automobile
247,truck,truck,truck,ship,ship
248,bird,bird,bird,bird,bird
249,bird,bird,bird,bird,bird
250,dog,dog,dog,dog,dog
251,cat,cat,cat,cat,cat
252,truck,truck,truck,truck,truck
253,truck,truck,truck,truck,truck
254,deer,deer,deer,deer,deer
255,airplane,airplane,airplane,airplane,airplane
256,cat,cat,cat,cat,cat
257,airplane,airplane,airplane,airplane,airplane
258,airplane,airplane,ship,airplane,airplane
259,truck,truck,truck,truck,truck
260,ship,ship,ship,ship,ship
261,automobile,automobile,automobile,automobile,automobile
262,dog,dog,dog,cat,cat
263,horse,horse,horse,cat,cat
264,airplane,airplane,airplane,ship,ship
265,ship,ship,ship,ship,ship
266,bird,bird,bird,ship,bird
267,deer,deer,deer,deer,deer
268,horse,horse,horse,horse,horse
269,airplane,airplane,airplane,airplane,airplane
270,bird,bird,bird,bird,bird
271,cat,cat,cat,cat,cat
272,frog,frog,frog,frog,frog
273,cat,cat,cat,cat,cat
274,ship,ship,ship,ship,ship
275,dog,dog,dog,dog,dog
276,airplane,airplane,airplane,airplane,airplane
277,cat,cat,cat,bird,bird
278,deer,deer,deer,deer,deer
279,cat,cat,cat,cat,cat
280,truck,truck,truck,truck,truck
281,airplane,airplane,airplane,airplane,automobile
282,frog,frog,frog,frog,frog
283,automobile,automobile,automobile,automobile,automobile
284,airplane,truck,airplane,airplane,airplane
285,truck,truck,truck,truck,truck
286,automobile,automobile,automobile,automobile,automobile
287,airplane,airplane,airplane,ship,ship
288,horse,horse,horse,horse,horse
289,truck,truck,truck,truck,truck
290,automobile,automobile,automobile,automobile,automobile
291,bird,bird,bird,bird,bird
292,frog,frog,frog,frog,frog
293,truck,truck,truck,automobile,automobile
294,cat,cat,cat,cat,cat
295,deer,deer,deer,deer,deer
296,frog,frog,frog,frog,frog
297,airplane,airplane,airplane,airplane,airplane
298,airplane,airplane,airplane,airplane,airplane
299,frog,frog,frog,frog,frog
300,frog,frog,frog,frog,frog
301,frog,frog,frog,frog,frog
302,cat,dog,dog,cat,cat
303,bird,bird,bird,bird,bird
304,frog,frog,frog,frog,frog
305,automobile,automobile,automobile,automobile,automobile
306,ship,ship,ship,ship,ship
307,bird,bird,bird,bird,bird
308,automobile,automobile,automobile,automobile,automobile
309,frog,frog,frog,bird,bird
310,ship,ship,ship,ship,ship
311,frog,frog,frog,frog,frog
312,ship,airplane,airplane,ship,airplane
313,airplane,bird,bird,airplane,airplane
314,deer,deer,deer,dog,deer
315,airplane,airplane,airplane,airplane,airplane
316,horse,horse,horse,horse,horse
317,horse,horse,horse,horse,horse
318,dog,dog,dog,dog,dog
319,dog,dog,dog,dog,dog
320,cat,cat,cat,cat,cat
321,dog,dog,dog,dog,dog
322,bird,bird,bird,bird,bird
323,cat,cat,cat,cat,dog
324,deer,deer,deer,horse,deer
325,automobile,automobile,automobile,automobile,automobile
326,horse,horse,horse,horse,horse
327,dog,dog,dog,dog,dog
328,deer,deer,deer,deer,deer
329,frog,frog,frog,frog,frog
330,automobile,automobile,automobile,automobile,automobile
331,truck,truck,truck,truck,truck
332,cat,cat,cat,cat,cat
333,frog,frog,frog,frog,frog
334,frog,frog,frog,frog,frog
335,truck,truck,truck,truck,truck
336,cat,cat,cat,cat,cat
337,ship,ship,ship,ship,ship
338,airplane,airplane,airplane,airplane,airplane
339,horse,horse,horse,horse,horse
340,bird,bird,bird,bird,bird
341,frog,frog,frog,frog,frog
342,bird,airplane,airplane,bird,bird
343,dog,dog,dog,dog,dog
344,ship,ship,ship,ship,ship
345,dog,dog,dog,dog,dog
346,deer,deer,deer,deer,deer
347,frog,frog,frog,frog,frog
348,ship,ship,ship,ship,ship
349,truck,truck,truck,truck,truck
350,truck,truck,truck,truck,truck
351,automobile,automobile,automobile,automobile,automobile
352,airplane,airplane,airplane,ship,airplane
353,bird,bird,bird,bird,bird
354,bird,bird,bird,frog,bird
355,horse,bird,bird,deer,deer
356,cat,dog,dog,dog,dog
357,bird,bird,bird,bird,bird
358,ship,ship,ship,ship,ship
359,airplane,airplane,airplane,airplane,airplane
360,truck,truck,truck,truck,truck
361,dog,dog,dog,dog,dog
362,ship,ship,ship,ship,ship
363,automobile,automobile,automobile,automobile,automobile
364,truck,truck,truck,truck,truck
365,deer,deer,deer,deer,deer
366,automobile,automobile,automobile,automobile,automobile
367,cat,cat,cat,cat,cat
368,ship,ship,ship,ship,ship
369,automobile,automobile,automobile,automobile,automobile
370,deer,deer,deer,cat,deer
371,horse,horse,horse,horse,horse
372,truck,truck,truck,truck,truck
373,deer,deer,deer,deer,deer
374,bird,bird,bird,bird,bird
375,horse,horse,horse,horse,horse
376,airplane,airplane,airplane,truck,truck
377,horse,horse,horse,horse,horse
378,airplane,ship,ship,airplane,bird
379,frog,frog,frog,frog,frog
380,frog,frog,frog,frog,frog
381,truck,truck,truck,truck,truck
382,airplane,airplane,airplane,airplane,airplane
383,truck,truck,truck,airplane,airplane
384,bird,dog,dog,bird,bird
385,ship,ship,ship,airplane,ship
386,horse,horse,horse,horse,horse
387,bird,bird,bird,bird,bird
388,bird,bird,bird,bird,bird
389,dog,dog,dog,dog,dog
390,automobile,automobile,automobile,automobile,automobile
391,bird,bird,bird,bird,bird
392,frog,frog,frog,frog,frog
393,bird,bird,bird,bird,bird
394,truck,truck,truck,truck,truck
395,frog,frog,frog,frog,frog
396,bird,bird,bird,bird,bird
397,cat,cat,cat,cat,cat
398,airplane,airplane,airplane,airplane,airplane
399,cat,cat,cat,cat,cat
400,truck,truck,truck,truck,truck
401,ship,ship,ship,ship,ship
402,horse,horse,horse,horse,horse
403,ship,ship,ship,ship,ship
404,ship,ship,ship,ship,ship
405,deer,deer,cat,frog,deer
406,airplane,airplane,airplane,airplane,airplane
407,automobile,automobile,automobile,automobile,automobile
408,ship,ship,ship,ship,ship
409,bird,bird,bird,bird,bird
410,horse,horse,horse,horse,horse
411,truck,truck,truck,ship,truck
412,cat,cat,cat,cat,cat
413,frog,frog,frog,frog,frog
414,automobile,automobile,automobile,automobile,automobile
415,truck,truck,truck,truck,truck
416,airplane,airplane,airplane,airplane,airplane
417,horse,horse,horse,horse,horse
418,cat,cat,cat,bird,cat
419,horse,horse,horse,horse,horse
420,deer,deer,deer,deer,deer
421,dog,dog,dog,dog,dog
422,airplane,ship,ship,airplane,airplane
423,airplane,airplane,airplane,airplane,airplane
424,bird,bird,bird,bird,bird
425,truck,truck,truck,truck,truck
426,cat,frog,frog,frog,cat
427,deer,deer,deer,deer,deer
428,airplane,airplane,airplane,airplane,airplane
429,frog,frog,frog,frog,frog
430,bird,bird,bird,deer,deer
431,dog,dog,dog,dog,dog
432,cat,cat,cat,cat,cat
433,horse,deer,deer,horse,horse
434,cat,cat,cat,truck,cat
435,horse,horse,horse,horse,horse
436,bird,bird,bird,frog,bird
437,dog,dog,dog,dog,dog
438,cat,cat,cat,cat,cat
439,automobile,automobile,automobile,truck,truck
440,automobile,automobile,automobile,automobile,automobile
441,deer,deer,deer,deer,deer
442,truck,truck,truck,truck,truck
443,truck,truck,truck,truck,truck
444,dog,dog,dog,dog,dog
445,horse,horse,horse,horse,horse
446,dog,dog,dog,dog,dog
447,airplane,airplane,airplane,airplane,airplane
448,bird,bird,bird,bird,bird
449,bird,bird,bird,bird,bird
450,bird,bird,bird,bird,bird
451,truck,truck,truck,truck,truck
452,horse,horse,horse,horse,horse
453,cat,cat,cat,cat,cat
454,truck,truck,truck,truck,truck
455,deer,deer,deer,deer,deer
456,cat,deer,deer,deer,deer
457,dog,dog,dog,dog,dog
458,deer,deer,deer,deer,deer
459,frog,frog,frog,frog,frog
460,dog,dog,dog,dog,dog
461,frog,frog,frog,frog,frog
462,automobile,automobile,automobile,automobile,automobile
463,deer,deer,deer,deer,deer
464,cat,cat,cat,cat,cat
465,deer,deer,deer,deer,deer
466,deer,deer,deer,deer,deer
467,cat,cat,cat,cat,cat
468,horse,horse,horse,horse,horse
469,ship,ship,ship,ship,ship
470,cat,dog,dog,dog,dog
471,horse,horse,horse,horse,horse
472,ship,ship,ship,ship,ship
473,airplane,airplane,airplane,airplane,airplane
474,dog,dog,dog,dog,dog
475,horse,horse,horse,horse,horse
476,frog,frog,frog,frog,frog
477,airplane,airplane,airplane,airplane,airplane
478,dog,dog,dog,dog,dog
479,deer,deer,deer,deer,deer
480,ship,ship,ship,ship,ship
481,frog,frog,frog,frog,frog
482,ship,ship,ship,ship,ship
483,dog,cat,cat,cat,dog
484,dog,dog,dog,dog,dog
485,truck,truck,truck,truck,ship
486,truck,truck,truck,truck,truck
487,truck,truck,truck,truck,truck
488,dog,dog,dog,dog,deer
489,airplane,airplane,airplane,airplane,airplane
490,automobile,automobile,automobile,automobile,automobile
491,airplane,airplane,airplane,airplane,airplane
492,ship,ship,ship,ship,ship
493,automobile,automobile,automobile,automobile,automobile
494,automobile,automobile,automobile,automobile,automobile
495,ship,ship,ship,ship,ship
496,airplane,airplane,airplane,airplane,airplane
497,bird,bird,bird,bird,bird
498,bird,bird,bird,bird,bird
499,airplane,airplane,airplane,airplane,airplane
500,deer,deer,deer,deer,deer
501,frog,frog,frog,frog,frog
502,dog,dog,dog,dog,dog
503,deer,deer,deer,deer,deer
504,truck,truck,truck,truck,truck
505,deer,deer,deer,deer,deer
506,horse,horse,horse,horse,horse
507,truck,truck,truck,truck,truck
508,truck,truck,truck,truck,automobile
509,deer,deer,deer,deer,deer
510,dog,dog,dog,dog,dog
511,frog,frog,frog,frog,frog
512,frog,frog,frog,frog,frog
513,automobile,automobile,automobile,automobile,automobile
514,dog,dog,dog,dog,dog
515,cat,cat,cat,cat,cat
516,ship,ship,ship,ship,ship
517,truck,truck,truck,truck,truck
518,dog,dog,dog,horse,dog
519,ship,ship,ship,ship,ship
520,dog,dog,dog,dog,dog
521,horse,horse,horse,horse,horse
522,airplane,airplane,airplane,airplane,airplane
523,horse,horse,horse,horse,horse
524,airplane,airplane,airplane,airplane,airplane
525,dog,dog,dog,dog,dog
526,airplane,airplane,airplane,airplane,airplane
527,airplane,airplane,airplane,airplane,airplane
528,deer,deer,deer,deer,deer
529,frog,frog,frog,frog,frog
530,truck,truck,truck,truck,truck
531,airplane,cat,cat,airplane,ship
532,truck,truck,truck,truck,truck
533,dog,dog,dog,dog,dog
534,frog,frog,frog,frog,frog
535,frog,frog,frog,frog,frog
536,frog,frog,frog,frog,frog
537,bird,bird,bird,frog,frog
538,truck,truck,truck,truck,truck
539,airplane,airplane,airplane,airplane,airplane
540,automobile,automobile,automobile,automobile,automobile
541,horse,horse,horse,horse,horse
542,frog,frog,frog,frog,frog
543,horse,horse,horse,horse,horse
544,dog,dog,dog,dog,dog
545,truck,truck,truck,truck,truck
546,automobile,automobile,automobile,automobile,automobile
547,frog,frog,frog,frog,frog
548,bird,bird,bird,bird,bird
549,dog,dog,dog,dog,dog
550,dog,dog,dog,dog,dog
551,dog,dog,dog,dog,dog
552,ship,ship,ship,ship,ship
553,dog,dog,dog,dog,dog
554,truck,truck,truck,truck,truck
555,deer,deer,deer,deer,deer
556,frog,frog,frog,frog,frog
557,deer,deer,deer,deer,deer
558,cat,cat,cat,cat,cat
559,bird,bird,bird,bird,bird
560,airplane,airplane,airplane,airplane,airplane
561,horse,horse,horse,horse,horse
562,frog,cat,cat,frog,frog
563,bird,bird,bird,bird,bird
564,bird,bird,bird,bird,bird
565,cat,cat,cat,cat,cat
566,truck,truck,truck,truck,truck
567,horse,horse,horse,cat,cat
568,truck,truck,truck,truck,truck
569,bird,bird,bird,bird,bird
570,frog,frog,frog,frog,frog
571,horse,horse,horse,horse,horse
572,automobile,automobile,automobile,automobile,automobile
573,cat,cat,cat,cat,cat
574,frog,frog,frog,frog,frog
575,frog,frog,frog,frog,frog
576,ship,ship,ship,ship,ship
577,truck,truck,truck,ship,truck
578,horse,horse,horse,horse,horse
579,dog,dog,dog,dog,dog
580,deer,deer,deer,deer,deer
581,airplane,airplane,airplane,airplane,airplane
582,ship,ship,ship,ship,ship
583,deer,deer,deer,deer,deer
584,airplane,airplane,airplane,airplane,airplane
585,truck,truck,truck,truck,truck
586,cat,cat,cat,cat,cat
587,deer,deer,deer,deer,deer
588,ship,ship,ship,ship,ship
589,truck,truck,truck,truck,truck
590,frog,frog,frog,frog,frog
591,truck,truck,truck,truck,truck
592,bird,bird,bird,bird,bird
593,frog,frog,frog,frog,frog
594,automobile,automobile,automobile,automobile,automobile
595,deer,deer,deer,deer,deer
596,horse,horse,horse,horse,horse
597,cat,cat,cat,horse,cat
598,dog,cat,cat,cat,cat
599,cat,cat,cat,cat,cat
600,ship,ship,ship,ship,ship
601,dog,dog,dog,dog,dog
602,airplane,airplane,airplane,airplane,airplane
603,bird,bird,bird,bird,bird
604,automobile,automobile,automobile,automobile,automobile
605,frog,frog,frog,frog,frog
606,deer,deer,deer,deer,deer
607,cat,cat,cat,bird,bird
608,cat,cat,cat,cat,cat
609,truck,truck,truck,truck,truck
610,frog,frog,frog,frog,frog
611,truck,truck,truck,automobile,automobile
612,ship,ship,ship,ship,ship
613,ship,ship,ship,ship,ship
614,dog,dog,dog,dog,dog
615,ship,ship,ship,ship,ship
616,frog,frog,frog,frog,frog
617,frog,frog,frog,frog,frog
618,bird,cat,cat,bird,bird
619,automobile,automobile,automobile,automobile,automobile
620,horse,horse,horse,horse,horse
621,horse,horse,horse,cat,horse
622,automobile,automobile,automobile,automobile,automobile
623,bird,bird,bird,bird,truck
624,horse,horse,horse,horse,horse
625,truck,truck,truck,truck,truck
626,truck,truck,truck,truck,truck
627,deer,deer,deer,deer,deer
628,deer,deer,deer,deer,deer
629,automobile,automobile,automobile,automobile,automobile
630,bird,bird,bird,bird,bird
631,dog,dog,dog,dog,dog
632,frog,frog,frog,frog,frog
633,ship,ship,ship,ship,ship
634,horse,horse,horse,horse,horse
635,frog,frog,frog,frog,frog
636,ship,ship,ship,ship,ship
637,cat,cat,cat,cat,cat
638,airplane,airplane,airplane,airplane,airplane
639,dog,cat,cat,cat,dog
640,dog,dog,dog,dog,dog
641,cat,cat,cat,frog,cat
642,airplane,airplane,airplane,airplane,airplane
643,horse,horse,horse,horse,horse
644,truck,truck,truck,truck,truck
645,automobile,automobile,automobile,automobile,airplane
646,cat,cat,cat,cat,cat
647,deer,deer,deer,deer,deer
648,deer,deer,deer,deer,deer
649,dog,dog,dog,dog,dog
650,cat,cat,cat,cat,cat
651,truck,truck,truck,truck,truck
652,dog,dog,dog,dog,dog
653,frog,frog,frog,frog,frog
654,truck,truck,truck,truck,truck
655,bird,bird,bird,airplane,airplane
656,automobile,automobile,automobile,automobile,automobile
657,automobile,automobile,automobile,automobile,truck
658,deer,deer,deer,deer,deer
659,automobile,automobile,automobile,automobile,automobile
660,truck,truck,truck,truck,truck
661,deer,deer,deer,deer,deer
662,horse,horse,horse,horse,horse
663,frog,frog,frog,frog,frog
664,cat,cat,cat,cat,cat
665,ship,airplane,airplane,airplane,airplane
666,truck,truck,truck,truck,truck
667,airplane,airplane,airplane,airplane,airplane
668,automobile,automobile,automobile,automobile,automobile
669,cat,cat,cat,dog,cat
670,frog,frog,frog,frog,frog
671,cat,dog,dog,cat,cat
672,frog,frog,frog,frog,bird
673,cat,cat,cat,cat,cat
674,bird,bird,bird,bird,bird
675,airplane,airplane,airplane,airplane,airplane
676,cat,cat,cat,deer,cat
677,automobile,automobile,automobile,automobile,automobile
678,airplane,airplane,airplane,airplane,airplane
679,dog,dog,dog,cat,dog
680,truck,automobile,automobile,truck,truck
681,frog,frog,frog,frog,frog
682,deer,deer,deer,deer,deer
683,ship,airplane,airplane,airplane,airplane
684,truck,truck,truck,truck,truck
685,frog,frog,frog,bird,bird
686,truck,truck,truck,truck,truck
687,frog,frog,frog,frog,frog
688,cat,cat,cat,cat,cat
689,airplane,airplane,airplane,bird,airplane
690,cat,cat,cat,cat,cat
691,bird,bird,bird,bird,bird
692,bird,bird,bird,bird,airplane
693,horse,horse,horse,horse,horse
694,ship,ship,ship,ship,ship
695,cat,cat,cat,cat,cat
696,ship,ship,ship,ship,ship
697,bird,bird,bird,bird,bird
698,horse,horse,horse,horse,horse
699,dog,dog,dog,dog,dog
700,horse,horse,horse,horse,horse
701,bird,bird,bird,airplane,bird
702,deer,deer,deer,deer,deer
703,ship,ship,ship,ship,ship
704,horse,horse,horse,horse,horse
705,deer,deer,deer,deer,deer
706,bird,bird,bird,bird,bird
707,truck,truck,truck,truck,truck
708,ship,ship,ship,ship,ship
709,ship,ship,ship,ship,ship
710,frog,frog,frog,frog,frog
711,ship,ship,ship,airplane,ship
712,ship,ship,ship,ship,ship
713,horse,horse,horse,horse,horse
714,deer,deer,deer,deer,deer
715,cat,dog,dog,dog,dog
716,cat,cat,cat,cat,cat
717,ship,ship,ship,ship,ship
718,deer,deer,deer,deer,deer
719,truck,truck,truck,truck,truck
720,deer,deer,deer,deer,deer
721,ship,ship,ship,ship,ship
722,ship,ship,ship,ship,ship
723,automobile,automobile,automobile,automobile,automobile
724,ship,ship,ship,ship,ship
725,bird,airplane,airplane,airplane,airplane
726,automobile,automobile,automobile,automobile,automobile
727,cat,bird,bird,cat,bird
728,frog,frog,frog,frog,frog
729,dog,dog,dog,dog,dog
730,deer,deer,deer,deer,dog
731,bird,bird,bird,bird,ship
732,horse,horse,horse,horse,horse
733,truck,truck,truck,truck,truck
734,truck,automobile,automobile,automobile,automobile
735,deer,deer,deer,bird,deer
736,automobile,automobile,automobile,automobile,airplane
737,deer,deer,deer,deer,deer
738,automobile,automobile,automobile,automobile,automobile
739,cat,dog,dog,horse,horse
740,bird,bird,bird,bird,bird
741,horse,horse,horse,horse,horse
742,airplane,airplane,airplane,airplane,airplane
743,horse,horse,horse,horse,horse
744,truck,truck,truck,airplane,truck
745,horse,horse,horse,horse,horse
746,frog,frog,frog,frog,frog
747,frog,frog,frog,frog,frog
748,bird,bird,bird,bird,bird
749,dog,dog,dog,cat,cat
750,truck,truck,truck,truck,truck
751,bird,bird,bird,airplane,airplane
752,truck,truck,truck,truck,truck
753,automobile,automobile,automobile,automobile,automobile
754,bird,bird,bird,bird,bird
755,bird,bird,bird,bird,bird
756,frog,frog,frog,frog,frog
757,ship,ship,ship,ship,ship
758,bird,bird,bird,bird,bird
759,automobile,automobile,automobile,automobile,automobile
760,cat,cat,cat,cat,cat
761,frog,frog,frog,deer,deer
762,frog,frog,frog,frog,frog
763,airplane,airplane,airplane,airplane,airplane
764,automobile,automobile,automobile,automobile,automobile
765,bird,bird,bird,bird,bird
766,horse,horse,horse,horse,horse
767,airplane,truck,truck,truck,truck
768,dog,dog,dog,dog,dog
769,deer,deer,deer,deer,deer
770,frog,cat,cat,cat,airplane
771,automobile,automobile,automobile,automobile,automobile
772,frog,frog,frog,frog,frog
773,deer,deer,deer,deer,deer
774,airplane,airplane,airplane,airplane,airplane
775,bird,bird,bird,bird,bird
776,bird,dog,dog,dog,bird
777,frog,frog,frog,frog,frog
778,airplane,airplane,airplane,airplane,airplane
779,dog,dog,dog,dog,frog
780,truck,truck,truck,truck,truck
781,automobile,automobile,automobile,automobile,automobile
782,horse,horse,horse,horse,horse
783,frog,frog,frog,frog,frog
784,horse,horse,horse,horse,horse
785,airplane,airplane,airplane,airplane,airplane
786,cat,cat,cat,cat,cat
787,truck,truck,truck,truck,truck
788,frog,frog,frog,bird,frog
789,ship,ship,ship,ship,ship
790,cat,cat,cat,airplane,cat
791,airplane,airplane,airplane,airplane,airplane
792,cat,dog,dog,dog,dog
793,deer,dog,dog,horse,horse
794,horse,horse,horse,horse,horse
795,horse,horse,horse,horse,horse
796,automobile,automobile,automobile,deer,deer
797,deer,deer,deer,deer,deer
798,horse,horse,horse,frog,horse
799,bird,bird,bird,deer,bird
800,horse,horse,horse,horse,horse
801,automobile,automobile,automobile,automobile,automobile
802,deer,deer,deer,airplane,deer
803,horse,horse,horse,horse,horse
804,deer,deer,deer,deer,deer
805,deer,dog,deer,deer,deer
806,ship,ship,ship,ship,ship
807,deer,deer,deer,deer,deer
808,horse,horse,horse,horse,horse
809,horse,horse,horse,horse,horse
810,dog,cat,cat,bird,bird
811,cat,dog,dog,dog,dog
812,horse,horse,horse,horse,horse
813,bird,bird,bird,bird,bird
814,airplane,airplane,airplane,airplane,airplane
815,ship,ship,ship,ship,ship
816,truck,truck,truck,truck,truck
817,dog,dog,dog,dog,dog
818,ship,ship,ship,ship,ship
819,cat,cat,cat,cat,cat
820,frog,frog,frog,frog,frog
821,bird,bird,bird,bird,bird
822,airplane,airplane,airplane,airplane,airplane
823,ship,ship,ship,ship,ship
824,horse,horse,horse,horse,horse
825,cat,cat,cat,deer,cat
826,horse,horse,horse,horse,horse
827,frog,frog,frog,frog,frog
828,dog,dog,dog,dog,dog
829,cat,cat,cat,cat,cat
830,automobile,automobile,automobile,automobile,automobile
831,cat,cat,cat,ship,ship
832,bird,bird,bird,bird,bird
833,bird,bird,bird,dog,dog
834,dog,dog,dog,dog,dog
835,deer,deer,deer,dog,dog
836,automobile,automobile,automobile,truck,automobile
837,bird,bird,bird,bird,bird
838,truck,truck,truck,truck,truck
839,bird,bird,bird,bird,bird
840,horse,horse,horse,horse,horse
841,airplane,airplane,airplane,airplane,airplane
842,horse,horse,horse,horse,horse
843,bird,bird,bird,bird,bird
844,automobile,automobile,automobile,automobile,automobile
845,cat,airplane,airplane,airplane,airplane
846,bird,bird,bird,bird,bird
847,airplane,airplane,airplane,airplane,airplane
848,bird,bird,bird,bird,bird
849,deer,deer,deer,deer,deer
850,horse,horse,horse,horse,horse
851,truck,truck,truck,truck,truck
852,ship,ship,ship,ship,ship
853,truck,automobile,automobile,automobile,automobile
854,airplane,airplane,airplane,airplane,airplane
855,horse,horse,horse,horse,horse
856,horse,horse,horse,horse,horse
857,airplane,airplane,airplane,airplane,airplane
858,horse,horse,horse,horse,horse
859,ship,ship,ship,ship,ship
860,deer,deer,deer,deer,deer
861,frog,frog,frog,frog,frog
862,cat,cat,cat,frog,frog
863,cat,cat,cat,cat,cat
864,airplane,airplane,airplane,airplane,airplane
865,automobile,automobile,automobile,automobile,automobile
866,cat,cat,cat,cat,cat
867,horse,horse,horse,horse,horse
868,airplane,airplane,airplane,airplane,airplane
869,automobile,automobile,automobile,automobile,automobile
870,cat,cat,cat,cat,cat
871,automobile,automobile,automobile,automobile,automobile
872,deer,deer,deer,deer,deer
873,bird,bird,bird,bird,bird
874,cat,cat,cat,cat,cat
875,ship,ship,ship,ship,ship
876,deer,deer,deer,deer,deer
877,bird,bird,bird,bird,bird
878,cat,cat,cat,horse,horse
879,horse,horse,horse,horse,horse
880,ship,ship,ship,ship,ship
881,deer,deer,deer,deer,deer
882,cat,bird,bird,bird,deer
883,airplane,airplane,airplane,automobile,automobile
884,truck,truck,truck,truck,truck
885,airplane,airplane,airplane,ship,airplane
886,airplane,airplane,airplane,airplane,airplane
887,automobile,automobile,automobile,automobile,automobile
888,airplane,automobile,automobile,ship,ship
889,deer,deer,deer,frog,frog
890,deer,deer,deer,deer,deer
891,frog,frog,frog,frog,frog
892,horse,horse,horse,cat,horse
893,frog,bird,bird,cat,cat
894,automobile,automobile,automobile,automobile,automobile
895,automobile,automobile,automobile,automobile,automobile
896,cat,cat,cat,cat,cat
897,horse,horse,horse,horse,horse
898,cat,cat,cat,horse,horse
899,dog,dog,dog,dog,dog
900,bird,bird,bird,deer,bird
901,frog,frog,frog,frog,frog
902,frog,frog,frog,frog,frog
903,dog,dog,dog,dog,dog
904,ship,ship,ship,ship,ship
905,horse,horse,horse,horse,horse
906,automobile,automobile,automobile,automobile,automobile
907,frog,frog,frog,frog,frog
908,ship,ship,ship,ship,ship
909,ship,ship,ship,ship,ship
910,dog,cat,cat,dog,dog
911,cat,cat,cat,cat,cat
912,airplane,airplane,airplane,airplane,airplane
913,deer,deer,deer,deer,deer
914,airplane,airplane,airplane,airplane,airplane
915,automobile,automobile,automobile,automobile,automobile
916,cat,deer,deer,cat,deer
917,ship,ship,ship,ship,ship
918,ship,ship,ship,ship,ship
919,airplane,airplane,airplane,airplane,airplane
920,frog,frog,frog,frog,frog
921,truck,truck,truck,truck,truck
922,truck,truck,truck,truck,truck
923,truck,cat,cat,dog,truck
924,dog,dog,dog,bird,dog
925,dog,cat,cat,cat,dog
926,ship,ship,ship,ship,ship
927,frog,frog,frog,frog,frog
928,airplane,airplane,airplane,airplane,airplane
929,airplane,airplane,airplane,ship,airplane
930,deer,deer,deer,deer,deer
931,bird,bird,bird,bird,bird
932,cat,cat,cat,cat,cat
933,bird,bird,bird,bird,deer
934,horse,horse,horse,horse,horse
935,bird,bird,bird,bird,bird
936,bird,bird,bird,bird,bird
937,dog,dog,dog,dog,dog
938,truck,truck,truck,truck,truck
939,ship,ship,ship,ship,ship
940,truck,truck,truck,truck,truck
941,automobile,automobile,automobile,automobile,automobile
942,horse,horse,horse,horse,horse
943,deer,deer,deer,frog,frog
944,airplane,airplane,airplane,airplane,airplane
945,cat,cat,cat,dog,cat
946,airplane,airplane,airplane,airplane,airplane
947,automobile,automobile,automobile,automobile,automobile
948,cat,cat,cat,cat,ship
949,ship,ship,ship,ship,ship
950,cat,cat,cat,cat,cat
951,truck,truck,truck,truck,truck
952,frog,frog,frog,frog,frog
953,automobile,ship,ship,automobile,automobile
954,deer,deer,deer,deer,deer
955,horse,horse,horse,horse,horse
956,airplane,bird,bird,airplane,airplane
957,cat,cat,cat,cat,cat
958,horse,horse,horse,horse,horse
959,ship,ship,ship,ship,ship
960,truck,truck,truck,truck,truck
961,automobile,automobile,automobile,automobile,frog
962,automobile,automobile,automobile,automobile,automobile
963,frog,frog,frog,frog,frog
964,frog,frog,frog,frog,frog
965,frog,frog,frog,frog,frog
966,frog,cat,cat,cat,cat
967,truck,truck,truck,truck,truck
968,automobile,automobile,automobile,automobile,automobile
969,truck,truck,truck,truck,truck
970,truck,truck,truck,truck,truck
971,deer,deer,deer,deer,deer
972,bird,bird,bird,frog,frog
973,automobile,automobile,automobile,automobile,automobile
974,horse,horse,horse,bird,horse
975,airplane,airplane,airplane,airplane,airplane
976,frog,frog,frog,frog,frog
977,ship,ship,ship,ship,ship
978,automobile,automobile,automobile,automobile,automobile
979,truck,truck,truck,truck,truck
980,bird,bird,bird,bird,bird
981,truck,truck,truck,truck,truck
982,airplane,horse,horse,horse,dog
983,deer,deer,deer,deer,deer
984,horse,horse,horse,horse,horse
985,ship,ship,ship,ship,ship
986,cat,cat,cat,cat,cat
987,automobile,automobile,automobile,automobile,automobile
988,bird,bird,bird,bird,bird
989,airplane,airplane,airplane,airplane,airplane
990,automobile,automobile,automobile,automobile,automobile
991,dog,dog,dog,dog,dog
992,ship,ship,ship,ship,ship
993,deer,deer,deer,deer,deer
994,frog,bird,bird,frog,frog
995,cat,cat,cat,cat,cat
996,ship,ship,ship,ship,ship
997,automobile,truck,truck,automobile,automobile
998,cat,cat,cat,cat,cat
999,ship,ship,ship,ship,ship
1000,dog,dog,dog,dog,dog
1001,airplane,airplane,airplane,airplane,airplane
1002,ship,ship,ship,truck,ship
1003,deer,deer,deer,deer,deer
1004,ship,ship,ship,ship,ship
1005,automobile,automobile,automobile,automobile,automobile
1006,automobile,automobile,automobile,automobile,automobile
1007,ship,ship,ship,ship,ship
1008,truck,truck,truck,truck,truck
1009,frog,frog,frog,frog,frog
1010,airplane,airplane,airplane,airplane,airplane
1011,ship,ship,ship,ship,ship
1012,frog,frog,frog,frog,frog
1013,automobile,automobile,automobile,automobile,automobile
1014,cat,cat,cat,cat,cat
1015,deer,deer,deer,deer,deer
1016,automobile,automobile,automobile,automobile,automobile
1017,frog,frog,frog,frog,frog
1018,airplane,airplane,airplane,airplane,airplane
1019,dog,dog,dog,dog,cat
1020,automobile,automobile,automobile,automobile,automobile
1021,automobile,automobile,automobile,automobile,automobile
1022,airplane,airplane,airplane,airplane,airplane
1023,airplane,airplane,airplane,airplane,airplane
1024,cat,cat,cat,cat,cat
1025,dog,dog,dog,dog,dog
1026,airplane,airplane,airplane,frog,frog
1027,airplane,airplane,airplane,airplane,airplane
1028,frog,frog,frog,frog,frog
1029,frog,frog,frog,frog,frog
1030,cat,cat,cat,cat,cat
1031,cat,cat,cat,cat,cat
1032,frog,frog,frog,bird,cat
1033,cat,cat,cat,cat,cat
1034,frog,dog,dog,cat,cat
1035,frog,frog,frog,deer,deer
1036,airplane,airplane,airplane,airplane,airplane
1037,horse,horse,horse,horse,horse
1038,bird,bird,bird,bird,bird
1039,bird,bird,bird,bird,bird
1040,horse,dog,dog,dog,dog
1041,dog,dog,dog,dog,dog
1042,dog,dog,dog,bird,bird
1043,bird,bird,bird,bird,bird
1044,ship,ship,ship,ship,ship
1045,dog,dog,dog,dog,dog
1046,bird,bird,bird,bird,bird
1047,automobile,automobile,automobile,automobile,automobile
1048,automobile,automobile,automobile,automobile,automobile
1049,deer,automobile,automobile,dog,automobile
1050,cat,cat,cat,airplane,airplane
1051,bird,bird,bird,frog,bird
1052,airplane,airplane,airplane,airplane,airplane
1053,cat,cat,cat,dog,dog
1054,automobile,automobile,automobile,automobile,automobile
1055,dog,dog,dog,dog,dog
1056,cat,cat,cat,cat,cat
1057,horse,horse,horse,horse,horse
1058,frog,frog,frog,frog,frog
1059,ship,ship,ship,ship,ship
1060,truck,truck,truck,truck,truck
1061,automobile,automobile,automobile,automobile,automobile
1062,frog,frog,frog,frog,frog
1063,deer,deer,deer,deer,deer
1064,truck,truck,truck,truck,truck
1065,cat,cat,cat,cat,cat
1066,truck,truck,truck,truck,truck
1067,airplane,airplane,airplane,airplane,airplane
1068,truck,truck,truck,truck,truck
1069,frog,frog,frog,frog,frog
1070,cat,cat,cat,cat,cat
1071,frog,frog,frog,frog,frog
1072,airplane,airplane,airplane,automobile,ship
1073,horse,horse,horse,horse,horse
1074,cat,cat,cat,frog,frog
1075,ship,ship,ship,ship,ship
1076,airplane,airplane,airplane,airplane,airplane
1077,airplane,airplane,airplane,airplane,airplane
1078,airplane,airplane,airplane,airplane,airplane
1079,frog,frog,frog,frog,frog
1080,frog,frog,frog,frog,frog
1081,frog,frog,frog,frog,frog
1082,truck,truck,truck,truck,truck
1083,bird,bird,bird,bird,bird
1084,dog,dog,dog,dog,dog
1085,deer,deer,deer,deer,deer
1086,deer,deer,deer,deer,deer
1087,frog,frog,frog,frog,frog
1088,cat,dog,dog,cat,dog
1089,frog,frog,frog,frog,frog
1090,airplane,airplane,airplane,ship,airplane
1091,ship,ship,ship,ship,ship
1092,frog,frog,frog,frog,frog
1093,airplane,airplane,airplane,airplane,airplane
1094,frog,frog,frog,dog,horse
1095,bird,bird,bird,frog,frog
1096,horse,horse,horse,horse,horse
1097,dog,dog,dog,dog,dog
1098,automobile,automobile,automobile,automobile,automobile
1099,bird,bird,bird,bird,bird
1100,horse,horse,horse,horse,dog
1101,ship,ship,ship,ship,ship
1102,ship,ship,ship,ship,ship
1103,airplane,airplane,airplane,airplane,airplane
1104,truck,truck,truck,truck,truck
1105,deer,deer,deer,cat,cat
1106,truck,truck,truck,truck,truck
1107,horse,horse,horse,automobile,horse
1108,bird,bird,bird,bird,bird
1109,airplane,airplane,airplane,airplane,airplane
1110,bird,bird,bird,bird,bird
1111,ship,ship,ship,ship,ship
1112,cat,cat,cat,cat,cat
1113,ship,ship,ship,ship,ship
1114,truck,truck,truck,truck,truck
1115,automobile,automobile,automobile,automobile,automobile
1116,dog,dog,dog,dog,dog
1117,dog,dog,dog,dog,dog
1118,deer,deer,deer,horse,horse
1119,horse,horse,horse,horse,horse
1120,dog,dog,dog,dog,dog
1121,cat,cat,cat,cat,cat
1122,ship,ship,ship,ship,ship
1123,cat,cat,cat,cat,cat
1124,cat,cat,cat,cat,cat
1125,frog,frog,frog,frog,frog
1126,bird,bird,bird,airplane,airplane
1127,ship,ship,ship,ship,ship
1128,deer,deer,deer,deer,deer
1129,cat,frog,dog,dog,cat
1130,horse,horse,horse,truck,truck
1131,automobile,truck,truck,truck,truck
1132,bird,bird,bird,bird,bird
1133,deer,deer,deer,deer,deer
1134,automobile,automobile,automobile,automobile,automobile
1135,frog,frog,frog,frog,frog
1136,truck,truck,truck,truck,truck
1137,airplane,airplane,airplane,truck,airplane
1138,dog,dog,dog,horse,horse
1139,ship,ship,ship,ship,ship
1140,frog,frog,frog,frog,frog
1141,automobile,automobile,automobile,automobile,automobile
1142,ship,ship,ship,ship,ship
1143,frog,frog,frog,frog,frog
1144,automobile,automobile,automobile,automobile,automobile
1145,deer,deer,deer,deer,deer
1146,bird,bird,bird,bird,bird
1147,frog,truck,truck,truck,truck
1148,bird,bird,bird,bird,bird
1149,horse,horse,horse,horse,horse
1150,bird,deer,deer,horse,deer
1151,bird,bird,bird,bird,bird
1152,airplane,airplane,airplane,airplane,airplane
1153,ship,ship,ship,ship,ship
1154,frog,frog,frog,frog,frog
1155,truck,truck,truck,truck,truck
1156,automobile,automobile,automobile,automobile,automobile
1157,horse,horse,horse,horse,horse
1158,automobile,automobile,automobile,automobile,automobile
1159,ship,ship,ship,ship,ship
1160,ship,ship,ship,ship,ship
1161,airplane,airplane,airplane,airplane,airplane
1162,horse,horse,horse,horse,horse
1163,cat,dog,dog,horse,horse
1164,ship,ship,ship,ship,ship
1165,airplane,ship,ship,airplane,airplane
1166,cat,cat,cat,cat,cat
1167,deer,deer,deer,deer,deer
1168,cat,cat,cat,cat,cat
1169,horse,horse,horse,horse,horse
1170,horse,horse,horse,horse,horse
1171,truck,truck,truck,truck,truck
1172,bird,horse,horse,bird,bird
1173,cat,cat,cat,cat,cat
1174,automobile,automobile,automobile,automobile,automobile
1175,truck,truck,truck,truck,truck
1176,automobile,automobile,automobile,automobile,automobile
1177,truck,truck,truck,automobile,automobile
1178,frog,frog,frog,frog,frog
1179,cat,cat,cat,cat,cat
1180,cat,cat,cat,cat,cat
1181,cat,frog,frog,frog,frog
1182,automobile,automobile,automobile,automobile,automobile
1183,airplane,airplane,airplane,airplane,airplane
1184,frog,frog,frog,frog,frog
1185,automobile,automobile,automobile,automobile,automobile
1186,deer,deer,deer,deer,deer
1187,automobile,automobile,automobile,automobile,automobile
1188,airplane,airplane,airplane,airplane,airplane
1189,airplane,airplane,airplane,airplane,airplane
1190,automobile,automobile,automobile,automobile,automobile
1191,automobile,automobile,automobile,automobile,automobile
1192,frog,frog,frog,frog,frog
1193,dog,dog,dog,dog,bird
1194,deer,deer,deer,deer,deer
1195,frog,frog,frog,frog,frog
1196,bird,bird,bird,bird,bird
1197,airplane,airplane,airplane,airplane,airplane
1198,horse,horse,horse,horse,horse
1199,truck,truck,truck,truck,truck
1200,ship,ship,ship,ship,ship
1201,horse,horse,horse,dog,horse
1202,bird,bird,bird,bird,bird
1203,airplane,airplane,airplane,airplane,airplane
1204,frog,frog,frog,frog,frog
1205,ship,ship,ship,ship,ship
1206,automobile,automobile,automobile,automobile,automobile
1207,deer,deer,deer,ship,ship
1208,cat,cat,cat,cat,cat
1209,horse,horse,horse,horse,horse
1210,airplane,airplane,airplane,airplane,airplane
1211,frog,frog,frog,frog,frog
1212,automobile,automobile,automobile,automobile,automobile
1213,ship,ship,ship,ship,ship
1214,dog,dog,dog,dog,dog
1215,horse,horse,horse,horse,horse
1216,ship,ship,ship,ship,ship
1217,deer,deer,deer,deer,deer
1218,ship,ship,ship,ship,ship
1219,cat,cat,cat,dog,cat
1220,truck,truck,truck,truck,truck
1221,truck,truck,truck,truck,truck
1222,truck,truck,truck,automobile,ship
1223,ship,ship,ship,ship,ship
1224,horse,horse,deer,deer,deer
1225,frog,frog,frog,frog,frog
1226,frog,frog,frog,frog,frog
1227,cat,cat,cat,dog,dog
1228,dog,dog,dog,dog,dog
1229,automobile,automobile,automobile,automobile,automobile
1230,dog,dog,dog,cat,cat
1231,truck,truck,truck,truck,truck
1232,automobile,automobile,automobile,automobile,automobile
1233,deer,deer,deer,deer,deer
1234,automobile,automobile,automobile,automobile,automobile
1235,dog,dog,dog,dog,dog
1236,horse,horse,horse,horse,horse
1237,airplane,airplane,airplane,airplane,airplane
1238,automobile,automobile,automobile,automobile,automobile
1239,dog,dog,dog,cat,dog
1240,bird,bird,bird,bird,bird
1241,airplane,airplane,airplane,airplane,airplane
1242,ship,ship,ship,ship,ship
1243,ship,ship,ship,ship,ship
1244,dog,dog,dog,cat,dog
1245,frog,frog,frog,frog,frog
1246,horse,horse,horse,horse,horse
1247,cat,dog,dog,bird,bird
1248,bird,deer,deer,bird,deer
1249,deer,deer,deer,deer,deer
1250,horse,horse,horse,horse,horse
1251,bird,bird,bird,bird,bird
1252,dog,dog,dog,dog,dog
1253,ship,ship,ship,ship,ship
1254,bird,bird,bird,bird,bird
1255,deer,deer,deer,deer,deer
1256,truck,truck,truck,truck,truck
1257,bird,bird,bird,bird,bird
1258,automobile,automobile,automobile,automobile,automobile
1259,ship,ship,ship,ship,ship
1260,automobile,automobile,automobile,automobile,automobile
1261,truck,truck,truck,truck,airplane
1262,ship,ship,ship,ship,ship
1263,ship,airplane,airplane,ship,ship
1264,ship,ship,ship,ship,ship
1265,truck,truck,truck,automobile,truck
1266,airplane,airplane,airplane,airplane,airplane
1267,deer,deer,deer,deer,deer
1268,cat,cat,cat,cat,cat
1269,cat,cat,cat,cat,cat
1270,automobile,automobile,automobile,automobile,automobile
1271,ship,ship,ship,ship,ship
1272,deer,horse,horse,horse,horse
1273,frog,frog,frog,frog,frog
1274,cat,cat,cat,cat,cat
1275,cat,cat,cat,cat,cat
1276,dog,dog,dog,dog,dog
1277,bird,bird,bird,bird,bird
1278,bird,bird,bird,bird,bird
1279,ship,ship,ship,ship,ship
1280,cat,dog,dog,cat,cat
1281,ship,ship,ship,ship,ship
1282,truck,truck,truck,truck,truck
1283,dog,dog,dog,dog,dog
1284,ship,ship,ship,ship,ship
1285,truck,truck,truck,truck,truck
1286,ship,ship,ship,ship,ship
1287,truck,truck,truck,truck,truck
1288,automobile,automobile,automobile,automobile,automobile
1289,frog,frog,frog,frog,frog
1290,dog,dog,dog,dog,dog
1291,truck,truck,truck,truck,truck
1292,deer,deer,deer,deer,deer
1293,deer,deer,deer,deer,deer
1294,ship,ship,ship,ship,ship
1295,airplane,airplane,airplane,airplane,airplane
1296,horse,horse,horse,horse,horse
1297,bird,bird,bird,bird,bird
1298,truck,truck,truck,truck,truck
1299,horse,horse,horse,horse,horse
1300,deer,deer,deer,deer,deer
1301,automobile,automobile,automobile,automobile,automobile
1302,frog,frog,frog,frog,frog
1303,deer,deer,deer,frog,frog
1304,deer,deer,deer,deer,deer
1305,truck,truck,truck,truck,truck
1306,automobile,automobile,automobile,automobile,automobile
1307,bird,bird,bird,bird,airplane
1308,dog,dog,dog,dog,dog
1309,frog,frog,frog,bird,bird
1310,airplane,airplane,airplane,airplane,airplane
1311,ship,ship,ship,ship,ship
1312,frog,frog,frog,frog,frog
1313,automobile,automobile,automobile,automobile,automobile
1314,truck,truck,truck,truck,truck
1315,deer,deer,deer,deer,deer
1316,dog,dog,dog,dog,dog
1317,truck,truck,truck,truck,truck
1318,dog,dog,dog,dog,dog
1319,airplane,airplane,airplane,airplane,airplane
1320,horse,horse,horse,horse,horse
1321,bird,cat,bird,bird,cat
1322,airplane,airplane,airplane,airplane,truck
1323,airplane,airplane,airplane,airplane,airplane
1324,deer,deer,deer,deer,deer
1325,bird,deer,deer,deer,deer
1326,frog,frog,frog,frog,frog
1327,frog,frog,frog,frog,frog
1328,dog,dog,dog,dog,dog
1329,dog,dog,dog,dog,dog
1330,bird,bird,bird,bird,bird
1331,ship,ship,ship,ship,ship
1332,automobile,automobile,automobile,automobile,automobile
1333,horse,horse,horse,horse,horse
1334,cat,bird,bird,cat,bird
1335,automobile,automobile,automobile,automobile,automobile
1336,deer,deer,deer,deer,deer
1337,dog,dog,dog,dog,dog
1338,frog,frog,frog,frog,frog
1339,dog,cat,cat,horse,horse
1340,automobile,automobile,automobile,automobile,automobile
1341,deer,deer,deer,deer,deer
1342,horse,horse,horse,horse,horse
1343,airplane,airplane,airplane,airplane,airplane
1344,truck,truck,truck,truck,truck
1345,deer,deer,deer,deer,deer
1346,cat,cat,cat,bird,deer
1347,ship,ship,ship,ship,ship
1348,bird,bird,bird,bird,bird
1349,ship,ship,ship,ship,ship
1350,deer,deer,deer,deer,deer
1351,horse,horse,horse,horse,horse
1352,bird,bird,bird,bird,bird
1353,cat,cat,cat,ship,truck
1354,automobile,automobile,automobile,automobile,automobile
1355,dog,cat,cat,deer,dog
1356,bird,bird,bird,bird,bird
1357,truck,truck,truck,truck,truck
1358,ship,ship,ship,ship,ship
1359,truck,truck,truck,truck,truck
1360,horse,horse,horse,horse,horse
1361,truck,truck,truck,truck,truck
1362,dog,dog,dog,dog,dog
1363,automobile,automobile,automobile,automobile,automobile
1364,deer,bird,bird,deer,deer
1365,airplane,airplane,airplane,airplane,airplane
1366,ship,ship,ship,ship,ship
1367,bird,bird,bird,bird,bird
1368,cat,cat,cat,cat,cat
1369,ship,ship,ship,ship,ship
1370,truck,truck,truck,truck,truck
1371,automobile,automobile,automobile,automobile,automobile
1372,automobile,automobile,automobile,truck,automobile
1373,cat,cat,cat,cat,cat
1374,bird,bird,bird,bird,bird
1375,deer,deer,deer,deer,deer
1376,truck,truck,truck,truck,truck
1377,cat,cat,cat,cat,cat
1378,automobile,automobile,automobile,automobile,automobile
1379,horse,horse,horse,horse,horse
1380,deer,deer,deer,deer,deer
1381,frog,frog,frog,frog,frog
1382,bird,bird,bird,bird,bird
1383,ship,ship,ship,ship,ship
1384,truck,truck,truck,truck,truck
1385,dog,dog,dog,dog,dog
1386,cat,cat,cat,cat,cat
1387,truck,truck,truck,truck,truck
1388,dog,dog,dog,dog,dog
1389,dog,dog,dog,dog,dog
1390,frog,frog,frog,frog,frog
1391,horse,dog,dog,bird,bird
1392,bird,bird,bird,bird,bird
1393,deer,bird,bird,cat,cat
1394,frog,frog,frog,dog,frog
1395,cat,cat,cat,frog,cat
1396,automobile,automobile,automobile,automobile,automobile
1397,airplane,airplane,airplane,airplane,airplane
1398,horse,horse,horse,airplane,airplane
1399,bird,bird,bird,airplane,airplane
1400,dog,dog,dog,dog,dog
1401,deer,deer,deer,deer,deer
1402,horse,horse,horse,horse,horse
1403,frog,frog,frog,frog,cat
1404,automobile,automobile,automobile,automobile,automobile
1405,automobile,automobile,automobile,automobile,automobile
1406,truck,truck,truck,truck,truck
1407,ship,ship,ship,ship,ship
1408,automobile,automobile,automobile,automobile,automobile
1409,airplane,airplane,airplane,airplane,airplane
1410,automobile,automobile,automobile,automobile,automobile
1411,cat,cat,cat,cat,cat
1412,automobile,automobile,automobile,automobile,automobile
1413,automobile,automobile,automobile,automobile,automobile
1414,automobile,automobile,automobile,automobile,automobile
1415,horse,horse,horse,horse,horse
1416,cat,cat,cat,dog,dog
1417,truck,truck,truck,truck,truck
1418,frog,frog,frog,frog,frog
1419,ship,ship,ship,ship,ship
1420,deer,deer,deer,deer,deer
1421,frog,frog,frog,frog,frog
1422,ship,ship,ship,airplane,airplane
1423,deer,deer,deer,deer,deer
1424,truck,truck,truck,truck,truck
1425,deer,deer,deer,deer,deer
1426,horse,horse,horse,horse,horse
1427,truck,truck,truck,truck,truck
1428,horse,horse,horse,horse,horse
1429,frog,cat,frog,bird,frog
1430,ship,ship,ship,ship,ship
1431,deer,deer,deer,deer,deer
1432,truck,truck,truck,truck,truck
1433,horse,horse,horse,horse,horse
1434,airplane,airplane,airplane,airplane,airplane
1435,automobile,automobile,automobile,automobile,automobile
1436,frog,frog,frog,frog,frog
1437,automobile,automobile,automobile,automobile,automobile
1438,dog,dog,dog,dog,dog
1439,truck,truck,truck,automobile,automobile
1440,airplane,airplane,airplane,airplane,airplane
1441,deer,deer,deer,deer,deer
1442,cat,cat,cat,dog,dog
1443,deer,deer,deer,cat,frog
1444,automobile,automobile,automobile,automobile,automobile
1445,cat,cat,cat,cat,cat
1446,airplane,airplane,airplane,airplane,airplane
1447,ship,ship,ship,ship,ship
1448,deer,deer,deer,deer,deer
1449,frog,frog,frog,frog,frog
1450,bird,bird,bird,bird,bird
1451,bird,bird,bird,bird,frog
1452,frog,frog,frog,frog,frog
1453,dog,dog,dog,dog,bird
1454,cat,cat,cat,cat,cat
1455,frog,frog,frog,frog,frog
1456,bird,horse,horse,horse,bird
1457,automobile,automobile,automobile,automobile,automobile
1458,automobile,automobile,automobile,automobile,automobile
1459,ship,ship,ship,ship,ship
1460,frog,frog,frog,frog,frog
1461,airplane,airplane,airplane,airplane,airplane
1462,deer,deer,deer,deer,deer
1463,airplane,airplane,airplane,airplane,airplane
1464,automobile,automobile,automobile,automobile,automobile
1465,truck,truck,truck,truck,truck
1466,horse,horse,horse,horse,horse
1467,automobile,automobile,automobile,automobile,automobile
1468,cat,cat,cat,cat,cat
1469,horse,horse,horse,horse,horse
1470,horse,horse,bird,bird,bird
1471,ship,ship,ship,ship,ship
1472,horse,horse,horse,horse,horse
1473,horse,horse,horse,horse,horse
1474,cat,cat,cat,cat,cat
1475,truck,truck,truck,truck,truck
1476,horse,horse,horse,horse,horse
1477,horse,horse,horse,horse,horse
1478,horse,horse,horse,horse,horse
1479,bird,bird,bird,deer,truck
1480,automobile,automobile,automobile,automobile,automobile
1481,bird,bird,bird,bird,bird
1482,ship,ship,ship,ship,ship
1483,frog,frog,frog,frog,frog
1484,deer,deer,deer,deer,deer
1485,airplane,airplane,airplane,airplane,airplane
1486,horse,horse,horse,horse,horse
1487,truck,truck,truck,truck,truck
1488,ship,ship,ship,ship,ship
1489,frog,frog,frog,frog,frog
1490,ship,ship,ship,ship,ship
1491,deer,deer,deer,frog,frog
1492,truck,automobile,automobile,ship,ship
1493,automobile,automobile,automobile,automobile,automobile
1494,horse,horse,horse,bird,bird
1495,bird,airplane,airplane,airplane,airplane
1496,bird,bird,bird,frog,frog
1497,ship,ship,ship,ship,ship
1498,dog,dog,dog,dog,dog
1499,ship,ship,ship,ship,ship
1500,automobile,automobile,automobile,automobile,automobile
1501,bird,bird,bird,cat,cat
1502,bird,bird,bird,bird,bird
1503,deer,deer,deer,deer,deer
1504,automobile,automobile,automobile,automobile,automobile
1505,bird,bird,bird,bird,bird
1506,dog,horse,horse,horse,horse
1507,bird,bird,bird,bird,bird
1508,ship,ship,ship,ship,ship
1509,automobile,automobile,automobile,automobile,automobile
1510,ship,ship,ship,ship,ship
1511,automobile,automobile,automobile,automobile,automobile
1512,ship,ship,ship,ship,ship
1513,frog,frog,frog,frog,frog
1514,airplane,airplane,airplane,airplane,airplane
1515,bird,bird,bird,bird,bird
1516,deer,deer,deer,deer,deer
1517,automobile,automobile,automobile,automobile,automobile
1518,cat,cat,cat,cat,cat
1519,frog,frog,frog,frog,frog
1520,horse,horse,horse,horse,horse
1521,horse,horse,deer,horse,horse
1522,deer,deer,deer,deer,deer
1523,deer,deer,deer,deer,deer
1524,cat,cat,cat,cat,cat
1525,cat,cat,cat,cat,cat
1526,deer,deer,deer,deer,deer
1527,dog,dog,dog,dog,dog
1528,bird,bird,bird,bird,bird
1529,deer,deer,deer,deer,horse
1530,cat,cat,cat,cat,cat
1531,horse,horse,horse,horse,horse
1532,ship,ship,ship,ship,ship
1533,deer,deer,deer,deer,deer
1534,deer,deer,deer,deer,deer
1535,deer,deer,deer,deer,deer
1536,dog,cat,cat,cat,cat
1537,deer,deer,deer,deer,deer
1538,cat,cat,cat,ship,ship
1539,bird,bird,bird,bird,bird
1540,ship,ship,ship,ship,ship
1541,deer,deer,deer,deer,deer
1542,dog,dog,dog,dog,dog
1543,dog,dog,dog,dog,dog
1544,deer,deer,deer,deer,deer
1545,automobile,automobile,automobile,automobile,automobile
1546,deer,deer,deer,deer,deer
1547,bird,bird,bird,bird,bird
1548,dog,dog,dog,cat,deer
1549,automobile,automobile,automobile,automobile,automobile
1550,frog,frog,frog,frog,frog
1551,deer,deer,deer,deer,deer
1552,cat,cat,cat,dog,dog
1553,deer,deer,deer,deer,deer
1554,deer,deer,deer,deer,deer
1555,airplane,airplane,airplane,airplane,airplane
1556,ship,ship,ship,ship,ship
1557,ship,ship,ship,ship,ship
1558,deer,deer,deer,deer,deer
1559,dog,dog,dog,dog,dog
1560,horse,horse,horse,horse,horse
1561,dog,dog,dog,dog,dog
1562,frog,frog,frog,frog,frog
1563,truck,truck,truck,truck,truck
1564,automobile,automobile,automobile,automobile,automobile
1565,frog,frog,frog,frog,frog
1566,horse,horse,horse,horse,horse
1567,bird,bird,bird,bird,bird
1568,airplane,airplane,airplane,airplane,airplane
1569,automobile,automobile,automobile,automobile,automobile
1570,deer,deer,deer,deer,deer
1571,dog,dog,dog,dog,dog
1572,frog,frog,frog,cat,frog
1573,airplane,airplane,airplane,airplane,airplane
1574,airplane,airplane,airplane,airplane,airplane
1575,bird,bird,bird,bird,bird
1576,horse,horse,horse,deer,deer
1577,dog,cat,cat,cat,cat
1578,frog,frog,frog,frog,frog
1579,airplane,airplane,airplane,airplane,airplane
1580,frog,frog,frog,bird,bird
1581,bird,bird,bird,ship,dog
1582,truck,truck,truck,truck,truck
1583,automobile,automobile,automobile,automobile,automobile
1584,horse,horse,horse,horse,horse
1585,horse,horse,horse,horse,horse
1586,dog,dog,dog,dog,dog
1587,bird,bird,bird,bird,bird
1588,dog,dog,dog,dog,dog
1589,frog,frog,frog,frog,frog
1590,deer,deer,deer,deer,deer
1591,automobile,automobile,automobile,automobile,automobile
1592,deer,deer,deer,deer,deer
1593,cat,cat,cat,cat,cat
1594,cat,cat,cat,cat,cat
1595,cat,cat,cat,frog,frog
1596,airplane,airplane,airplane,airplane,airplane
1597,cat,cat,cat,cat,cat
1598,dog,dog,dog,dog,dog
1599,dog,dog,dog,dog,dog
1600,ship,ship,ship,ship,ship
1601,truck,truck,truck,truck,truck
1602,horse,horse,horse,horse,horse
1603,cat,cat,cat,cat,cat
1604,automobile,automobile,automobile,automobile,automobile
1605,cat,cat,cat,cat,horse
1606,cat,cat,cat,cat,cat
1607,cat,cat,cat,horse,horse
1608,deer,deer,deer,deer,dog
1609,deer,deer,deer,deer,deer
1610,bird,deer,deer,deer,deer
1611,cat,cat,cat,cat,cat
1612,cat,cat,cat,cat,cat
1613,ship,ship,ship,ship,ship
1614,automobile,automobile,automobile,automobile,automobile
1615,horse,horse,horse,horse,horse
1616,horse,horse,horse,horse,horse
1617,airplane,airplane,airplane,airplane,airplane
1618,horse,horse,horse,horse,horse
1619,deer,deer,deer,deer,deer
1620,dog,frog,frog,dog,dog
1621,automobile,automobile,automobile,automobile,automobile
1622,deer,deer,deer,deer,deer
1623,bird,bird,bird,bird,bird
1624,deer,deer,deer,deer,deer
1625,cat,cat,cat,cat,cat
1626,truck,truck,truck,truck,truck
1627,truck,truck,truck,truck,truck
1628,deer,deer,deer,deer,bird
1629,truck,truck,truck,truck,truck
1630,truck,truck,truck,truck,truck
1631,automobile,automobile,automobile,automobile,automobile
1632,ship,ship,ship,ship,ship
1633,automobile,automobile,automobile,automobile,automobile
1634,frog,frog,frog,frog,frog
1635,horse,horse,horse,horse,horse
1636,dog,dog,dog,dog,dog
1637,dog,dog,dog,dog,dog
1638,deer,deer,deer,deer,deer
1639,truck,truck,truck,truck,truck
1640,horse,dog,dog,horse,cat
1641,frog,frog,frog,frog,frog
1642,dog,dog,dog,dog,dog
1643,truck,truck,truck,truck,truck
1644,bird,bird,bird,frog,frog
1645,deer,deer,deer,deer,deer
1646,airplane,airplane,airplane,airplane,airplane
1647,horse,horse,horse,horse,horse
1648,ship,ship,ship,ship,ship
1649,dog,dog,dog,dog,dog
1650,dog,dog,dog,dog,dog
1651,airplane,airplane,airplane,airplane,airplane
1652,airplane,airplane,airplane,airplane,airplane
1653,truck,truck,truck,truck,truck
1654,truck,truck,truck,truck,truck
1655,ship,ship,ship,ship,ship
1656,bird,bird,bird,bird,bird
1657,dog,dog,dog,dog,dog
1658,deer,deer,deer,deer,deer
1659,ship,ship,ship,ship,ship
1660,cat,cat,cat,cat,cat
1661,frog,frog,frog,frog,frog
1662,cat,cat,cat,cat,cat
1663,frog,frog,frog,frog,frog
1664,airplane,airplane,airplane,airplane,airplane
1665,frog,frog,frog,frog,frog
1666,frog,frog,frog,frog,frog
1667,frog,frog,frog,frog,frog
1668,truck,truck,truck,truck,truck
1669,frog,frog,frog,frog,frog
1670,frog,frog,frog,frog,frog
1671,ship,ship,ship,ship,ship
1672,frog,frog,frog,frog,frog
1673,bird,bird,bird,bird,bird
1674,deer,deer,deer,deer,deer
1675,dog,cat,cat,dog,dog
1676,ship,ship,ship,ship,ship
1677,automobile,automobile,automobile,automobile,automobile
1678,bird,bird,bird,bird,bird
1679,horse,horse,horse,horse,horse
1680,frog,frog,frog,frog,frog
1681,dog,dog,dog,dog,dog
1682,horse,horse,horse,horse,horse
1683,ship,ship,ship,ship,ship
1684,automobile,automobile,automobile,ship,ship
1685,ship,bird,bird,frog,bird
1686,airplane,airplane,airplane,ship,ship
1687,ship,ship,ship,ship,automobile
1688,frog,frog,frog,frog,frog
1689,truck,truck,truck,truck,truck
1690,bird,bird,bird,bird,bird
1691,ship,ship,ship,ship,ship
1692,truck,truck,truck,truck,truck
1693,deer,deer,deer,ship,ship
1694,airplane,airplane,airplane,airplane,airplane
1695,truck,truck,truck,truck,truck
1696,deer,deer,deer,deer,deer
1697,truck,truck,truck,truck,truck
1698,dog,dog,dog,dog,dog
1699,horse,horse,horse,horse,horse
1700,dog,dog,dog,dog,dog
1701,dog,dog,dog,dog,dog
1702,truck,truck,truck,truck,truck
1703,dog,dog,dog,dog,dog
1704,cat,cat,cat,cat,cat
1705,airplane,airplane,airplane,airplane,airplane
1706,automobile,automobile,automobile,automobile,automobile
1707,truck,truck,truck,truck,truck
1708,horse,horse,horse,horse,horse
1709,bird,bird,bird,frog,frog
1710,deer,deer,deer,deer,deer
1711,automobile,automobile,automobile,automobile,automobile
1712,airplane,airplane,airplane,airplane,airplane
1713,ship,ship,ship,automobile,ship
1714,airplane,airplane,airplane,airplane,airplane
1715,cat,cat,cat,deer,deer
1716,automobile,automobile,automobile,automobile,automobile
1717,horse,horse,horse,horse,horse
1718,airplane,ship,ship,ship,ship
1719,airplane,airplane,airplane,airplane,airplane
1720,deer,deer,deer,deer,deer
1721,ship,ship,ship,ship,ship
1722,frog,frog,frog,frog,frog
1723,bird,bird,bird,cat,cat
1724,deer,deer,deer,deer,deer
1725,airplane,airplane,airplane,airplane,airplane
1726,airplane,airplane,airplane,airplane,airplane
1727,truck,automobile,automobile,truck,truck
1728,airplane,airplane,airplane,airplane,airplane
1729,ship,ship,ship,ship,ship
1730,deer,deer,deer,deer,deer
1731,dog,cat,cat,frog,frog
1732,truck,automobile,automobile,automobile,automobile
1733,cat,cat,cat,cat,cat
1734,truck,truck,truck,automobile,automobile
1735,airplane,airplane,airplane,airplane,airplane
1736,dog,dog,dog,dog,dog
1737,frog,frog,frog,frog,frog
1738,dog,dog,dog,dog,dog
1739,airplane,bird,bird,ship,ship
1740,automobile,automobile,automobile,automobile,automobile
1741,deer,deer,deer,cat,dog
1742,ship,ship,ship,ship,ship
1743,automobile,automobile,automobile,automobile,automobile
1744,airplane,airplane,airplane,airplane,airplane
1745,dog,dog,dog,dog,dog
1746,bird,bird,bird,deer,deer
1747,automobile,automobile,automobile,automobile,automobile
1748,airplane,airplane,airplane,airplane,airplane
1749,bird,bird,bird,bird,bird
1750,ship,ship,ship,ship,ship
1751,automobile,automobile,automobile,automobile,automobile
1752,dog,dog,dog,dog,dog
1753,frog,frog,frog,frog,frog
1754,horse,horse,horse,horse,horse
1755,horse,horse,horse,horse,horse
1756,bird,bird,bird,bird,bird
1757,frog,frog,frog,frog,frog
1758,bird,bird,bird,bird,bird
1759,dog,dog,dog,dog,dog
1760,airplane,airplane,airplane,airplane,airplane
1761,automobile,automobile,automobile,automobile,automobile
1762,deer,deer,deer,deer,deer
1763,bird,bird,bird,bird,bird
1764,dog,dog,dog,dog,dog
1765,deer,bird,bird,deer,deer
1766,frog,frog,frog,frog,frog
1767,bird,bird,bird,bird,bird
1768,bird,bird,bird,bird,bird
1769,automobile,automobile,automobile,automobile,automobile
1770,horse,horse,horse,horse,horse
1771,bird,bird,bird,bird,bird
1772,ship,automobile,automobile,truck,truck
1773,dog,dog,dog,dog,dog
1774,dog,dog,dog,dog,dog
1775,cat,cat,cat,cat,cat
1776,airplane,airplane,airplane,airplane,airplane
1777,deer,deer,deer,deer,deer
1778,ship,ship,ship,ship,ship
1779,cat,dog,dog,dog,dog
1780,horse,horse,horse,horse,horse
1781,frog,frog,frog,frog,frog
1782,cat,cat,cat,cat,cat
1783,ship,ship,ship,ship,ship
1784,automobile,automobile,automobile,automobile,automobile
1785,airplane,airplane,airplane,airplane,airplane
1786,automobile,automobile,automobile,automobile,automobile
1787,cat,cat,cat,dog,dog
1788,cat,cat,cat,airplane,frog
1789,airplane,airplane,airplane,deer,airplane
1790,horse,horse,horse,horse,horse
1791,deer,frog,frog,frog,frog
1792,truck,truck,truck,truck,truck
1793,dog,dog,dog,dog,dog
1794,cat,cat,cat,cat,cat
1795,frog,frog,frog,frog,frog
1796,airplane,airplane,airplane,airplane,airplane
1797,automobile,automobile,automobile,automobile,automobile
1798,deer,deer,deer,deer,deer
1799,deer,deer,deer,deer,deer
1800,deer,deer,deer,deer,deer
1801,deer,deer,deer,deer,deer
1802,bird,bird,bird,bird,bird
1803,bird,cat,cat,dog,bird
1804,dog,dog,dog,deer,automobile
1805,ship,ship,ship,ship,ship
1806,automobile,automobile,automobile,automobile,automobile
1807,dog,dog,dog,dog,dog
1808,truck,truck,truck,truck,truck
1809,ship,ship,ship,ship,ship
1810,automobile,automobile,automobile,automobile,automobile
1811,automobile,automobile,automobile,automobile,automobile
1812,dog,dog,dog,dog,horse
1813,cat,dog,dog,bird,airplane
1814,truck,truck,truck,truck,truck
1815,truck,truck,truck,truck,truck
1816,horse,horse,horse,horse,horse
1817,frog,frog,frog,frog,frog
1818,dog,dog,dog,dog,dog
1819,airplane,airplane,airplane,airplane,airplane
1820,ship,ship,ship,ship,ship
1821,deer,deer,deer,deer,deer
1822,horse,horse,horse,horse,horse
1823,airplane,truck,truck,deer,deer
1824,truck,truck,truck,truck,truck
1825,bird,bird,bird,bird,bird
1826,ship,ship,ship,ship,ship
1827,deer,deer,deer,deer,deer
1828,horse,horse,horse,horse,horse
1829,automobile,automobile,automobile,automobile,automobile
1830,cat,dog,dog,bird,bird
1831,truck,truck,truck,truck,truck
1832,frog,frog,frog,frog,frog
1833,ship,ship,ship,ship,ship
1834,truck,truck,truck,truck,truck
1835,airplane,cat,cat,airplane,airplane
1836,deer,deer,deer,deer,deer
1837,truck,truck,truck,truck,truck
1838,frog,frog,frog,frog,frog
1839,horse,horse,horse,horse,horse
1840,ship,ship,ship,ship,ship
1841,truck,truck,truck,automobile,automobile
1842,deer,deer,deer,deer,deer
1843,ship,ship,ship,ship,ship
1844,truck,truck,truck,truck,truck
1845,horse,deer,deer,horse,horse
1846,bird,bird,bird,bird,bird
1847,dog,dog,dog,dog,dog
1848,cat,cat,cat,cat,cat
1849,horse,horse,horse,horse,horse
1850,automobile,automobile,automobile,airplane,airplane
1851,airplane,airplane,airplane,airplane,airplane
1852,bird,bird,bird,bird,bird
1853,truck,truck,truck,truck,truck
1854,dog,dog,dog,dog,dog
1855,dog,dog,dog,dog,dog
1856,ship,ship,ship,ship,ship
1857,dog,dog,dog,dog,dog
1858,deer,horse,horse,horse,horse
1859,bird,bird,bird,bird,bird
1860,ship,ship,ship,ship,ship
1861,cat,cat,cat,cat,cat
1862,dog,deer,deer,deer,deer
1863,dog,dog,dog,dog,dog
1864,horse,horse,horse,horse,horse
1865,horse,horse,horse,horse,horse
1866,ship,ship,ship,ship,ship
1867,frog,frog,frog,frog,frog
1868,bird,bird,bird,horse,bird
1869,ship,ship,ship,ship,ship
1870,bird,bird,bird,bird,bird
1871,cat,cat,cat,cat,cat
1872,dog,dog,dog,dog,dog
1873,frog,frog,frog,frog,frog
1874,ship,ship,ship,ship,ship
1875,airplane,airplane,airplane,airplane,airplane
1876,bird,bird,bird,bird,bird
1877,cat,cat,cat,cat,cat
1878,horse,horse,horse,horse,horse
1879,airplane,airplane,airplane,airplane,airplane
1880,automobile,automobile,automobile,automobile,automobile
1881,truck,truck,truck,truck,truck
1882,automobile,automobile,automobile,automobile,automobile
1883,cat,cat,cat,cat,cat
1884,horse,dog,dog,dog,dog
1885,dog,cat,dog,cat,cat
1886,ship,cat,cat,bird,ship
1887,cat,cat,cat,cat,cat
1888,bird,bird,bird,bird,bird
1889,truck,truck,truck,truck,truck
1890,frog,frog,frog,frog,frog
1891,ship,ship,ship,ship,ship
1892,frog,frog,frog,frog,frog
1893,truck,truck,truck,truck,truck
1894,cat,cat,cat,cat,cat
1895,ship,airplane,airplane,airplane,airplane
1896,truck,truck,truck,truck,truck
1897,ship,ship,ship,airplane,airplane
1898,airplane,airplane,airplane,airplane,automobile
1899,horse,horse,horse,horse,horse
1900,ship,ship,ship,ship,ship
1901,dog,dog,dog,dog,dog
1902,airplane,airplane,airplane,airplane,airplane
1903,airplane,airplane,airplane,airplane,airplane
1904,automobile,automobile,automobile,automobile,automobile
1905,cat,cat,cat,cat,cat
1906,truck,truck,truck,cat,truck
1907,automobile,automobile,automobile,automobile,automobile
1908,dog,dog,dog,dog,dog
1909,cat,cat,cat,frog,deer
1910,deer,deer,deer,deer,deer
1911,deer,deer,deer,deer,deer
1912,airplane,airplane,airplane,airplane,airplane
1913,truck,truck,truck,truck,truck
1914,truck,truck,truck,truck,truck
1915,truck,truck,truck,truck,truck
1916,truck,truck,truck,truck,truck
1917,ship,ship,ship,ship,ship
1918,bird,bird,bird,bird,bird
1919,deer,deer,deer,deer,deer
1920,bird,bird,bird,bird,bird
1921,bird,bird,bird,bird,bird
1922,dog,dog,dog,dog,dog
1923,automobile,automobile,automobile,automobile,automobile
1924,truck,cat,cat,deer,truck
1925,automobile,automobile,automobile,automobile,automobile
1926,airplane,airplane,airplane,airplane,airplane
1927,truck,truck,truck,truck,truck
1928,deer,deer,deer,deer,deer
1929,bird,bird,bird,bird,bird
1930,automobile,automobile,automobile,automobile,automobile
1931,frog,frog,frog,frog,frog
1932,airplane,airplane,airplane,airplane,airplane
1933,cat,cat,cat,cat,dog
1934,horse,airplane,airplane,airplane,airplane
1935,frog,bird,bird,deer,bird
1936,cat,cat,cat,cat,cat
1937,automobile,truck,truck,truck,truck
1938,ship,ship,ship,airplane,airplane
1939,frog,airplane,airplane,dog,dog
1940,dog,dog,dog,dog,dog
1941,horse,horse,horse,bird,horse
1942,bird,bird,bird,bird,bird
1943,ship,ship,ship,ship,ship
1944,deer,deer,deer,horse,deer
1945,deer,deer,deer,deer,deer
1946,ship,ship,ship,ship,ship
1947,cat,cat,cat,cat,cat
1948,dog,dog,dog,dog,dog
1949,airplane,airplane,airplane,airplane,airplane
1950,dog,dog,dog,dog,dog
1951,horse,horse,horse,horse,horse
1952,deer,deer,deer,deer,deer
1953,deer,deer,deer,deer,deer
1954,bird,bird,bird,airplane,bird
1955,bird,bird,bird,bird,bird
1956,horse,horse,horse,horse,horse
1957,cat,cat,cat,truck,truck
1958,frog,frog,frog,cat,frog
1959,airplane,airplane,airplane,airplane,airplane
1960,bird,bird,bird,bird,bird
1961,horse,horse,horse,horse,horse
1962,frog,frog,frog,frog,frog
1963,bird,bird,bird,bird,bird
1964,cat,cat,cat,cat,cat
1965,airplane,airplane,airplane,airplane,airplane
1966,horse,horse,horse,horse,horse
1967,horse,horse,horse,horse,horse
1968,ship,ship,ship,ship,ship
1969,automobile,truck,truck,truck,truck
1970,automobile,automobile,automobile,automobile,automobile
1971,deer,deer,deer,deer,deer
1972,frog,frog,frog,frog,frog
1973,airplane,airplane,airplane,airplane,airplane
1974,frog,frog,frog,frog,frog
1975,frog,frog,frog,cat,frog
1976,dog,dog,dog,dog,dog
1977,dog,dog,dog,dog,dog
1978,frog,frog,frog,frog,frog
1979,cat,cat,cat,cat,cat
1980,truck,truck,truck,truck,truck
1981,cat,cat,cat,dog,cat
1982,frog,frog,frog,frog,frog
1983,ship,cat,cat,bird,cat
1984,horse,horse,horse,horse,horse
1985,frog,frog,frog,frog,frog
1986,deer,deer,deer,deer,dog
1987,truck,truck,truck,truck,truck
1988,dog,dog,dog,dog,dog
1989,frog,frog,frog,frog,frog
1990,deer,deer,deer,deer,deer
1991,automobile,automobile,automobile,automobile,automobile
1992,frog,frog,frog,frog,frog
1993,cat,cat,cat,bird,bird
1994,ship,ship,ship,ship,ship
1995,bird,bird,bird,bird,bird
1996,cat,cat,cat,cat,dog
1997,truck,truck,truck,truck,truck
1998,ship,ship,ship,airplane,bird
1999,dog,dog,dog,dog,dog
2000,automobile,automobile,automobile,automobile,automobile
2001,dog,dog,dog,dog,dog
2002,deer,deer,deer,deer,deer
2003,dog,dog,dog,dog,dog
2004,horse,horse,horse,horse,horse
2005,dog,dog,dog,dog,dog
2006,horse,horse,horse,horse,horse
2007,ship,ship,ship,ship,ship
2008,truck,truck,truck,truck,truck
2009,automobile,automobile,automobile,automobile,automobile
2010,horse,cat,cat,horse,bird
2011,bird,bird,bird,bird,bird
2012,dog,dog,dog,dog,dog
2013,frog,frog,frog,frog,frog
2014,ship,ship,ship,ship,ship
2015,deer,deer,deer,deer,deer
2016,frog,frog,frog,frog,frog
2017,dog,dog,dog,dog,dog
2018,cat,cat,cat,bird,bird
2019,truck,truck,truck,truck,truck
2020,truck,truck,truck,truck,truck
2021,ship,ship,ship,ship,ship
2022,dog,dog,dog,dog,dog
2023,dog,dog,dog,cat,dog
2024,frog,frog,frog,frog,frog
2025,deer,deer,deer,deer,deer
2026,dog,dog,dog,dog,dog
2027,truck,truck,truck,truck,truck
2028,horse,horse,horse,horse,horse
2029,cat,cat,cat,dog,dog
2030,deer,deer,deer,deer,deer
2031,automobile,automobile,automobile,automobile,automobile
2032,deer,bird,bird,deer,deer
2033,bird,bird,bird,deer,deer
2034,cat,deer,deer,deer,deer
2035,frog,frog,frog,frog,frog
2036,dog,dog,dog,cat,cat
2037,dog,dog,dog,dog,dog
2038,bird,bird,bird,bird,bird
2039,ship,ship,ship,ship,ship
2040,airplane,airplane,airplane,airplane,airplane
2041,airplane,airplane,airplane,airplane,airplane
2042,automobile,automobile,automobile,automobile,automobile
2043,ship,ship,ship,ship,ship
2044,cat,cat,cat,dog,cat
2045,automobile,automobile,automobile,automobile,automobile
2046,cat,cat,cat,cat,dog
2047,dog,dog,dog,dog,dog
2048,ship,ship,ship,ship,ship
2049,cat,cat,cat,cat,cat
2050,ship,ship,ship,ship,ship
2051,dog,dog,dog,dog,dog
2052,ship,ship,ship,ship,ship
2053,frog,frog,frog,frog,frog
2054,cat,cat,cat,cat,cat
2055,dog,dog,dog,dog,dog
2056,dog,dog,dog,dog,dog
2057,dog,dog,dog,dog,dog
2058,airplane,airplane,airplane,ship,airplane
2059,truck,ship,ship,ship,ship
2060,dog,dog,dog,dog,dog
2061,dog,dog,dog,deer,deer
2062,horse,horse,horse,horse,horse
2063,automobile,automobile,automobile,automobile,automobile
2064,ship,ship,ship,ship,ship
2065,bird,bird,bird,deer,bird
2066,bird,bird,bird,horse,horse
2067,horse,horse,horse,truck,deer
2068,cat,cat,cat,cat,cat
2069,deer,deer,deer,deer,deer
2070,bird,bird,bird,bird,bird
2071,truck,truck,truck,truck,truck
2072,frog,frog,frog,frog,frog
2073,bird,bird,bird,bird,bird
2074,bird,bird,bird,bird,bird
2075,deer,deer,deer,deer,deer
2076,cat,cat,cat,cat,cat
2077,airplane,airplane,airplane,airplane,airplane
2078,bird,frog,frog,dog,frog
2079,airplane,airplane,airplane,airplane,airplane
2080,automobile,automobile,automobile,automobile,automobile
2081,cat,cat,cat,frog,cat
2082,bird,bird,bird,bird,bird
2083,bird,bird,bird,bird,bird
2084,horse,horse,horse,horse,horse
2085,airplane,airplane,airplane,bird,airplane
2086,automobile,automobile,automobile,automobile,automobile
2087,airplane,deer,airplane,deer,deer
2088,horse,horse,horse,horse,horse
2089,horse,horse,horse,horse,horse
2090,bird,bird,bird,bird,bird
2091,airplane,airplane,airplane,cat,bird
2092,automobile,automobile,automobile,automobile,automobile
2093,frog,frog,frog,frog,frog
2094,dog,dog,dog,dog,dog
2095,airplane,airplane,airplane,airplane,airplane
2096,bird,bird,bird,truck,truck
2097,bird,bird,bird,bird,bird
2098,airplane,airplane,airplane,airplane,airplane
2099,automobile,automobile,automobile,automobile,automobile
2100,bird,bird,bird,bird,bird
2101,frog,frog,frog,frog,frog
2102,airplane,airplane,airplane,airplane,airplane
2103,automobile,automobile,automobile,automobile,truck
2104,frog,frog,frog,frog,frog
2105,frog,frog,frog,frog,frog
2106,dog,dog,dog,dog,dog
2107,cat,cat,cat,cat,cat
2108,deer,deer,deer,deer,dog
2109,airplane,airplane,airplane,airplane,airplane
2110,airplane,airplane,airplane,airplane,airplane
2111,truck,truck,truck,automobile,truck
2112,automobile,automobile,automobile,automobile,automobile
2113,airplane,airplane,airplane,airplane,airplane
2114,bird,bird,bird,bird,bird
2115,dog,dog,dog,dog,dog
2116,truck,truck,truck,truck,truck
2117,horse,horse,horse,horse,horse
2118,ship,ship,ship,ship,ship
2119,frog,frog,frog,frog,frog
2120,deer,deer,deer,ship,deer
2121,frog,frog,frog,frog,frog
2122,airplane,airplane,airplane,airplane,airplane
2123,bird,bird,bird,bird,bird
2124,airplane,airplane,airplane,airplane,airplane
2125,automobile,automobile,automobile,automobile,automobile
2126,truck,truck,truck,automobile,truck
2127,bird,bird,bird,bird,bird
2128,deer,frog,frog,frog,frog
2129,truck,truck,truck,truck,truck
2130,airplane,airplane,airplane,bird,airplane
2131,horse,horse,horse,horse,horse
2132,bird,bird,bird,bird,bird
2133,cat,cat,cat,cat,cat
2134,deer,deer,deer,deer,deer
2135,ship,ship,ship,ship,ship
2136,airplane,airplane,airplane,truck,airplane
2137,bird,bird,bird,bird,bird
2138,frog,frog,frog,frog,frog
2139,ship,ship,ship,ship,ship
2140,truck,truck,truck,truck,truck
2141,horse,horse,horse,dog,dog
2142,automobile,automobile,automobile,automobile,automobile
2143,truck,truck,truck,truck,truck
2144,cat,cat,cat,cat,cat
2145,horse,horse,horse,deer,deer
2146,bird,bird,bird,bird,bird
2147,horse,horse,horse,horse,horse
2148,truck,truck,truck,truck,truck
2149,frog,frog,frog,frog,frog
2150,truck,truck,truck,truck,truck
2151,dog,dog,dog,dog,dog
2152,horse,horse,horse,horse,horse
2153,ship,ship,ship,ship,ship
2154,dog,dog,dog,dog,dog
2155,truck,truck,truck,truck,airplane
2156,ship,ship,ship,ship,ship
2157,cat,cat,cat,cat,cat
2158,truck,truck,truck,truck,truck
2159,ship,ship,ship,truck,ship
2160,airplane,airplane,airplane,airplane,airplane
2161,dog,dog,dog,cat,cat
2162,dog,dog,dog,dog,dog
2163,horse,horse,horse,horse,horse
2164,automobile,automobile,automobile,automobile,automobile
2165,bird,horse,horse,horse,airplane
2166,airplane,airplane,airplane,airplane,airplane
2167,horse,horse,horse,dog,dog
2168,dog,dog,dog,dog,dog
2169,ship,ship,ship,ship,ship
2170,bird,bird,bird,bird,bird
2171,bird,bird,bird,bird,bird
2172,dog,dog,dog,bird,bird
2173,cat,cat,cat,cat,cat
2174,truck,ship,airplane,truck,truck
2175,cat,cat,cat,dog,dog
2176,automobile,automobile,automobile,automobile,automobile
2177,truck,truck,truck,truck,truck
2178,cat,cat,cat,cat,cat
2179,automobile,automobile,automobile,automobile,automobile
2180,deer,deer,deer,deer,deer
2181,cat,cat,cat,airplane,cat
2182,deer,deer,deer,deer,deer
2183,deer,deer,deer,deer,deer
2184,truck,truck,truck,truck,truck
2185,airplane,airplane,airplane,airplane,airplane
2186,truck,truck,truck,truck,truck
2187,dog,dog,dog,dog,dog
2188,truck,truck,truck,truck,truck
2189,bird,bird,bird,bird,bird
2190,truck,truck,truck,truck,truck
2191,deer,deer,deer,deer,deer
2192,airplane,airplane,airplane,frog,frog
2193,bird,bird,bird,airplane,airplane
2194,ship,ship,ship,ship,ship
2195,deer,deer,deer,deer,deer
2196,ship,ship,ship,ship,ship
2197,frog,frog,frog,frog,frog
2198,ship,ship,ship,ship,ship
2199,bird,bird,bird,bird,bird
2200,airplane,airplane,airplane,bird,bird
2201,dog,dog,dog,dog,dog
2202,truck,truck,truck,truck,truck
2203,frog,frog,frog,frog,frog
2204,truck,truck,truck,truck,truck
2205,dog,cat,cat,dog,cat
2206,automobile,automobile,automobile,automobile,automobile
2207,cat,cat,cat,cat,cat
2208,deer,deer,deer,deer,deer
2209,deer,deer,deer,deer,deer
2210,bird,bird,bird,bird,bird
2211,horse,horse,horse,horse,horse
2212,bird,bird,bird,bird,bird
2213,deer,deer,deer,frog,deer
2214,deer,dog,dog,frog,deer
2215,airplane,airplane,airplane,airplane,airplane
2216,bird,dog,dog,dog,dog
2217,ship,ship,ship,ship,ship
2218,deer,deer,deer,deer,deer
2219,dog,dog,dog,dog,dog
2220,automobile,automobile,automobile,automobile,automobile
2221,bird,bird,bird,bird,bird
2222,frog,frog,frog,frog,frog
2223,ship,ship,ship,ship,ship
2224,automobile,automobile,automobile,automobile,automobile
2225,horse,horse,horse,horse,horse
2226,bird,frog,frog,frog,frog
2227,ship,ship,ship,ship,ship
2228,horse,horse,horse,horse,horse
2229,deer,deer,deer,deer,deer
2230,cat,cat,cat,cat,cat
2231,cat,cat,cat,dog,cat
2232,airplane,cat,cat,horse,horse
2233,cat,cat,cat,cat,dog
2234,horse,horse,horse,horse,horse
2235,bird,bird,bird,bird,bird
2236,dog,dog,dog,dog,dog
2237,frog,frog,frog,frog,frog
2238,automobile,automobile,automobile,automobile,automobile
2239,horse,horse,horse,horse,horse
2240,truck,truck,truck,truck,truck
2241,airplane,airplane,airplane,airplane,airplane
2242,bird,deer,deer,cat,cat
2243,cat,cat,cat,cat,cat
2244,truck,truck,truck,truck,truck
2245,ship,ship,ship,ship,ship
2246,truck,truck,truck,truck,truck
2247,dog,dog,dog,dog,dog
2248,airplane,ship,ship,airplane,ship
2249,airplane,airplane,airplane,airplane,airplane
2250,horse,horse,horse,horse,horse
2251,frog,frog,frog,cat,bird
2252,cat,cat,cat,cat,cat
2253,cat,dog,dog,cat,cat
2254,ship,ship,ship,ship,ship
2255,automobile,automobile,automobile,automobile,ship
2256,deer,deer,deer,deer,deer
2257,airplane,airplane,airplane,airplane,airplane
2258,automobile,automobile,automobile,automobile,automobile
2259,dog,dog,dog,dog,dog
2260,deer,deer,deer,deer,deer
2261,cat,cat,cat,cat,cat
2262,bird,deer,bird,ship,bird
2263,frog,frog,frog,frog,frog
2264,airplane,airplane,airplane,automobile,bird
2265,ship,ship,ship,ship,ship
2266,ship,ship,ship,ship,ship
2267,frog,frog,frog,frog,frog
2268,cat,cat,cat,cat,cat
2269,cat,cat,cat,cat,cat
2270,bird,cat,cat,deer,cat
2271,truck,ship,ship,ship,truck
2272,horse,horse,horse,horse,horse
2273,dog,dog,dog,dog,dog
2274,automobile,automobile,automobile,automobile,automobile
2275,frog,frog,frog,frog,frog
2276,airplane,airplane,airplane,airplane,airplane
2277,dog,dog,dog,dog,dog
2278,truck,truck,truck,truck,truck
2279,truck,truck,truck,truck,truck
2280,deer,deer,deer,deer,deer
2281,dog,dog,dog,dog,dog
2282,truck,truck,truck,truck,truck
2283,deer,frog,frog,dog,deer
2284,ship,ship,ship,ship,ship
2285,cat,cat,cat,cat,cat
2286,cat,cat,cat,cat,cat
2287,bird,bird,bird,bird,bird
2288,dog,dog,dog,dog,dog
2289,automobile,automobile,automobile,automobile,automobile
2290,truck,truck,truck,truck,truck
2291,dog,dog,dog,dog,dog
2292,dog,dog,dog,dog,dog
2293,ship,automobile,automobile,automobile,automobile
2294,automobile,automobile,automobile,automobile,automobile
2295,ship,ship,ship,ship,ship
2296,truck,truck,truck,truck,truck
2297,horse,horse,horse,horse,horse
2298,airplane,airplane,airplane,airplane,airplane
2299,frog,cat,cat,cat,cat
2300,cat,cat,cat,cat,cat
2301,bird,bird,bird,bird,bird
2302,airplane,airplane,airplane,airplane,airplane
2303,bird,bird,bird,bird,bird
2304,frog,frog,frog,frog,frog
2305,truck,truck,truck,bird,truck
2306,cat,cat,cat,cat,cat
2307,truck,truck,truck,truck,truck
2308,automobile,automobile,automobile,automobile,automobile
2309,frog,frog,frog,cat,frog
2310,frog,frog,frog,horse,frog
2311,horse,horse,horse,horse,horse
2312,bird,bird,bird,bird,bird
2313,frog,frog,frog,frog,frog
2314,cat,cat,cat,cat,cat
2315,bird,bird,bird,bird,bird
2316,dog,dog,dog,dog,dog
2317,dog,dog,dog,dog,dog
2318,bird,bird,bird,bird,bird
2319,horse,horse,horse,horse,horse
2320,dog,dog,dog,cat,dog
2321,bird,bird,bird,cat,deer
2322,airplane,airplane,airplane,airplane,airplane
2323,ship,ship,ship,ship,ship
2324,airplane,airplane,airplane,airplane,airplane
2325,horse,horse,horse,dog,ship
2326,horse,horse,horse,horse,horse
2327,automobile,automobile,automobile,automobile,automobile
2328,horse,horse,horse,horse,horse
2329,deer,deer,deer,deer,deer
2330,airplane,airplane,airplane,airplane,airplane
2331,bird,bird,bird,deer,deer
2332,bird,bird,bird,bird,bird
2333,frog,frog,frog,frog,frog
2334,automobile,automobile,automobile,automobile,automobile
2335,dog,dog,dog,dog,dog
2336,truck,truck,truck,truck,truck
2337,horse,horse,horse,horse,horse
2338,frog,frog,frog,frog,frog
2339,bird,bird,bird,bird,deer
2340,horse,horse,horse,horse,horse
2341,airplane,airplane,airplane,airplane,airplane
2342,dog,dog,dog,dog,dog
2343,frog,frog,frog,frog,frog
2344,airplane,airplane,airplane,airplane,airplane
2345,automobile,automobile,automobile,automobile,automobile
2346,automobile,automobile,automobile,automobile,automobile
2347,ship,ship,ship,ship,ship
2348,deer,deer,deer,deer,deer
2349,dog,dog,dog,dog,dog
2350,cat,dog,dog,airplane,airplane
2351,automobile,automobile,automobile,automobile,automobile
2352,bird,bird,bird,bird,bird
2353,deer,deer,deer,deer,deer
2354,ship,ship,ship,ship,ship
2355,truck,truck,truck,truck,truck
2356,ship,ship,ship,ship,ship
2357,automobile,automobile,automobile,automobile,automobile
2358,horse,horse,horse,cat,horse
2359,bird,bird,bird,dog,bird
2360,horse,horse,horse,horse,horse
2361,bird,bird,airplane,bird,airplane
2362,cat,bird,bird,frog,deer
2363,bird,bird,bird,frog,frog
2364,frog,frog,frog,frog,frog
2365,horse,horse,horse,horse,horse
2366,truck,truck,truck,truck,truck
2367,deer,deer,deer,deer,deer
2368,airplane,airplane,airplane,airplane,airplane
2369,automobile,automobile,automobile,automobile,automobile
2370,airplane,airplane,airplane,airplane,airplane
2371,deer,deer,deer,deer,deer
2372,dog,dog,dog,dog,dog
2373,airplane,airplane,airplane,airplane,airplane
2374,ship,ship,ship,ship,ship
2375,airplane,airplane,airplane,airplane,airplane
2376,horse,horse,horse,horse,horse
2377,frog,frog,frog,frog,frog
2378,automobile,automobile,automobile,automobile,automobile
2379,airplane,airplane,airplane,ship,ship
2380,ship,ship,ship,ship,ship
2381,dog,dog,dog,dog,dog
2382,truck,truck,truck,truck,truck
2383,bird,bird,bird,deer,deer
2384,dog,dog,dog,dog,dog
2385,deer,deer,deer,deer,deer
2386,deer,deer,deer,dog,dog
2387,truck,truck,truck,truck,truck
2388,airplane,airplane,airplane,airplane,airplane
2389,frog,frog,frog,frog,frog
2390,automobile,automobile,automobile,automobile,automobile
2391,bird,bird,bird,bird,bird
2392,dog,dog,dog,dog,dog
2393,automobile,automobile,automobile,automobile,automobile
2394,frog,frog,frog,frog,cat
2395,horse,horse,horse,horse,horse
2396,automobile,automobile,automobile,automobile,automobile
2397,dog,dog,dog,bird,bird
2398,ship,ship,ship,ship,ship
2399,ship,ship,ship,ship,ship
2400,airplane,airplane,airplane,airplane,airplane
2401,cat,cat,cat,cat,cat
2402,truck,truck,truck,truck,truck
2403,deer,deer,deer,deer,deer
2404,airplane,airplane,airplane,airplane,airplane
2405,cat,frog,frog,frog,frog
2406,deer,deer,deer,deer,deer
2407,truck,truck,truck,truck,truck
2408,bird,bird,bird,bird,bird
2409,deer,deer,deer,deer,deer
2410,cat,cat,cat,cat,cat
2411,airplane,airplane,airplane,airplane,airplane
2412,frog,frog,frog,frog,frog
2413,deer,deer,deer,frog,frog
2414,dog,dog,dog,dog,dog
2415,frog,frog,frog,frog,dog
2416,frog,frog,frog,frog,frog
2417,horse,horse,horse,horse,horse
2418,ship,ship,ship,ship,ship
2419,deer,deer,deer,deer,deer
2420,ship,ship,ship,ship,ship
2421,ship,ship,ship,ship,ship
2422,cat,cat,cat,deer,deer
2423,bird,bird,bird,bird,bird
2424,ship,ship,ship,ship,ship
2425,airplane,airplane,airplane,airplane,airplane
2426,bird,bird,bird,bird,bird
2427,dog,dog,dog,dog,dog
2428,frog,frog,frog,frog,frog
2429,ship,ship,ship,ship,ship
2430,horse,horse,horse,horse,horse
2431,ship,ship,ship,ship,ship
2432,truck,truck,truck,truck,truck
2433,truck,truck,truck,truck,truck
2434,airplane,airplane,airplane,airplane,airplane
2435,frog,frog,frog,frog,deer
2436,frog,frog,frog,frog,frog
2437,ship,ship,ship,ship,ship
2438,automobile,automobile,automobile,automobile,automobile
2439,automobile,automobile,automobile,automobile,automobile
2440,horse,horse,horse,airplane,horse
2441,deer,frog,frog,deer,deer
2442,deer,deer,deer,cat,deer
2443,bird,bird,bird,bird,bird
2444,cat,cat,cat,frog,frog
2445,frog,frog,frog,frog,frog
2446,truck,truck,truck,truck,truck
2447,frog,frog,frog,frog,frog
2448,bird,bird,bird,bird,bird
2449,deer,deer,deer,dog,dog
2450,automobile,automobile,automobile,automobile,automobile
2451,ship,ship,ship,ship,ship
2452,bird,bird,bird,bird,bird
2453,cat,cat,cat,deer,deer
2454,automobile,automobile,automobile,automobile,automobile
2455,frog,frog,frog,cat,frog
2456,ship,ship,ship,ship,ship
2457,frog,frog,frog,frog,frog
2458,ship,ship,ship,ship,ship
2459,dog,dog,dog,dog,dog
2460,truck,truck,truck,truck,truck
2461,airplane,airplane,airplane,airplane,airplane
2462,automobile,automobile,automobile,automobile,automobile
2463,airplane,airplane,airplane,airplane,airplane
2464,bird,bird,bird,frog,bird
2465,truck,truck,truck,truck,truck
2466,bird,bird,bird,bird,bird
2467,truck,truck,truck,truck,truck
2468,airplane,airplane,airplane,airplane,airplane
2469,truck,truck,truck,truck,truck
2470,horse,horse,horse,horse,horse
2471,ship,ship,ship,ship,ship
2472,dog,dog,dog,dog,dog
2473,airplane,ship,ship,ship,ship
2474,frog,frog,frog,frog,frog
2475,frog,frog,frog,frog,frog
2476,ship,ship,ship,ship,ship
2477,automobile,automobile,automobile,automobile,automobile
2478,frog,frog,frog,frog,frog
2479,dog,dog,dog,dog,dog
2480,ship,ship,ship,ship,ship
2481,horse,horse,horse,horse,deer
2482,truck,truck,truck,truck,truck
2483,bird,bird,bird,bird,bird
2484,automobile,automobile,automobile,automobile,automobile
2485,frog,frog,frog,frog,frog
2486,horse,horse,horse,deer,deer
2487,dog,dog,dog,dog,dog
2488,frog,frog,frog,frog,frog
2489,cat,cat,cat,cat,cat
2490,airplane,airplane,airplane,airplane,airplane
2491,truck,truck,truck,truck,truck
2492,ship,ship,ship,ship,ship
2493,truck,truck,truck,truck,truck
2494,dog,dog,dog,bird,horse
2495,truck,ship,ship,ship,ship
2496,truck,cat,cat,truck,truck
2497,truck,truck,truck,ship,ship
2498,cat,cat,cat,cat,cat
2499,frog,frog,frog,bird,bird
2500,deer,deer,deer,deer,frog
2501,deer,deer,deer,deer,deer
2502,ship,ship,ship,ship,ship
2503,ship,ship,ship,ship,ship
2504,automobile,automobile,automobile,automobile,automobile
2505,horse,horse,horse,horse,horse
2506,cat,cat,cat,airplane,cat
2507,airplane,airplane,airplane,airplane,airplane
2508,frog,frog,frog,deer,frog
2509,bird,bird,bird,ship,automobile
2510,deer,deer,deer,deer,deer
2511,ship,truck,truck,automobile,automobile
2512,bird,bird,bird,bird,bird
2513,bird,bird,bird,bird,bird
2514,truck,truck,truck,truck,truck
2515,bird,bird,bird,deer,deer
2516,bird,bird,bird,bird,bird
2517,truck,truck,truck,truck,truck
2518,horse,horse,horse,horse,horse
2519,deer,deer,deer,deer,deer
2520,automobile,automobile,automobile,automobile,automobile
2521,truck,truck,truck,truck,truck
2522,automobile,automobile,automobile,automobile,automobile
2523,deer,deer,deer,deer,deer
2524,cat,cat,cat,cat,dog
2525,dog,airplane,airplane,bird,bird
2526,cat,cat,cat,deer,cat
2527,ship,ship,ship,ship,ship
2528,truck,truck,truck,truck,truck
2529,cat,cat,cat,cat,cat
2530,frog,bird,bird,frog,bird
2531,bird,bird,bird,bird,bird
2532,airplane,automobile,automobile,automobile,automobile
2533,ship,truck,truck,dog,dog
2534,truck,truck,truck,truck,truck
2535,airplane,airplane,airplane,airplane,airplane
2536,dog,dog,dog,dog,dog
2537,automobile,automobile,automobile,automobile,automobile
2538,dog,dog,dog,frog,dog
2539,ship,ship,ship,ship,ship
2540,bird,bird,bird,bird,bird
2541,automobile,automobile,automobile,automobile,automobile
2542,bird,airplane,airplane,airplane,airplane
2543,cat,cat,cat,cat,cat
2544,bird,bird,bird,bird,bird
2545,deer,deer,deer,deer,deer
2546,ship,ship,ship,ship,ship
2547,deer,deer,deer,deer,deer
2548,airplane,airplane,airplane,frog,airplane
2549,frog,frog,frog,frog,frog
2550,deer,deer,deer,frog,deer
2551,bird,bird,bird,deer,bird
2552,truck,truck,truck,truck,truck
2553,ship,ship,ship,ship,ship
2554,deer,deer,deer,deer,deer
2555,horse,horse,horse,horse,horse
2556,frog,frog,frog,frog,frog
2557,bird,bird,bird,bird,bird
2558,deer,deer,deer,deer,deer
2559,horse,horse,horse,horse,dog
2560,horse,horse,horse,horse,horse
2561,frog,frog,frog,frog,frog
2562,deer,deer,deer,deer,deer
2563,bird,bird,bird,bird,bird
2564,bird,bird,bird,bird,bird
2565,cat,cat,cat,cat,cat
2566,bird,bird,bird,bird,bird
2567,deer,deer,deer,deer,cat
2568,truck,truck,truck,truck,truck
2569,airplane,airplane,airplane,airplane,airplane
2570,airplane,airplane,airplane,airplane,cat
2571,truck,truck,truck,automobile,truck
2572,frog,frog,frog,frog,frog
2573,dog,dog,dog,dog,dog
2574,ship,ship,ship,ship,ship
2575,dog,dog,dog,dog,dog
2576,bird,bird,bird,bird,bird
2577,deer,deer,deer,deer,deer
2578,ship,ship,ship,ship,ship
2579,ship,ship,ship,ship,ship
2580,frog,frog,frog,frog,frog
2581,deer,deer,deer,airplane,airplane
2582,dog,dog,dog,dog,dog
2583,horse,horse,horse,horse,horse
2584,frog,frog,frog,frog,frog
2585,cat,cat,cat,cat,cat
2586,horse,horse,horse,horse,deer
2587,airplane,airplane,airplane,airplane,airplane
2588,deer,deer,deer,deer,deer
2589,airplane,airplane,airplane,airplane,airplane
2590,dog,cat,cat,cat,truck
2591,ship,ship,ship,ship,ship
2592,bird,deer,deer,deer,deer
2593,ship,ship,ship,ship,ship
2594,airplane,airplane,airplane,airplane,airplane
2595,deer,deer,deer,deer,deer
2596,truck,truck,truck,truck,truck
2597,bird,bird,bird,cat,cat
2598,cat,cat,cat,cat,cat
2599,frog,cat,frog,cat,cat
2600,ship,ship,ship,ship,ship
2601,automobile,automobile,automobile,automobile,automobile
2602,frog,frog,frog,frog,frog
2603,airplane,airplane,airplane,airplane,airplane
2604,ship,ship,ship,ship,ship
2605,deer,deer,deer,deer,deer
2606,cat,cat,cat,dog,cat
2607,automobile,automobile,automobile,automobile,automobile
2608,deer,deer,deer,deer,deer
2609,dog,dog,dog,dog,dog
2610,bird,bird,bird,bird,bird
2611,deer,deer,deer,cat,deer
2612,cat,cat,cat,cat,cat
2613,frog,frog,frog,frog,frog
2614,airplane,airplane,airplane,airplane,airplane
2615,horse,horse,horse,horse,horse
2616,automobile,automobile,automobile,automobile,automobile
2617,cat,cat,cat,cat,cat
2618,dog,dog,dog,dog,dog
2619,horse,horse,horse,horse,horse
2620,automobile,automobile,automobile,automobile,automobile
2621,ship,ship,ship,ship,ship
2622,airplane,airplane,airplane,airplane,airplane
2623,deer,deer,deer,deer,deer
2624,ship,ship,ship,ship,ship
2625,bird,bird,bird,bird,bird
2626,horse,horse,horse,horse,horse
2627,horse,horse,horse,horse,horse
2628,airplane,airplane,airplane,airplane,airplane
2629,bird,frog,frog,frog,frog
2630,bird,bird,bird,bird,bird
2631,deer,deer,deer,deer,deer
2632,cat,cat,cat,dog,cat
2633,cat,cat,cat,cat,cat
2634,automobile,truck,truck,automobile,truck
2635,frog,frog,frog,deer,frog
2636,automobile,automobile,automobile,automobile,automobile
2637,frog,frog,frog,frog,frog
2638,deer,deer,deer,deer,deer
2639,frog,frog,frog,frog,frog
2640,horse,horse,horse,horse,deer
2641,deer,deer,deer,deer,deer
2642,horse,horse,horse,bird,frog
2643,cat,cat,cat,cat,cat
2644,ship,ship,ship,ship,ship
2645,automobile,automobile,automobile,automobile,automobile
2646,cat,cat,cat,cat,cat
2647,automobile,automobile,automobile,automobile,automobile
2648,deer,deer,deer,deer,deer
2649,frog,frog,frog,frog,frog
2650,dog,dog,dog,airplane,airplane
2651,dog,dog,dog,bird,dog
2652,horse,horse,horse,horse,horse
2653,deer,deer,deer,deer,deer
2654,dog,dog,dog,dog,dog
2655,deer,deer,deer,deer,deer
2656,truck,truck,truck,truck,truck
2657,horse,horse,horse,horse,horse
2658,horse,horse,horse,horse,horse
2659,bird,bird,bird,bird,bird
2660,cat,cat,cat,cat,cat
2661,cat,cat,cat,cat,cat
2662,frog,frog,frog,frog,frog
2663,horse,horse,horse,horse,horse
2664,deer,deer,deer,deer,deer
2665,automobile,automobile,automobile,automobile,automobile
2666,frog,frog,frog,frog,frog
2667,automobile,automobile,automobile,automobile,automobile
2668,airplane,airplane,airplane,airplane,airplane
2669,frog,frog,frog,frog,frog
2670,truck,truck,truck,truck,truck
2671,frog,frog,frog,frog,frog
2672,airplane,airplane,airplane,airplane,airplane
2673,bird,bird,bird,bird,bird
2674,airplane,airplane,airplane,airplane,airplane
2675,bird,bird,bird,bird,frog
2676,deer,deer,deer,deer,deer
2677,horse,horse,horse,horse,horse
2678,airplane,airplane,airplane,airplane,airplane
2679,airplane,airplane,airplane,airplane,airplane
2680,airplane,airplane,airplane,airplane,airplane
2681,airplane,airplane,airplane,airplane,airplane
2682,horse,horse,horse,horse,horse
2683,dog,dog,dog,dog,dog
2684,cat,cat,cat,cat,cat
2685,bird,bird,bird,bird,bird
2686,horse,horse,horse,horse,horse
2687,ship,ship,ship,ship,ship
2688,dog,dog,dog,cat,dog
2689,dog,dog,dog,dog,dog
2690,bird,frog,frog,bird,bird
2691,bird,bird,bird,bird,bird
2692,ship,ship,ship,ship,ship
2693,truck,truck,truck,truck,truck
2694,automobile,automobile,automobile,automobile,automobile
2695,bird,bird,bird,bird,deer
2696,bird,bird,bird,bird,bird
2697,airplane,airplane,airplane,airplane,airplane
2698,cat,cat,cat,cat,cat
2699,deer,deer,deer,deer,deer
2700,truck,truck,truck,truck,truck
2701,automobile,automobile,automobile,automobile,automobile
2702,frog,frog,frog,frog,deer
2703,truck,truck,truck,airplane,airplane
2704,airplane,airplane,airplane,ship,airplane
2705,ship,airplane,airplane,airplane,airplane
2706,cat,cat,cat,cat,cat
2707,frog,frog,frog,frog,frog
2708,deer,deer,deer,deer,bird
2709,frog,frog,frog,frog,frog
2710,horse,horse,horse,horse,horse
2711,dog,dog,dog,dog,dog
2712,automobile,automobile,automobile,automobile,automobile
2713,ship,ship,ship,ship,ship
2714,truck,truck,truck,truck,truck
2715,airplane,airplane,airplane,airplane,airplane
2716,dog,dog,dog,dog,dog
2717,airplane,airplane,airplane,airplane,airplane
2718,dog,dog,dog,dog,dog
2719,deer,deer,deer,dog,dog
2720,cat,cat,cat,cat,cat
2721,ship,ship,ship,ship,ship
2722,dog,dog,dog,dog,dog
2723,bird,bird,bird,bird,bird
2724,airplane,airplane,airplane,airplane,airplane
2725,ship,ship,ship,ship,ship
2726,dog,dog,dog,dog,dog
2727,truck,truck,truck,truck,truck
2728,bird,bird,bird,bird,bird
2729,dog,cat,cat,cat,cat
2730,frog,frog,frog,frog,frog
2731,dog,dog,dog,dog,dog
2732,horse,horse,horse,horse,horse
2733,cat,cat,cat,cat,cat
2734,horse,horse,horse,horse,horse
2735,bird,bird,bird,bird,bird
2736,ship,ship,ship,ship,ship
2737,ship,ship,ship,ship,ship
2738,deer,deer,deer,deer,deer
2739,bird,bird,bird,bird,bird
2740,automobile,automobile,automobile,automobile,automobile
2741,frog,frog,frog,frog,frog
2742,bird,bird,bird,bird,bird
2743,truck,truck,truck,truck,truck
2744,truck,truck,truck,truck,truck
2745,ship,ship,ship,ship,ship
2746,bird,bird,bird,bird,bird
2747,cat,cat,cat,cat,cat
2748,automobile,automobile,automobile,automobile,automobile
2749,airplane,airplane,airplane,airplane,airplane
2750,dog,dog,dog,dog,dog
2751,bird,bird,bird,bird,bird
2752,cat,cat,cat,cat,cat
2753,horse,horse,horse,horse,horse
2754,truck,truck,truck,cat,automobile
2755,dog,dog,dog,horse,horse
2756,truck,truck,truck,truck,truck
2757,automobile,automobile,automobile,automobile,automobile
2758,automobile,automobile,automobile,automobile,automobile
2759,cat,cat,cat,cat,cat
2760,bird,bird,bird,bird,bird
2761,horse,horse,horse,horse,horse
2762,deer,deer,deer,deer,deer
2763,deer,deer,deer,deer,deer
2764,automobile,automobile,automobile,automobile,automobile
2765,truck,truck,truck,truck,truck
2766,deer,deer,deer,deer,deer
2767,dog,dog,dog,cat,cat
2768,dog,dog,dog,dog,dog
2769,bird,bird,bird,frog,bird
2770,horse,horse,horse,bird,dog
2771,horse,horse,horse,horse,horse
2772,frog,frog,frog,frog,frog
2773,automobile,automobile,automobile,automobile,automobile
2774,bird,bird,bird,bird,bird
2775,cat,cat,cat,cat,cat
2776,horse,horse,horse,horse,horse
2777,dog,dog,dog,cat,cat
2778,deer,deer,deer,deer,deer
2779,cat,dog,dog,cat,bird
2780,horse,horse,horse,horse,horse
2781,horse,horse,horse,horse,horse
2782,airplane,airplane,airplane,airplane,airplane
2783,airplane,airplane,airplane,airplane,airplane
2784,automobile,automobile,automobile,automobile,automobile
2785,deer,horse,horse,deer,deer
2786,deer,deer,deer,deer,deer
2787,cat,cat,cat,cat,cat
2788,horse,horse,horse,horse,horse
2789,truck,truck,truck,truck,truck
2790,ship,ship,ship,ship,ship
2791,horse,horse,horse,horse,horse
2792,airplane,airplane,airplane,airplane,airplane
2793,truck,truck,truck,truck,truck
2794,airplane,airplane,airplane,airplane,airplane
2795,cat,cat,cat,cat,cat
2796,horse,horse,horse,horse,horse
2797,frog,frog,frog,frog,frog
2798,cat,cat,cat,dog,dog
2799,ship,ship,ship,ship,ship
2800,deer,deer,deer,deer,deer
2801,dog,dog,dog,dog,dog
2802,frog,frog,frog,frog,frog
2803,dog,dog,dog,dog,dog
2804,cat,dog,dog,dog,horse
2805,deer,deer,deer,deer,deer
2806,bird,bird,bird,bird,bird
2807,truck,truck,truck,truck,truck
2808,bird,bird,bird,bird,bird
2809,deer,deer,deer,deer,deer
2810,truck,truck,truck,airplane,airplane
2811,bird,bird,bird,bird,bird
2812,airplane,airplane,airplane,airplane,airplane
2813,automobile,automobile,automobile,automobile,automobile
2814,automobile,automobile,automobile,truck,truck
2815,cat,cat,cat,cat,cat
2816,horse,horse,horse,horse,horse
2817,truck,truck,truck,truck,truck
2818,dog,dog,dog,dog,dog
2819,automobile,automobile,automobile,automobile,automobile
2820,frog,frog,frog,frog,frog
2821,airplane,airplane,airplane,airplane,airplane
2822,cat,cat,cat,horse,cat
2823,cat,cat,cat,cat,cat
2824,horse,horse,horse,horse,horse
2825,bird,bird,bird,bird,bird
2826,deer,deer,deer,deer,deer
2827,dog,dog,dog,dog,dog
2828,bird,bird,bird,bird,bird
2829,cat,cat,cat,frog,cat
2830,frog,frog,frog,frog,frog
2831,cat,airplane,airplane,truck,automobile
2832,cat,dog,dog,cat,cat
2833,airplane,airplane,airplane,airplane,airplane
2834,deer,deer,deer,deer,deer
2835,deer,deer,deer,deer,deer
2836,cat,cat,cat,cat,cat
2837,ship,ship,ship,ship,ship
2838,automobile,automobile,automobile,automobile,automobile
2839,bird,bird,bird,bird,bird
2840,cat,cat,cat,cat,cat
2841,bird,bird,bird,bird,bird
2842,horse,horse,horse,horse,horse
2843,automobile,automobile,automobile,airplane,airplane
2844,deer,deer,deer,cat,cat
2845,dog,dog,dog,dog,horse
2846,frog,frog,frog,frog,frog
2847,ship,ship,ship,airplane,ship
2848,frog,frog,frog,frog,frog
2849,frog,frog,frog,frog,frog
2850,dog,dog,dog,dog,dog
2851,deer,deer,deer,deer,deer
2852,bird,bird,bird,bird,bird
2853,truck,truck,truck,truck,truck
2854,truck,truck,truck,truck,truck
2855,cat,cat,cat,deer,cat
2856,bird,bird,bird,bird,bird
2857,airplane,airplane,airplane,airplane,airplane
2858,deer,deer,deer,deer,deer
2859,automobile,automobile,automobile,automobile,automobile
2860,dog,dog,dog,dog,dog
2861,dog,dog,dog,dog,dog
2862,frog,frog,frog,frog,bird
2863,frog,frog,frog,frog,frog
2864,dog,dog,dog,dog,dog
2865,frog,frog,frog,frog,frog
2866,truck,truck,truck,truck,truck
2867,horse,horse,horse,horse,horse
2868,truck,truck,truck,truck,truck
2869,deer,deer,deer,deer,deer
2870,ship,ship,ship,ship,ship
2871,cat,cat,cat,cat,cat
2872,automobile,automobile,automobile,automobile,automobile
2873,truck,truck,truck,truck,truck
2874,ship,ship,ship,ship,ship
2875,automobile,automobile,automobile,automobile,ship
2876,truck,truck,truck,truck,truck
2877,airplane,airplane,airplane,airplane,airplane
2878,cat,cat,cat,cat,cat
2879,airplane,airplane,airplane,airplane,airplane
2880,deer,deer,deer,deer,deer
2881,horse,horse,horse,horse,horse
2882,horse,horse,horse,horse,horse
2883,bird,bird,bird,bird,bird
2884,frog,deer,deer,frog,frog
2885,dog,dog,dog,dog,dog
2886,frog,frog,frog,frog,frog
2887,truck,truck,truck,truck,truck
2888,horse,horse,horse,horse,horse
2889,horse,horse,horse,horse,horse
2890,dog,dog,dog,cat,dog
2891,horse,horse,horse,horse,horse
2892,airplane,airplane,airplane,airplane,airplane
2893,ship,ship,ship,ship,ship
2894,frog,frog,frog,frog,frog
2895,horse,dog,dog,cat,cat
2896,ship,ship,ship,ship,ship
2897,cat,cat,cat,cat,cat
2898,ship,ship,ship,ship,truck
2899,truck,truck,truck,truck,truck
2900,cat,cat,cat,cat,cat
2901,bird,bird,bird,bird,bird
2902,truck,truck,truck,truck,truck
2903,bird,bird,bird,bird,bird
2904,horse,horse,horse,horse,horse
2905,deer,deer,deer,deer,deer
2906,automobile,automobile,automobile,automobile,automobile
2907,truck,truck,truck,truck,truck
2908,horse,horse,horse,horse,horse
2909,airplane,airplane,airplane,airplane,airplane
2910,ship,ship,ship,airplane,ship
2911,automobile,automobile,automobile,automobile,automobile
2912,bird,bird,bird,frog,frog
2913,airplane,airplane,airplane,airplane,airplane
2914,frog,frog,frog,frog,frog
2915,dog,dog,dog,dog,dog
2916,automobile,automobile,automobile,automobile,automobile
2917,deer,deer,deer,deer,deer
2918,bird,bird,bird,bird,bird
2919,ship,ship,ship,ship,ship
2920,bird,bird,bird,bird,bird
2921,ship,ship,ship,ship,ship
2922,cat,cat,cat,cat,cat
2923,cat,cat,cat,cat,cat
2924,automobile,automobile,automobile,automobile,automobile
2925,deer,deer,deer,deer,deer
2926,truck,truck,truck,truck,truck
2927,ship,ship,ship,ship,ship
2928,automobile,automobile,automobile,automobile,automobile
2929,automobile,automobile,automobile,automobile,automobile
2930,horse,horse,horse,horse,horse
2931,truck,truck,truck,truck,truck
2932,truck,truck,truck,truck,truck
2933,deer,deer,deer,deer,deer
2934,frog,frog,frog,frog,frog
2935,ship,ship,ship,ship,ship
2936,dog,dog,dog,dog,dog
2937,cat,cat,cat,cat,cat
2938,bird,bird,bird,bird,bird
2939,bird,bird,bird,bird,bird
2940,cat,airplane,airplane,airplane,airplane
2941,ship,ship,ship,ship,ship
2942,dog,dog,dog,dog,dog
2943,automobile,automobile,automobile,automobile,automobile
2944,truck,truck,truck,truck,truck
2945,horse,horse,horse,horse,horse
2946,truck,truck,truck,truck,truck
2947,automobile,automobile,automobile,automobile,automobile
2948,dog,deer,deer,deer,deer
2949,cat,dog,dog,cat,cat
2950,automobile,automobile,automobile,automobile,automobile
2951,airplane,airplane,airplane,airplane,airplane
2952,cat,cat,cat,cat,cat
2953,ship,ship,ship,ship,ship
2954,truck,truck,truck,truck,truck
2955,bird,cat,cat,bird,bird
2956,airplane,airplane,airplane,airplane,airplane
2957,ship,ship,ship,ship,truck
2958,airplane,ship,ship,ship,ship
2959,horse,horse,horse,airplane,airplane
2960,truck,truck,truck,airplane,truck
2961,deer,deer,deer,deer,deer
2962,ship,ship,ship,ship,ship
2963,cat,cat,cat,cat,cat
2964,airplane,airplane,airplane,airplane,airplane
2965,horse,horse,horse,horse,horse
2966,airplane,airplane,airplane,airplane,airplane
2967,horse,horse,horse,horse,horse
2968,airplane,bird,airplane,airplane,airplane
2969,dog,dog,dog,dog,dog
2970,dog,dog,dog,dog,dog
2971,deer,deer,deer,deer,deer
2972,cat,cat,cat,cat,cat
2973,airplane,airplane,airplane,airplane,airplane
2974,truck,truck,truck,truck,truck
2975,truck,truck,truck,truck,truck
2976,airplane,airplane,airplane,ship,airplane
2977,bird,bird,bird,frog,bird
2978,bird,bird,bird,bird,bird
2979,airplane,airplane,airplane,airplane,airplane
2980,ship,ship,ship,ship,ship
2981,deer,deer,deer,deer,deer
2982,deer,deer,deer,deer,deer
2983,dog,dog,dog,dog,dog
2984,bird,bird,bird,bird,bird
2985,bird,bird,bird,bird,bird
2986,automobile,automobile,automobile,automobile,ship
2987,automobile,automobile,automobile,automobile,automobile
2988,dog,dog,dog,dog,cat
2989,dog,deer,deer,dog,dog
2990,deer,deer,deer,deer,deer
2991,cat,cat,cat,cat,cat
2992,deer,deer,deer,deer,deer
2993,airplane,airplane,airplane,airplane,airplane
2994,ship,ship,ship,ship,ship
2995,deer,deer,deer,deer,deer
2996,ship,ship,ship,ship,ship
2997,bird,bird,bird,dog,bird
2998,dog,dog,dog,dog,dog
2999,frog,frog,frog,frog,frog
3000,dog,dog,dog,dog,dog
3001,automobile,automobile,automobile,automobile,automobile
3002,horse,horse,horse,horse,horse
3003,bird,truck,truck,bird,bird
3004,deer,deer,deer,deer,deer
3005,airplane,airplane,airplane,airplane,airplane
3006,dog,dog,dog,dog,dog
3007,frog,frog,frog,frog,frog
3008,ship,ship,ship,ship,ship
3009,horse,horse,horse,horse,horse
3010,frog,frog,frog,frog,frog
3011,cat,dog,dog,cat,cat
3012,automobile,automobile,automobile,automobile,automobile
3013,cat,dog,dog,horse,horse
3014,frog,frog,frog,frog,cat
3015,frog,frog,frog,frog,frog
3016,deer,deer,deer,deer,deer
3017,dog,dog,dog,dog,dog
3018,dog,dog,dog,dog,dog
3019,dog,dog,dog,cat,cat
3020,automobile,automobile,automobile,automobile,automobile
3021,ship,ship,ship,ship,ship
3022,horse,horse,horse,horse,horse
3023,cat,cat,cat,cat,cat
3024,airplane,airplane,airplane,airplane,airplane
3025,bird,bird,bird,frog,deer
3026,dog,dog,dog,horse,horse
3027,automobile,automobile,automobile,automobile,automobile
3028,automobile,automobile,automobile,automobile,automobile
3029,automobile,automobile,automobile,automobile,automobile
3030,frog,frog,frog,frog,frog
3031,horse,horse,horse,horse,horse
3032,bird,deer,deer,frog,frog
3033,automobile,automobile,automobile,automobile,automobile
3034,bird,bird,bird,bird,bird
3035,cat,cat,cat,cat,cat
3036,truck,truck,truck,truck,truck
3037,ship,ship,ship,ship,ship
3038,cat,cat,cat,cat,cat
3039,automobile,automobile,automobile,automobile,automobile
3040,horse,horse,horse,horse,horse
3041,deer,deer,deer,deer,deer
3042,ship,ship,ship,ship,ship
3043,deer,deer,deer,deer,deer
3044,horse,dog,dog,horse,horse
3045,dog,dog,dog,dog,dog
3046,ship,ship,ship,ship,ship
3047,frog,frog,frog,frog,frog
3048,airplane,airplane,airplane,airplane,airplane
3049,cat,dog,dog,dog,dog
3050,airplane,airplane,airplane,airplane,airplane
3051,ship,ship,ship,ship,ship
3052,cat,dog,dog,bird,bird
3053,deer,deer,deer,deer,deer
3054,deer,deer,deer,deer,deer
3055,truck,truck,truck,truck,truck
3056,deer,deer,deer,deer,deer
3057,frog,frog,frog,frog,frog
3058,automobile,automobile,automobile,automobile,automobile
3059,dog,cat,cat,horse,horse
3060,horse,horse,horse,horse,horse
3061,horse,horse,horse,horse,horse
3062,truck,truck,truck,truck,truck
3063,airplane,airplane,airplane,bird,airplane
3064,automobile,automobile,automobile,automobile,automobile
3065,cat,cat,cat,cat,cat
3066,automobile,automobile,automobile,automobile,automobile
3067,cat,cat,cat,cat,cat
3068,bird,bird,airplane,airplane,bird
3069,deer,deer,deer,deer,deer
3070,airplane,airplane,airplane,airplane,airplane
3071,horse,horse,horse,horse,horse
3072,ship,ship,ship,ship,ship
3073,cat,cat,cat,dog,dog
3074,automobile,automobile,automobile,automobile,automobile
3075,frog,cat,cat,frog,cat
3076,bird,bird,bird,bird,bird
3077,automobile,automobile,automobile,automobile,automobile
3078,ship,ship,ship,ship,ship
3079,ship,ship,ship,ship,ship
3080,automobile,automobile,automobile,automobile,automobile
3081,truck,truck,truck,truck,truck
3082,horse,horse,horse,cat,horse
3083,dog,dog,dog,dog,cat
3084,cat,cat,cat,cat,dog
3085,bird,bird,bird,frog,frog
3086,truck,truck,truck,truck,truck
3087,airplane,airplane,airplane,airplane,airplane
3088,frog,frog,frog,frog,frog
3089,ship,ship,ship,ship,ship
3090,deer,deer,deer,deer,deer
3091,automobile,automobile,automobile,automobile,airplane
3092,dog,dog,dog,dog,dog
3093,horse,horse,horse,horse,horse
3094,bird,airplane,airplane,airplane,airplane
3095,deer,deer,deer,deer,frog
3096,horse,horse,horse,horse,horse
3097,airplane,airplane,airplane,bird,airplane
3098,deer,deer,deer,deer,deer
3099,truck,truck,truck,truck,truck
3100,airplane,airplane,airplane,airplane,airplane
3101,horse,horse,horse,horse,horse
3102,airplane,airplane,airplane,airplane,airplane
3103,frog,frog,frog,frog,bird
3104,horse,horse,horse,horse,horse
3105,automobile,automobile,automobile,automobile,automobile
3106,ship,ship,ship,ship,ship
3107,dog,cat,cat,cat,cat
3108,ship,ship,ship,ship,ship
3109,ship,ship,ship,ship,ship
3110,horse,horse,horse,horse,dog
3111,airplane,airplane,airplane,airplane,airplane
3112,airplane,airplane,airplane,airplane,airplane
3113,cat,bird,bird,cat,cat
3114,bird,bird,bird,bird,bird
3115,dog,bird,bird,bird,bird
3116,horse,horse,horse,horse,horse
3117,airplane,airplane,airplane,airplane,airplane
3118,frog,frog,frog,frog,frog
3119,deer,deer,deer,deer,deer
3120,deer,deer,deer,deer,deer
3121,truck,truck,truck,truck,truck
3122,automobile,automobile,automobile,automobile,automobile
3123,ship,ship,ship,ship,ship
3124,frog,frog,frog,frog,frog
3125,cat,cat,cat,cat,cat
3126,truck,truck,truck,truck,truck
3127,deer,deer,deer,deer,deer
3128,truck,truck,truck,truck,truck
3129,cat,cat,cat,cat,cat
3130,cat,cat,cat,cat,dog
3131,horse,horse,horse,horse,horse
3132,dog,dog,dog,dog,dog
3133,truck,truck,truck,truck,truck
3134,horse,horse,horse,horse,horse
3135,horse,horse,dog,horse,horse
3136,deer,deer,deer,deer,deer
3137,dog,dog,dog,dog,dog
3138,ship,ship,ship,ship,ship
3139,bird,bird,bird,bird,bird
3140,ship,ship,ship,ship,ship
3141,truck,truck,truck,truck,truck
3142,dog,dog,dog,dog,dog
3143,cat,cat,cat,cat,cat
3144,automobile,automobile,automobile,automobile,automobile
3145,truck,truck,truck,truck,truck
3146,bird,bird,bird,bird,bird
3147,bird,bird,bird,bird,bird
3148,airplane,airplane,airplane,airplane,airplane
3149,automobile,automobile,automobile,automobile,automobile
3150,automobile,automobile,automobile,truck,truck
3151,ship,ship,ship,airplane,ship
3152,automobile,automobile,automobile,automobile,automobile
3153,automobile,automobile,automobile,automobile,automobile
3154,truck,airplane,airplane,truck,airplane
3155,ship,ship,ship,ship,ship
3156,truck,truck,truck,truck,truck
3157,truck,truck,truck,truck,truck
3158,airplane,airplane,airplane,ship,airplane
3159,bird,bird,bird,bird,bird
3160,frog,frog,frog,bird,frog
3161,truck,truck,truck,truck,truck
3162,automobile,automobile,automobile,automobile,automobile
3163,truck,truck,truck,truck,truck
3164,airplane,airplane,airplane,bird,bird
3165,automobile,automobile,automobile,automobile,automobile
3166,truck,truck,truck,truck,truck
3167,bird,bird,bird,cat,bird
3168,truck,truck,ship,truck,truck
3169,truck,truck,truck,truck,truck
3170,truck,truck,truck,truck,truck
3171,airplane,automobile,automobile,airplane,airplane
3172,truck,truck,truck,truck,truck
3173,truck,truck,truck,truck,truck
3174,bird,bird,bird,bird,bird
3175,automobile,automobile,automobile,automobile,automobile
3176,horse,horse,horse,horse,horse
3177,airplane,airplane,airplane,airplane,airplane
3178,dog,dog,dog,dog,dog
3179,frog,frog,frog,frog,cat
3180,cat,cat,cat,cat,frog
3181,truck,truck,truck,truck,truck
3182,ship,ship,ship,ship,ship
3183,cat,cat,cat,cat,cat
3184,airplane,airplane,airplane,airplane,airplane
3185,bird,bird,bird,frog,bird
3186,horse,horse,horse,horse,horse
3187,horse,horse,horse,horse,horse
3188,deer,deer,deer,deer,deer
3189,ship,ship,ship,ship,ship
3190,cat,cat,cat,cat,cat
3191,airplane,airplane,airplane,airplane,airplane
3192,dog,deer,deer,deer,deer
3193,bird,bird,bird,bird,bird
3194,cat,cat,cat,dog,cat
3195,dog,dog,dog,dog,dog
3196,horse,horse,horse,horse,horse
3197,frog,frog,frog,frog,frog
3198,frog,frog,frog,frog,frog
3199,frog,frog,frog,frog,frog
3200,dog,dog,dog,dog,dog
3201,frog,frog,frog,frog,frog
3202,dog,dog,dog,cat,cat
3203,deer,deer,deer,deer,deer
3204,dog,dog,dog,cat,cat
3205,ship,ship,ship,ship,ship
3206,ship,ship,ship,ship,ship
3207,airplane,airplane,airplane,airplane,airplane
3208,truck,truck,truck,truck,truck
3209,horse,horse,horse,dog,dog
3210,truck,truck,truck,truck,truck
3211,airplane,truck,truck,ship,ship
3212,frog,frog,frog,frog,frog
3213,truck,truck,truck,truck,truck
3214,frog,frog,frog,frog,frog
3215,automobile,automobile,automobile,automobile,automobile
3216,deer,deer,deer,truck,truck
3217,horse,horse,horse,horse,horse
3218,truck,truck,truck,ship,ship
3219,airplane,airplane,airplane,airplane,airplane
3220,cat,cat,cat,dog,cat
3221,dog,dog,dog,dog,dog
3222,deer,deer,deer,horse,deer
3223,horse,horse,horse,horse,horse
3224,frog,frog,frog,frog,frog
3225,truck,truck,truck,truck,truck
3226,ship,ship,ship,ship,ship
3227,bird,bird,bird,deer,bird
3228,cat,cat,cat,cat,cat
3229,truck,truck,truck,truck,truck
3230,cat,cat,cat,cat,cat
3231,cat,horse,horse,horse,dog
3232,horse,horse,horse,horse,horse
3233,ship,ship,ship,ship,ship
3234,cat,cat,cat,cat,cat
3235,dog,dog,dog,dog,dog
3236,dog,cat,cat,dog,dog
3237,truck,truck,truck,truck,truck
3238,frog,frog,frog,frog,frog
3239,automobile,automobile,automobile,automobile,automobile
3240,deer,deer,deer,deer,deer
3241,horse,horse,horse,horse,horse
3242,deer,deer,deer,deer,deer
3243,ship,ship,ship,ship,ship
3244,horse,horse,horse,horse,horse
3245,horse,horse,horse,horse,horse
3246,automobile,automobile,automobile,automobile,automobile
3247,cat,cat,cat,cat,cat
3248,airplane,airplane,airplane,airplane,airplane
3249,cat,cat,cat,cat,cat
3250,bird,bird,bird,bird,bird
3251,dog,horse,horse,dog,dog
3252,deer,deer,deer,deer,deer
3253,truck,truck,truck,automobile,truck
3254,cat,cat,cat,dog,cat
3255,dog,dog,dog,dog,dog
3256,deer,deer,deer,deer,deer
3257,horse,horse,horse,horse,horse
3258,airplane,airplane,airplane,cat,airplane
3259,cat,cat,cat,cat,cat
3260,horse,horse,horse,horse,horse
3261,airplane,airplane,airplane,airplane,airplane
3262,bird,bird,bird,bird,bird
3263,automobile,automobile,automobile,automobile,automobile
3264,dog,dog,dog,airplane,dog
3265,ship,ship,ship,ship,ship
3266,horse,horse,horse,horse,horse
3267,cat,cat,cat,cat,cat
3268,dog,dog,dog,dog,dog
3269,horse,horse,horse,horse,horse
3270,ship,ship,ship,ship,ship
3271,dog,dog,dog,dog,dog
3272,horse,horse,horse,horse,horse
3273,ship,ship,ship,ship,ship
3274,automobile,automobile,automobile,automobile,automobile
3275,dog,cat,cat,dog,dog
3276,deer,deer,deer,deer,deer
3277,horse,horse,horse,horse,horse
3278,airplane,airplane,airplane,airplane,airplane
3279,ship,ship,ship,ship,ship
3280,cat,cat,cat,cat,cat
3281,bird,bird,bird,bird,bird
3282,truck,truck,truck,truck,truck
3283,horse,horse,horse,bird,bird
3284,deer,deer,deer,deer,deer
3285,automobile,automobile,automobile,truck,truck
3286,frog,frog,frog,frog,frog
3287,dog,dog,dog,dog,dog
3288,truck,truck,truck,truck,truck
3289,ship,ship,ship,ship,ship
3290,dog,dog,dog,dog,dog
3291,dog,dog,dog,dog,dog
3292,deer,deer,deer,deer,deer
3293,automobile,automobile,automobile,automobile,automobile
3294,airplane,airplane,airplane,airplane,airplane
3295,truck,truck,truck,truck,truck
3296,deer,deer,deer,deer,deer
3297,deer,deer,deer,cat,cat
3298,cat,cat,cat,cat,horse
3299,airplane,airplane,airplane,deer,deer
3300,deer,deer,deer,deer,deer
3301,ship,ship,ship,airplane,airplane
3302,airplane,airplane,airplane,airplane,airplane
3303,ship,ship,ship,ship,ship
3304,bird,bird,bird,bird,bird
3305,truck,truck,truck,truck,truck
3306,dog,horse,horse,cat,cat
3307,truck,truck,truck,truck,truck
3308,horse,horse,horse,horse,horse
3309,deer,deer,deer,horse,horse
3310,frog,frog,frog,frog,frog
3311,horse,horse,horse,horse,horse
3312,truck,truck,truck,truck,truck
3313,bird,bird,bird,bird,bird
3314,truck,truck,truck,truck,truck
3315,cat,cat,cat,cat,cat
3316,horse,horse,horse,horse,horse
3317,horse,horse,horse,horse,horse
3318,ship,ship,ship,ship,ship
3319,bird,bird,bird,airplane,airplane
3320,bird,bird,bird,horse,horse
3321,airplane,airplane,airplane,airplane,airplane
3322,bird,bird,bird,bird,bird
3323,dog,dog,dog,dog,dog
3324,cat,cat,cat,cat,cat
3325,frog,frog,frog,frog,frog
3326,deer,deer,deer,deer,deer
3327,horse,horse,horse,deer,deer
3328,bird,bird,bird,bird,bird
3329,cat,cat,cat,cat,bird
3330,horse,horse,horse,horse,horse
3331,ship,ship,ship,ship,ship
3332,horse,horse,horse,horse,horse
3333,bird,bird,bird,bird,bird
3334,dog,dog,dog,dog,dog
3335,airplane,airplane,airplane,airplane,airplane
3336,airplane,truck,truck,truck,airplane
3337,horse,horse,horse,horse,horse
3338,airplane,airplane,airplane,airplane,airplane
3339,truck,truck,truck,truck,truck
3340,frog,frog,frog,frog,frog
3341,automobile,automobile,automobile,automobile,automobile
3342,airplane,ship,ship,airplane,ship
3343,cat,dog,dog,horse,horse
3344,truck,truck,truck,truck,truck
3345,horse,horse,horse,horse,horse
3346,deer,airplane,airplane,deer,deer
3347,truck,truck,truck,truck,truck
3348,automobile,automobile,automobile,automobile,automobile
3349,frog,frog,frog,bird,bird
3350,ship,ship,ship,ship,ship
3351,automobile,automobile,automobile,automobile,automobile
3352,bird,bird,bird,bird,bird
3353,cat,cat,cat,cat,cat
3354,cat,dog,dog,ship,cat
3355,dog,dog,dog,dog,dog
3356,deer,deer,deer,deer,deer
3357,ship,ship,ship,ship,ship
3358,truck,truck,truck,truck,truck
3359,horse,dog,dog,cat,dog
3360,deer,deer,deer,deer,deer
3361,deer,deer,deer,deer,deer
3362,automobile,automobile,automobile,automobile,automobile
3363,bird,bird,bird,bird,bird
3364,deer,deer,deer,deer,deer
3365,truck,truck,truck,truck,truck
3366,ship,ship,ship,ship,ship
3367,horse,horse,horse,horse,horse
3368,truck,truck,truck,truck,truck
3369,dog,dog,dog,cat,dog
3370,automobile,automobile,automobile,automobile,automobile
3371,bird,bird,bird,dog,bird
3372,automobile,automobile,automobile,automobile,automobile
3373,frog,frog,frog,frog,frog
3374,frog,frog,frog,frog,frog
3375,deer,deer,deer,deer,deer
3376,dog,dog,dog,dog,dog
3377,horse,horse,horse,horse,horse
3378,deer,deer,deer,deer,deer
3379,dog,dog,dog,dog,dog
3380,ship,ship,ship,ship,ship
3381,dog,dog,dog,dog,dog
3382,bird,bird,bird,bird,bird
3383,ship,ship,ship,ship,ship
3384,horse,horse,horse,dog,horse
3385,ship,ship,ship,ship,ship
3386,bird,bird,bird,bird,bird
3387,cat,cat,cat,dog,dog
3388,frog,frog,frog,frog,frog
3389,automobile,automobile,automobile,automobile,automobile
3390,cat,dog,dog,cat,dog
3391,cat,cat,cat,cat,cat
3392,automobile,automobile,automobile,automobile,automobile
3393,dog,dog,dog,dog,dog
3394,automobile,automobile,automobile,automobile,automobile
3395,truck,truck,truck,truck,truck
3396,airplane,airplane,airplane,bird,airplane
3397,truck,truck,truck,truck,truck
3398,bird,bird,bird,bird,bird
3399,airplane,airplane,airplane,ship,airplane
3400,frog,airplane,airplane,automobile,airplane
3401,bird,bird,bird,bird,bird
3402,deer,deer,deer,deer,deer
3403,ship,ship,ship,ship,ship
3404,dog,dog,dog,dog,dog
3405,horse,horse,horse,horse,horse
3406,frog,frog,frog,frog,frog
3407,automobile,automobile,automobile,automobile,automobile
3408,bird,bird,bird,bird,bird
3409,truck,truck,truck,truck,truck
3410,deer,deer,deer,deer,deer
3411,dog,dog,dog,dog,dog
3412,airplane,airplane,airplane,airplane,airplane
3413,cat,cat,cat,cat,cat
3414,cat,cat,cat,cat,cat
3415,horse,horse,horse,horse,horse
3416,horse,deer,deer,deer,deer
3417,horse,horse,horse,horse,horse
3418,automobile,automobile,automobile,automobile,automobile
3419,deer,deer,deer,deer,deer
3420,dog,dog,dog,dog,dog
3421,airplane,airplane,airplane,airplane,airplane
3422,bird,bird,bird,cat,cat
3423,ship,ship,ship,ship,ship
3424,dog,dog,dog,dog,dog
3425,airplane,airplane,airplane,airplane,airplane
3426,airplane,airplane,airplane,airplane,airplane
3427,frog,frog,frog,frog,frog
3428,bird,bird,bird,bird,bird
3429,airplane,bird,airplane,airplane,airplane
3430,ship,ship,ship,ship,airplane
3431,deer,deer,deer,deer,deer
3432,dog,dog,dog,dog,dog
3433,deer,deer,deer,dog,deer
3434,dog,dog,dog,dog,dog
3435,frog,frog,frog,frog,frog
3436,deer,deer,deer,deer,deer
3437,horse,horse,horse,horse,horse
3438,truck,truck,truck,truck,truck
3439,deer,deer,deer,frog,frog
3440,bird,bird,bird,bird,bird
3441,airplane,airplane,airplane,airplane,airplane
3442,frog,frog,frog,frog,frog
3443,deer,deer,deer,bird,deer
3444,airplane,bird,bird,airplane,bird
3445,airplane,airplane,airplane,airplane,airplane
3446,frog,cat,cat,horse,horse
3447,deer,deer,deer,deer,deer
3448,frog,frog,frog,frog,frog
3449,automobile,automobile,automobile,automobile,automobile
3450,truck,automobile,automobile,automobile,automobile
3451,dog,dog,dog,dog,dog
3452,dog,dog,dog,cat,dog
3453,bird,bird,bird,bird,bird
3454,bird,bird,bird,bird,bird
3455,frog,frog,frog,frog,frog
3456,cat,cat,cat,cat,cat
3457,deer,deer,deer,deer,deer
3458,dog,dog,dog,dog,dog
3459,truck,airplane,airplane,airplane,airplane
3460,automobile,automobile,automobile,automobile,automobile
3461,horse,deer,deer,horse,horse
3462,bird,bird,bird,bird,bird
3463,cat,cat,cat,cat,dog
3464,truck,truck,truck,automobile,automobile
3465,frog,frog,frog,frog,frog
3466,dog,dog,dog,dog,dog
3467,airplane,airplane,airplane,airplane,airplane
3468,bird,bird,bird,bird,bird
3469,truck,truck,truck,truck,truck
3470,horse,horse,horse,horse,horse
3471,automobile,automobile,automobile,automobile,automobile
3472,horse,cat,cat,horse,horse
3473,bird,bird,bird,bird,bird
3474,bird,bird,bird,cat,bird
3475,airplane,airplane,airplane,airplane,airplane
3476,ship,ship,ship,ship,ship
3477,frog,frog,frog,frog,frog
3478,deer,deer,deer,deer,deer
3479,cat,cat,cat,cat,cat
3480,bird,bird,bird,bird,bird
3481,horse,dog,dog,horse,deer
3482,horse,horse,horse,horse,horse
3483,airplane,airplane,airplane,airplane,airplane
3484,deer,deer,deer,deer,deer
3485,automobile,automobile,automobile,automobile,automobile
3486,frog,frog,frog,frog,frog
3487,dog,dog,dog,dog,dog
3488,automobile,automobile,automobile,automobile,automobile
3489,cat,cat,cat,cat,cat
3490,airplane,airplane,airplane,airplane,ship
3491,cat,cat,cat,dog,cat
3492,truck,truck,truck,truck,truck
3493,airplane,airplane,airplane,airplane,airplane
3494,airplane,airplane,airplane,horse,dog
3495,bird,bird,bird,bird,horse
3496,dog,dog,dog,airplane,airplane
3497,airplane,airplane,airplane,automobile,airplane
3498,deer,deer,deer,deer,deer
3499,airplane,airplane,airplane,airplane,airplane
3500,automobile,automobile,automobile,automobile,automobile
3501,truck,truck,truck,automobile,automobile
3502,ship,ship,ship,ship,ship
3503,deer,deer,deer,deer,deer
3504,truck,truck,truck,truck,truck
3505,deer,deer,deer,deer,deer
3506,bird,bird,bird,cat,bird
3507,deer,deer,deer,deer,deer
3508,cat,cat,cat,cat,cat
3509,cat,cat,cat,cat,cat
3510,deer,deer,deer,deer,deer
3511,airplane,airplane,airplane,airplane,airplane
3512,deer,deer,deer,deer,deer
3513,cat,cat,cat,dog,cat
3514,bird,dog,dog,dog,dog
3515,ship,ship,ship,ship,ship
3516,truck,truck,truck,truck,truck
3517,automobile,automobile,automobile,automobile,automobile
3518,dog,dog,dog,dog,dog
3519,ship,ship,ship,ship,ship
3520,automobile,automobile,automobile,automobile,automobile
3521,ship,ship,ship,ship,ship
3522,bird,bird,bird,bird,bird
3523,deer,deer,deer,deer,deer
3524,dog,deer,deer,deer,deer
3525,bird,bird,bird,bird,bird
3526,deer,deer,deer,deer,deer
3527,automobile,automobile,automobile,automobile,automobile
3528,automobile,automobile,automobile,automobile,automobile
3529,frog,frog,frog,frog,frog
3530,frog,frog,frog,frog,frog
3531,ship,ship,ship,ship,ship
3532,dog,dog,dog,dog,dog
3533,bird,bird,bird,bird,bird
3534,bird,bird,bird,bird,bird
3535,dog,dog,dog,dog,dog
3536,airplane,airplane,airplane,airplane,airplane
3537,ship,ship,ship,ship,ship
3538,bird,bird,bird,bird,bird
3539,cat,cat,cat,cat,cat
3540,frog,frog,frog,frog,frog
3541,bird,bird,bird,bird,bird
3542,truck,truck,truck,truck,truck
3543,frog,frog,frog,frog,frog
3544,automobile,automobile,automobile,automobile,automobile
3545,deer,deer,deer,deer,deer
3546,dog,dog,dog,dog,dog
3547,truck,truck,truck,truck,truck
3548,airplane,airplane,airplane,airplane,airplane
3549,automobile,automobile,automobile,automobile,automobile
3550,airplane,airplane,airplane,deer,deer
3551,airplane,airplane,airplane,airplane,airplane
3552,ship,ship,ship,ship,ship
3553,automobile,automobile,automobile,automobile,automobile
3554,automobile,automobile,automobile,automobile,automobile
3555,frog,frog,frog,frog,frog
3556,frog,frog,frog,frog,frog
3557,truck,truck,truck,frog,truck
3558,dog,dog,dog,dog,dog
3559,deer,deer,deer,deer,deer
3560,automobile,truck,truck,truck,truck
3561,horse,horse,horse,dog,dog
3562,ship,ship,ship,ship,ship
3563,frog,frog,frog,frog,frog
3564,truck,truck,truck,truck,truck
3565,automobile,automobile,automobile,automobile,automobile
3566,horse,horse,horse,horse,horse
3567,frog,frog,frog,frog,frog
3568,airplane,airplane,airplane,airplane,airplane
3569,truck,truck,truck,truck,truck
3570,cat,cat,cat,cat,cat
3571,dog,dog,dog,dog,dog
3572,cat,cat,cat,cat,cat
3573,bird,bird,bird,bird,bird
3574,dog,dog,dog,dog,cat
3575,cat,cat,cat,cat,cat
3576,deer,deer,deer,deer,deer
3577,truck,truck,truck,truck,truck
3578,horse,horse,horse,horse,horse
3579,automobile,automobile,automobile,automobile,automobile
3580,deer,deer,deer,deer,deer
3581,deer,deer,deer,deer,deer
3582,frog,frog,frog,frog,frog
3583,automobile,automobile,automobile,automobile,automobile
3584,cat,cat,cat,cat,dog
3585,ship,ship,ship,ship,ship
3586,ship,ship,ship,ship,ship
3587,airplane,airplane,airplane,airplane,airplane
3588,frog,frog,frog,frog,frog
3589,horse,horse,horse,horse,horse
3590,horse,horse,horse,horse,horse
3591,frog,frog,frog,frog,frog
3592,horse,horse,horse,horse,horse
3593,bird,bird,bird,bird,bird
3594,cat,dog,dog,cat,dog
3595,bird,bird,bird,bird,bird
3596,bird,deer,deer,deer,deer
3597,frog,frog,frog,frog,frog
3598,bird,bird,bird,bird,bird
3599,horse,horse,horse,horse,horse
3600,deer,cat,cat,bird,bird
3601,airplane,airplane,airplane,bird,horse
3602,cat,cat,cat,cat,cat
3603,frog,frog,frog,dog,frog
3604,bird,bird,bird,bird,bird
3605,frog,frog,frog,deer,deer
3606,cat,cat,cat,cat,cat
3607,cat,bird,bird,bird,bird
3608,airplane,airplane,airplane,airplane,airplane
3609,truck,truck,truck,truck,truck
3610,dog,dog,dog,dog,dog
3611,automobile,automobile,automobile,automobile,truck
3612,automobile,automobile,automobile,automobile,automobile
3613,dog,dog,dog,dog,dog
3614,cat,cat,cat,cat,cat
3615,frog,bird,bird,bird,bird
3616,deer,deer,deer,deer,deer
3617,cat,cat,cat,cat,cat
3618,deer,deer,deer,deer,deer
3619,automobile,automobile,automobile,automobile,automobile
3620,airplane,airplane,airplane,airplane,airplane
3621,deer,deer,deer,deer,deer
3622,dog,dog,dog,cat,cat
3623,dog,dog,dog,dog,dog
3624,bird,bird,bird,deer,deer
3625,ship,ship,ship,ship,ship
3626,truck,truck,truck,truck,truck
3627,deer,deer,deer,deer,deer
3628,cat,cat,cat,cat,cat
3629,automobile,automobile,automobile,automobile,automobile
3630,ship,ship,ship,ship,ship
3631,airplane,airplane,airplane,airplane,airplane
3632,automobile,automobile,automobile,automobile,automobile
3633,cat,cat,cat,cat,cat
3634,cat,cat,cat,cat,cat
3635,deer,horse,deer,deer,deer
3636,deer,deer,deer,deer,deer
3637,bird,bird,bird,bird,bird
3638,truck,truck,truck,truck,truck
3639,horse,horse,horse,horse,horse
3640,frog,frog,frog,frog,frog
3641,ship,ship,ship,ship,ship
3642,automobile,automobile,automobile,automobile,automobile
3643,ship,ship,ship,ship,ship
3644,truck,truck,truck,truck,truck
3645,automobile,automobile,automobile,truck,automobile
3646,cat,cat,cat,cat,cat
3647,automobile,automobile,automobile,automobile,automobile
3648,horse,horse,horse,horse,horse
3649,cat,cat,cat,cat,cat
3650,airplane,airplane,airplane,airplane,airplane
3651,airplane,airplane,airplane,airplane,airplane
3652,bird,bird,bird,bird,bird
3653,ship,ship,airplane,ship,ship
3654,cat,cat,cat,cat,dog
3655,truck,truck,truck,truck,truck
3656,bird,bird,bird,bird,bird
3657,horse,horse,horse,horse,horse
3658,bird,bird,bird,deer,deer
3659,frog,frog,frog,frog,frog
3660,airplane,airplane,airplane,airplane,airplane
3661,automobile,automobile,automobile,automobile,automobile
3662,frog,frog,frog,frog,frog
3663,automobile,automobile,automobile,automobile,automobile
3664,frog,frog,frog,frog,frog
3665,horse,horse,horse,horse,horse
3666,dog,dog,dog,dog,dog
3667,dog,dog,dog,dog,dog
3668,bird,bird,bird,bird,bird
3669,dog,dog,dog,dog,cat
3670,truck,truck,truck,truck,truck
3671,deer,deer,deer,deer,deer
3672,airplane,airplane,airplane,airplane,airplane
3673,bird,bird,bird,ship,airplane
3674,cat,cat,cat,cat,cat
3675,deer,deer,deer,deer,deer
3676,truck,truck,truck,airplane,truck
3677,deer,deer,deer,deer,dog
3678,automobile,automobile,automobile,automobile,automobile
3679,airplane,airplane,airplane,airplane,airplane
3680,airplane,airplane,airplane,ship,ship
3681,bird,bird,bird,bird,bird
3682,cat,cat,cat,dog,cat
3683,ship,bird,bird,ship,bird
3684,truck,truck,truck,truck,truck
3685,bird,bird,bird,bird,bird
3686,ship,ship,ship,ship,ship
3687,truck,truck,truck,truck,truck
3688,dog,dog,dog,dog,dog
3689,horse,horse,horse,horse,horse
3690,truck,truck,truck,truck,truck
3691,automobile,automobile,automobile,automobile,automobile
3692,deer,deer,deer,deer,deer
3693,frog,frog,frog,frog,frog
3694,bird,bird,bird,bird,bird
3695,ship,ship,ship,ship,ship
3696,deer,cat,cat,deer,bird
3697,deer,deer,deer,deer,deer
3698,ship,ship,ship,ship,ship
3699,truck,truck,truck,truck,truck
3700,cat,cat,cat,cat,cat
3701,automobile,automobile,automobile,automobile,automobile
3702,automobile,automobile,automobile,automobile,automobile
3703,frog,frog,frog,frog,frog
3704,dog,deer,dog,deer,deer
3705,ship,ship,ship,ship,ship
3706,deer,deer,deer,deer,deer
3707,frog,frog,frog,deer,frog
3708,deer,cat,cat,bird,bird
3709,dog,dog,dog,dog,dog
3710,bird,bird,bird,bird,bird
3711,frog,frog,frog,frog,frog
3712,deer,deer,deer,deer,deer
3713,bird,bird,bird,bird,bird
3714,cat,cat,cat,cat,cat
3715,automobile,automobile,automobile,automobile,automobile
3716,cat,cat,cat,cat,frog
3717,frog,frog,frog,frog,frog
3718,ship,ship,ship,ship,ship
3719,dog,dog,dog,dog,dog
3720,bird,bird,bird,bird,bird
3721,bird,bird,bird,bird,bird
3722,horse,horse,horse,horse,horse
3723,automobile,automobile,automobile,automobile,automobile
3724,frog,frog,frog,frog,frog
3725,bird,bird,bird,bird,bird
3726,dog,dog,dog,frog,dog
3727,truck,truck,truck,truck,truck
3728,bird,bird,bird,bird,frog
3729,ship,ship,ship,ship,ship
3730,automobile,automobile,automobile,automobile,automobile
3731,frog,frog,frog,frog,frog
3732,truck,truck,truck,truck,truck
3733,bird,bird,bird,bird,bird
3734,horse,horse,horse,horse,horse
3735,dog,dog,dog,cat,dog
3736,cat,cat,cat,cat,cat
3737,bird,bird,bird,bird,bird
3738,truck,truck,truck,truck,truck
3739,horse,horse,horse,horse,horse
3740,airplane,airplane,airplane,airplane,airplane
3741,bird,bird,bird,bird,bird
3742,truck,truck,truck,truck,truck
3743,cat,cat,cat,cat,cat
3744,deer,deer,deer,deer,deer
3745,automobile,automobile,automobile,automobile,automobile
3746,horse,horse,horse,frog,frog
3747,truck,truck,truck,truck,truck
3748,dog,dog,dog,dog,dog
3749,ship,ship,ship,ship,ship
3750,truck,truck,truck,truck,truck
3751,horse,horse,horse,horse,horse
3752,cat,cat,cat,ship,ship
3753,deer,bird,bird,frog,frog
3754,airplane,airplane,airplane,airplane,airplane
3755,truck,truck,truck,automobile,automobile
3756,horse,horse,horse,horse,horse
3757,deer,deer,deer,deer,deer
3758,bird,bird,bird,bird,bird
3759,deer,deer,deer,deer,deer
3760,horse,horse,horse,horse,horse
3761,airplane,airplane,airplane,airplane,airplane
3762,automobile,automobile,automobile,automobile,truck
3763,ship,ship,ship,ship,ship
3764,automobile,automobile,automobile,automobile,automobile
3765,airplane,ship,ship,airplane,airplane
3766,deer,deer,deer,deer,deer
3767,frog,frog,frog,frog,frog
3768,automobile,automobile,automobile,automobile,automobile
3769,truck,truck,truck,truck,truck
3770,truck,truck,truck,truck,truck
3771,bird,bird,bird,airplane,bird
3772,automobile,automobile,automobile,automobile,automobile
3773,bird,bird,bird,bird,bird
3774,dog,dog,dog,cat,cat
3775,frog,frog,frog,frog,frog
3776,truck,truck,truck,truck,truck
3777,horse,horse,horse,horse,horse
3778,horse,horse,horse,deer,deer
3779,cat,truck,truck,truck,cat
3780,deer,deer,deer,deer,deer
3781,bird,bird,bird,bird,bird
3782,airplane,airplane,airplane,airplane,airplane
3783,bird,bird,bird,bird,bird
3784,dog,dog,dog,dog,dog
3785,frog,bird,bird,bird,bird
3786,horse,horse,horse,horse,horse
3787,cat,deer,deer,deer,deer
3788,horse,horse,horse,horse,horse
3789,truck,automobile,automobile,automobile,truck
3790,deer,deer,deer,deer,deer
3791,bird,bird,bird,dog,bird
3792,airplane,airplane,airplane,airplane,airplane
3793,frog,frog,frog,frog,frog
3794,automobile,automobile,automobile,automobile,automobile
3795,horse,horse,horse,horse,horse
3796,dog,dog,dog,dog,dog
3797,frog,frog,frog,frog,frog
3798,dog,dog,dog,dog,dog
3799,cat,dog,dog,dog,dog
3800,truck,truck,truck,truck,truck
3801,bird,airplane,airplane,airplane,airplane
3802,horse,horse,horse,horse,horse
3803,ship,ship,ship,ship,ship
3804,dog,dog,dog,dog,dog
3805,truck,truck,truck,truck,truck
3806,dog,dog,dog,dog,dog
3807,ship,ship,ship,ship,ship
3808,dog,dog,dog,cat,dog
3809,deer,deer,deer,deer,deer
3810,cat,cat,cat,cat,cat
3811,horse,horse,horse,horse,horse
3812,truck,truck,truck,truck,truck
3813,ship,ship,ship,ship,ship
3814,automobile,automobile,automobile,automobile,automobile
3815,bird,bird,bird,bird,bird
3816,bird,bird,bird,deer,bird
3817,ship,ship,ship,ship,ship
3818,truck,truck,truck,truck,truck
3819,cat,cat,cat,truck,dog
3820,airplane,airplane,airplane,bird,bird
3821,ship,ship,ship,frog,cat
3822,deer,deer,deer,deer,deer
3823,airplane,airplane,airplane,airplane,airplane
3824,bird,bird,bird,bird,bird
3825,airplane,airplane,airplane,airplane,airplane
3826,automobile,automobile,automobile,automobile,automobile
3827,deer,deer,deer,deer,deer
3828,automobile,airplane,airplane,airplane,airplane
3829,ship,ship,ship,ship,ship
3830,dog,dog,dog,dog,dog
3831,dog,dog,dog,dog,dog
3832,horse,horse,horse,horse,horse
3833,truck,truck,truck,truck,truck
3834,ship,ship,ship,ship,ship
3835,cat,cat,cat,cat,cat
3836,horse,horse,horse,horse,horse
3837,truck,truck,truck,truck,truck
3838,automobile,automobile,automobile,automobile,automobile
3839,dog,dog,dog,dog,dog
3840,frog,frog,frog,frog,frog
3841,truck,truck,truck,truck,truck
3842,ship,ship,ship,ship,ship
3843,horse,horse,horse,horse,horse
3844,bird,bird,bird,bird,bird
3845,airplane,airplane,airplane,airplane,airplane
3846,truck,truck,truck,truck,truck
3847,airplane,airplane,airplane,airplane,airplane
3848,ship,ship,ship,ship,ship
3849,dog,dog,dog,dog,dog
3850,truck,truck,truck,truck,truck
3851,deer,deer,deer,deer,bird
3852,bird,bird,bird,bird,bird
3853,truck,truck,truck,truck,truck
3854,ship,ship,ship,ship,ship
3855,automobile,automobile,automobile,automobile,automobile
3856,truck,truck,truck,truck,truck
3857,automobile,automobile,automobile,automobile,automobile
3858,ship,ship,ship,ship,ship
3859,cat,cat,cat,cat,cat
3860,horse,horse,horse,horse,horse
3861,frog,frog,frog,frog,frog
3862,deer,deer,deer,deer,deer
3863,bird,bird,bird,bird,bird
3864,cat,cat,cat,cat,cat
3865,horse,horse,horse,horse,horse
3866,airplane,airplane,airplane,airplane,airplane
3867,cat,dog,dog,dog,dog
3868,dog,dog,dog,dog,dog
3869,ship,ship,ship,ship,ship
3870,ship,ship,ship,ship,ship
3871,ship,ship,ship,ship,ship
3872,horse,horse,horse,horse,horse
3873,truck,truck,truck,truck,truck
3874,frog,frog,frog,frog,frog
3875,bird,bird,bird,bird,bird
3876,horse,horse,horse,horse,horse
3877,deer,deer,deer,deer,deer
3878,dog,dog,dog,dog,dog
3879,horse,horse,horse,horse,horse
3880,frog,frog,frog,frog,frog
3881,horse,horse,horse,horse,horse
3882,automobile,automobile,automobile,automobile,automobile
3883,horse,horse,horse,horse,bird
3884,cat,cat,cat,cat,cat
3885,frog,frog,frog,frog,frog
3886,ship,ship,ship,ship,ship
3887,bird,deer,deer,deer,deer
3888,frog,frog,frog,frog,frog
3889,frog,frog,frog,frog,frog
3890,horse,horse,horse,horse,horse
3891,automobile,automobile,automobile,automobile,automobile
3892,dog,dog,dog,dog,dog
3893,truck,truck,truck,truck,truck
3894,horse,horse,horse,horse,horse
3895,automobile,automobile,automobile,automobile,automobile
3896,horse,horse,horse,horse,horse
3897,airplane,airplane,airplane,airplane,airplane
3898,automobile,automobile,automobile,automobile,automobile
3899,frog,frog,frog,frog,frog
3900,cat,cat,cat,frog,cat
3901,cat,cat,cat,airplane,cat
3902,truck,truck,truck,truck,truck
3903,airplane,airplane,airplane,airplane,airplane
3904,automobile,automobile,automobile,automobile,automobile
3905,bird,bird,bird,bird,bird
3906,cat,cat,cat,cat,cat
3907,bird,bird,bird,bird,bird
3908,bird,bird,bird,bird,bird
3909,dog,dog,dog,dog,dog
3910,deer,deer,deer,deer,deer
3911,truck,truck,truck,truck,truck
3912,ship,ship,ship,ship,ship
3913,horse,horse,horse,horse,horse
3914,deer,deer,deer,deer,deer
3915,deer,deer,deer,deer,deer
3916,truck,truck,truck,truck,truck
3917,horse,horse,horse,horse,horse
3918,frog,frog,frog,frog,frog
3919,horse,horse,horse,horse,horse
3920,horse,horse,horse,horse,horse
3921,automobile,automobile,automobile,automobile,automobile
3922,bird,bird,bird,frog,bird
3923,cat,cat,cat,dog,dog
3924,dog,bird,bird,dog,dog
3925,automobile,automobile,automobile,automobile,automobile
3926,truck,truck,truck,truck,truck
3927,airplane,airplane,airplane,airplane,airplane
3928,cat,cat,cat,bird,bird
3929,cat,cat,cat,cat,cat
3930,automobile,automobile,automobile,automobile,automobile
3931,dog,dog,dog,dog,dog
3932,frog,frog,frog,frog,frog
3933,frog,frog,frog,frog,frog
3934,bird,bird,bird,frog,bird
3935,deer,deer,deer,deer,deer
3936,frog,frog,frog,frog,frog
3937,ship,ship,ship,ship,ship
3938,ship,ship,ship,ship,ship
3939,truck,truck,truck,truck,truck
3940,frog,frog,frog,frog,frog
3941,frog,frog,frog,frog,frog
3942,automobile,automobile,automobile,automobile,automobile
3943,airplane,airplane,airplane,airplane,airplane
3944,horse,horse,horse,horse,horse
3945,dog,dog,dog,dog,dog
3946,ship,ship,ship,ship,ship
3947,bird,bird,bird,bird,bird
3948,automobile,automobile,automobile,truck,automobile
3949,dog,dog,dog,dog,dog
3950,ship,ship,ship,ship,ship
3951,automobile,automobile,automobile,automobile,automobile
3952,deer,deer,deer,deer,deer
3953,horse,horse,horse,horse,horse
3954,dog,dog,dog,dog,dog
3955,airplane,airplane,airplane,airplane,airplane
3956,cat,cat,cat,cat,cat
3957,truck,airplane,airplane,airplane,airplane
3958,truck,truck,truck,truck,truck
3959,dog,dog,dog,dog,dog
3960,bird,bird,bird,bird,bird
3961,ship,ship,ship,ship,ship
3962,deer,deer,deer,horse,deer
3963,automobile,automobile,automobile,automobile,automobile
3964,truck,truck,truck,truck,truck
3965,airplane,airplane,airplane,airplane,airplane
3966,deer,deer,deer,deer,deer
3967,deer,deer,deer,cat,deer
3968,ship,ship,ship,ship,ship
3969,bird,bird,bird,bird,bird
3970,truck,truck,truck,truck,truck
3971,airplane,airplane,airplane,airplane,airplane
3972,horse,horse,horse,horse,horse
3973,truck,truck,truck,truck,truck
3974,ship,ship,ship,ship,ship
3975,horse,horse,horse,horse,horse
3976,automobile,automobile,automobile,automobile,automobile
3977,cat,frog,frog,frog,frog
3978,bird,bird,bird,bird,bird
3979,truck,truck,truck,truck,truck
3980,truck,bird,bird,bird,deer
3981,dog,dog,dog,dog,dog
3982,truck,truck,truck,truck,truck
3983,horse,horse,horse,horse,horse
3984,frog,frog,frog,frog,frog
3985,horse,horse,horse,horse,horse
3986,horse,horse,horse,horse,horse
3987,automobile,automobile,automobile,automobile,automobile
3988,automobile,automobile,automobile,automobile,automobile
3989,bird,bird,bird,bird,bird
3990,deer,deer,deer,deer,deer
3991,bird,bird,bird,bird,bird
3992,airplane,airplane,airplane,airplane,airplane
3993,frog,frog,frog,frog,frog
3994,ship,ship,ship,ship,ship
3995,horse,dog,dog,truck,cat
3996,frog,frog,frog,frog,frog
3997,bird,bird,bird,bird,deer
3998,bird,bird,bird,horse,bird
3999,truck,truck,truck,truck,truck
4000,ship,deer,deer,airplane,bird
4001,bird,bird,bird,frog,bird
4002,deer,deer,deer,deer,deer
4003,bird,bird,bird,airplane,airplane
4004,airplane,airplane,airplane,airplane,airplane
4005,dog,dog,dog,dog,dog
4006,ship,ship,ship,ship,ship
4007,frog,frog,frog,frog,frog
4008,ship,ship,ship,ship,ship
4009,bird,bird,bird,bird,bird
4010,horse,horse,horse,horse,horse
4011,horse,horse,horse,horse,horse
4012,cat,horse,horse,horse,cat
4013,automobile,automobile,automobile,truck,frog
4014,ship,ship,ship,ship,ship
4015,automobile,automobile,automobile,automobile,automobile
4016,frog,bird,bird,bird,bird
4017,dog,dog,dog,dog,dog
4018,truck,truck,truck,truck,truck
4019,horse,horse,horse,horse,horse
4020,ship,ship,ship,ship,ship
4021,truck,truck,truck,truck,truck
4022,frog,frog,frog,frog,frog
4023,deer,deer,deer,deer,deer
4024,ship,ship,ship,ship,ship
4025,automobile,automobile,automobile,automobile,automobile
4026,truck,truck,truck,truck,truck
4027,deer,deer,deer,deer,deer
4028,airplane,airplane,airplane,airplane,airplane
4029,deer,deer,deer,deer,deer
4030,automobile,automobile,automobile,automobile,automobile
4031,deer,deer,deer,deer,deer
4032,cat,dog,dog,cat,cat
4033,frog,frog,frog,frog,frog
4034,bird,bird,bird,bird,bird
4035,bird,bird,bird,bird,bird
4036,horse,airplane,airplane,airplane,airplane
4037,airplane,airplane,airplane,airplane,airplane
4038,airplane,airplane,airplane,airplane,automobile
4039,horse,horse,horse,horse,horse
4040,airplane,airplane,airplane,airplane,airplane
4041,horse,horse,horse,horse,horse
4042,deer,deer,deer,deer,deer
4043,cat,cat,cat,cat,cat
4044,frog,bird,bird,bird,bird
4045,horse,horse,horse,horse,horse
4046,horse,horse,horse,horse,horse
4047,deer,deer,deer,deer,deer
4048,dog,dog,dog,dog,dog
4049,deer,deer,deer,deer,deer
4050,cat,cat,cat,cat,cat
4051,dog,cat,cat,cat,dog
4052,dog,dog,dog,dog,dog
4053,deer,deer,deer,deer,deer
4054,horse,airplane,airplane,horse,airplane
4055,automobile,airplane,airplane,airplane,airplane
4056,airplane,airplane,airplane,airplane,airplane
4057,horse,horse,horse,horse,horse
4058,horse,horse,horse,horse,horse
4059,automobile,automobile,automobile,automobile,automobile
4060,frog,frog,frog,frog,frog
4061,dog,dog,dog,dog,dog
4062,airplane,airplane,airplane,airplane,airplane
4063,horse,horse,horse,horse,horse
4064,horse,horse,horse,horse,horse
4065,deer,deer,deer,deer,deer
4066,frog,frog,bird,frog,frog
4067,automobile,automobile,automobile,automobile,automobile
4068,ship,ship,ship,ship,ship
4069,dog,dog,dog,dog,dog
4070,truck,truck,truck,truck,truck
4071,cat,bird,bird,cat,bird
4072,dog,dog,dog,dog,dog
4073,frog,frog,frog,frog,frog
4074,bird,dog,dog,bird,bird
4075,bird,bird,bird,bird,bird
4076,horse,horse,horse,horse,horse
4077,cat,cat,cat,cat,cat
4078,dog,dog,dog,dog,dog
4079,ship,ship,ship,ship,ship
4080,automobile,automobile,automobile,automobile,automobile
4081,airplane,airplane,airplane,airplane,airplane
4082,frog,frog,frog,frog,frog
4083,ship,ship,ship,ship,ship
4084,horse,horse,horse,horse,horse
4085,ship,ship,ship,ship,ship
4086,ship,ship,ship,ship,ship
4087,dog,dog,dog,dog,dog
4088,horse,horse,horse,horse,horse
4089,dog,dog,dog,cat,dog
4090,deer,deer,deer,deer,deer
4091,truck,truck,truck,truck,truck
4092,horse,horse,horse,horse,horse
4093,cat,cat,cat,cat,cat
4094,cat,dog,dog,dog,dog
4095,ship,ship,ship,ship,ship
4096,ship,ship,ship,ship,ship
4097,cat,cat,cat,frog,frog
4098,truck,truck,truck,truck,truck
4099,deer,deer,deer,deer,deer
4100,horse,horse,horse,horse,horse
4101,bird,bird,bird,bird,bird
4102,airplane,airplane,airplane,airplane,airplane
4103,ship,ship,ship,ship,ship
4104,airplane,airplane,airplane,airplane,airplane
4105,horse,horse,horse,horse,horse
4106,cat,cat,cat,airplane,airplane
4107,cat,cat,cat,cat,cat
4108,bird,bird,bird,bird,bird
4109,dog,dog,dog,dog,dog
4110,bird,bird,bird,bird,bird
4111,deer,deer,deer,cat,airplane
4112,deer,dog,dog,dog,dog
4113,airplane,airplane,airplane,airplane,airplane
4114,deer,deer,deer,frog,deer
4115,ship,ship,ship,ship,ship
4116,bird,bird,bird,bird,bird
4117,deer,deer,deer,deer,deer
4118,airplane,airplane,airplane,airplane,airplane
4119,frog,frog,frog,frog,frog
4120,deer,deer,deer,deer,deer
4121,dog,dog,dog,dog,dog
4122,frog,frog,frog,frog,frog
4123,airplane,airplane,airplane,airplane,airplane
4124,ship,ship,ship,ship,ship
4125,ship,ship,ship,airplane,airplane
4126,airplane,airplane,airplane,airplane,airplane
4127,frog,frog,frog,frog,frog
4128,automobile,automobile,automobile,automobile,automobile
4129,automobile,automobile,automobile,automobile,automobile
4130,frog,frog,frog,frog,frog
4131,automobile,automobile,automobile,automobile,automobile
4132,deer,deer,deer,deer,deer
4133,bird,bird,bird,bird,bird
4134,automobile,automobile,automobile,automobile,automobile
4135,automobile,automobile,automobile,automobile,airplane
4136,bird,bird,bird,bird,bird
4137,deer,deer,deer,deer,deer
4138,deer,deer,deer,deer,deer
4139,dog,airplane,airplane,airplane,airplane
4140,dog,horse,horse,horse,horse
4141,ship,ship,ship,ship,ship
4142,ship,ship,ship,ship,ship
4143,dog,dog,dog,dog,dog
4144,automobile,automobile,automobile,automobile,automobile
4145,ship,ship,ship,ship,ship
4146,bird,bird,bird,bird,bird
4147,cat,cat,cat,cat,cat
4148,cat,cat,cat,cat,cat
4149,truck,truck,truck,truck,truck
4150,frog,frog,frog,frog,frog
4151,frog,frog,frog,bird,frog
4152,dog,cat,cat,automobile,automobile
4153,airplane,airplane,airplane,airplane,airplane
4154,horse,horse,horse,horse,horse
4155,cat,cat,cat,cat,cat
4156,cat,cat,cat,cat,cat
4157,bird,bird,bird,bird,bird
4158,horse,horse,horse,horse,horse
4159,deer,deer,deer,deer,deer
4160,dog,dog,dog,dog,dog
4161,frog,frog,frog,frog,frog
4162,airplane,airplane,airplane,ship,airplane
4163,bird,bird,bird,frog,frog
4164,automobile,automobile,automobile,automobile,automobile
4165,ship,ship,ship,ship,ship
4166,automobile,automobile,automobile,automobile,automobile
4167,airplane,airplane,airplane,airplane,airplane
4168,truck,truck,truck,truck,truck
4169,cat,cat,cat,dog,dog
4170,automobile,automobile,automobile,automobile,truck
4171,airplane,airplane,airplane,airplane,airplane
4172,dog,dog,dog,dog,dog
4173,deer,deer,deer,deer,deer
4174,bird,bird,bird,bird,bird
4175,cat,cat,cat,horse,horse
4176,cat,cat,cat,cat,cat
4177,frog,frog,frog,frog,frog
4178,horse,horse,horse,horse,horse
4179,frog,frog,frog,frog,frog
4180,airplane,airplane,airplane,airplane,airplane
4181,airplane,airplane,airplane,airplane,airplane
4182,dog,dog,dog,dog,dog
4183,horse,horse,horse,horse,horse
4184,deer,deer,deer,deer,deer
4185,horse,horse,horse,horse,horse
4186,horse,horse,horse,horse,horse
4187,airplane,airplane,airplane,airplane,airplane
4188,frog,frog,frog,frog,frog
4189,automobile,automobile,automobile,automobile,automobile
4190,cat,horse,horse,bird,dog
4191,truck,truck,truck,truck,truck
4192,airplane,airplane,airplane,airplane,airplane
4193,truck,truck,truck,truck,truck
4194,airplane,airplane,airplane,airplane,airplane
4195,cat,cat,cat,cat,dog
4196,ship,ship,ship,ship,ship
4197,deer,deer,deer,deer,deer
4198,ship,airplane,airplane,airplane,bird
4199,ship,ship,ship,ship,ship
4200,deer,deer,deer,deer,deer
4201,automobile,automobile,automobile,automobile,automobile
4202,airplane,airplane,airplane,airplane,airplane
4203,bird,bird,bird,bird,bird
4204,bird,bird,bird,bird,bird
4205,deer,deer,deer,deer,deer
4206,automobile,automobile,automobile,automobile,automobile
4207,automobile,automobile,automobile,automobile,automobile
4208,bird,bird,bird,horse,dog
4209,deer,deer,deer,deer,deer
4210,cat,cat,cat,cat,cat
4211,deer,deer,deer,deer,deer
4212,automobile,automobile,automobile,automobile,automobile
4213,deer,deer,deer,deer,deer
4214,horse,horse,horse,horse,horse
4215,automobile,ship,ship,automobile,automobile
4216,airplane,airplane,airplane,airplane,airplane
4217,airplane,airplane,airplane,airplane,airplane
4218,truck,truck,truck,truck,truck
4219,airplane,airplane,airplane,airplane,airplane
4220,deer,deer,deer,airplane,airplane
4221,bird,bird,bird,bird,bird
4222,ship,ship,ship,ship,ship
4223,ship,ship,ship,ship,ship
4224,dog,dog,dog,dog,dog
4225,dog,dog,dog,dog,dog
4226,airplane,airplane,airplane,airplane,airplane
4227,deer,deer,deer,deer,deer
4228,airplane,airplane,airplane,airplane,airplane
4229,ship,ship,ship,ship,ship
4230,frog,frog,frog,bird,bird
4231,bird,bird,bird,bird,bird
4232,dog,dog,dog,dog,dog
4233,truck,truck,truck,truck,truck
4234,bird,bird,bird,bird,bird
4235,truck,truck,truck,truck,truck
4236,automobile,automobile,automobile,automobile,automobile
4237,automobile,automobile,automobile,automobile,automobile
4238,dog,dog,dog,dog,dog
4239,deer,deer,deer,deer,deer
4240,horse,horse,horse,horse,horse
4241,dog,dog,dog,dog,dog
4242,ship,ship,ship,ship,ship
4243,frog,frog,frog,frog,frog
4244,bird,bird,bird,horse,bird
4245,automobile,automobile,automobile,automobile,automobile
4246,dog,dog,dog,dog,dog
4247,dog,dog,dog,dog,dog
4248,cat,cat,cat,cat,cat
4249,deer,deer,deer,deer,deer
4250,automobile,automobile,automobile,automobile,automobile
4251,ship,ship,ship,airplane,airplane
4252,truck,truck,truck,truck,truck
4253,truck,truck,truck,truck,truck
4254,ship,ship,ship,ship,ship
4255,truck,truck,truck,truck,truck
4256,ship,ship,ship,ship,ship
4257,frog,frog,frog,frog,frog
4258,ship,ship,ship,ship,ship
4259,dog,dog,dog,dog,dog
4260,ship,ship,ship,ship,ship
4261,truck,truck,truck,truck,truck
4262,deer,deer,deer,deer,deer
4263,frog,frog,frog,frog,frog
4264,bird,bird,bird,bird,bird
4265,frog,frog,frog,frog,frog
4266,cat,cat,cat,cat,cat
4267,horse,horse,horse,horse,horse
4268,deer,deer,deer,deer,deer
4269,airplane,airplane,airplane,airplane,airplane
4270,airplane,airplane,airplane,airplane,airplane
4271,automobile,automobile,automobile,automobile,automobile
4272,horse,horse,horse,horse,horse
4273,dog,dog,dog,dog,dog
4274,automobile,automobile,automobile,automobile,automobile
4275,dog,cat,cat,dog,dog
4276,truck,automobile,automobile,automobile,automobile
4277,cat,cat,cat,cat,cat
4278,automobile,automobile,automobile,automobile,automobile
4279,frog,frog,frog,frog,frog
4280,ship,ship,ship,ship,ship
4281,horse,horse,horse,horse,horse
4282,cat,cat,cat,cat,cat
4283,frog,frog,frog,frog,frog
4284,truck,truck,truck,truck,truck
4285,automobile,automobile,automobile,automobile,automobile
4286,bird,bird,bird,bird,bird
4287,airplane,airplane,airplane,airplane,airplane
4288,automobile,automobile,automobile,automobile,automobile
4289,horse,horse,horse,horse,horse
4290,bird,bird,bird,bird,bird
4291,frog,frog,frog,frog,frog
4292,automobile,automobile,automobile,automobile,automobile
4293,truck,truck,truck,truck,truck
4294,airplane,airplane,airplane,airplane,airplane
4295,airplane,airplane,airplane,airplane,airplane
4296,ship,ship,ship,ship,ship
4297,truck,truck,truck,truck,truck
4298,truck,truck,truck,truck,truck
4299,bird,bird,bird,bird,bird
4300,ship,ship,ship,ship,ship
4301,frog,frog,frog,frog,frog
4302,bird,dog,dog,dog,dog
4303,dog,dog,dog,dog,dog
4304,frog,frog,frog,frog,frog
4305,airplane,airplane,airplane,airplane,airplane
4306,cat,cat,cat,cat,dog
4307,cat,cat,cat,bird,cat
4308,airplane,airplane,airplane,airplane,airplane
4309,horse,deer,deer,cat,dog
4310,deer,deer,deer,deer,deer
4311,horse,horse,horse,horse,horse
4312,dog,dog,dog,dog,dog
4313,airplane,airplane,airplane,bird,airplane
4314,automobile,automobile,automobile,automobile,automobile
4315,frog,airplane,airplane,frog,frog
4316,ship,ship,ship,ship,ship
4317,ship,ship,ship,ship,ship
4318,automobile,automobile,automobile,automobile,automobile
4319,bird,bird,bird,bird,bird
4320,automobile,truck,truck,automobile,automobile
4321,dog,dog,dog,dog,dog
4322,deer,deer,deer,deer,deer
4323,dog,dog,dog,dog,dog
4324,truck,truck,truck,truck,truck
4325,frog,frog,frog,frog,frog
4326,horse,horse,horse,horse,horse
4327,automobile,automobile,automobile,automobile,automobile
4328,airplane,airplane,airplane,airplane,airplane
4329,frog,frog,frog,dog,frog
4330,truck,truck,truck,truck,truck
4331,bird,bird,bird,cat,cat
4332,horse,horse,horse,horse,horse
4333,horse,horse,horse,dog,horse
4334,cat,cat,cat,cat,cat
4335,truck,truck,truck,truck,truck
4336,truck,truck,truck,truck,truck
4337,automobile,automobile,automobile,automobile,automobile
4338,truck,truck,truck,truck,truck
4339,horse,horse,horse,horse,horse
4340,airplane,airplane,airplane,airplane,airplane
4341,automobile,automobile,automobile,automobile,automobile
4342,cat,cat,cat,cat,cat
4343,dog,dog,dog,dog,dog
4344,deer,deer,deer,deer,deer
4345,frog,frog,frog,frog,frog
4346,cat,cat,cat,cat,cat
4347,ship,ship,ship,ship,ship
4348,ship,ship,ship,ship,ship
4349,airplane,airplane,airplane,airplane,airplane
4350,deer,deer,deer,deer,deer
4351,ship,ship,ship,ship,ship
4352,cat,cat,cat,cat,dog
4353,frog,frog,frog,frog,frog
4354,horse,horse,horse,horse,horse
4355,airplane,bird,bird,bird,bird
4356,airplane,airplane,airplane,airplane,airplane
4357,deer,deer,deer,deer,deer
4358,dog,dog,dog,dog,dog
4359,bird,bird,bird,bird,bird
4360,frog,frog,frog,frog,frog
4361,ship,ship,ship,ship,ship
4362,deer,deer,deer,deer,deer
4363,truck,truck,truck,truck,truck
4364,truck,truck,truck,truck,truck
4365,truck,truck,truck,truck,truck
4366,bird,frog,bird,frog,bird
4367,airplane,airplane,airplane,airplane,airplane
4368,deer,deer,deer,deer,deer
4369,bird,bird,bird,bird,bird
4370,ship,ship,ship,ship,ship
4371,automobile,automobile,automobile,automobile,automobile
4372,automobile,automobile,automobile,automobile,automobile
4373,airplane,airplane,airplane,airplane,airplane
4374,airplane,airplane,airplane,airplane,airplane
4375,cat,cat,cat,deer,cat
4376,horse,horse,horse,horse,horse
4377,deer,deer,deer,deer,deer
4378,automobile,automobile,automobile,automobile,automobile
4379,automobile,automobile,automobile,automobile,automobile
4380,truck,truck,truck,truck,truck
4381,horse,horse,horse,horse,horse
4382,horse,horse,horse,horse,horse
4383,deer,deer,deer,deer,deer
4384,frog,frog,frog,frog,frog
4385,ship,ship,ship,ship,ship
4386,frog,frog,frog,frog,frog
4387,airplane,airplane,airplane,airplane,airplane
4388,bird,bird,bird,bird,bird
4389,ship,ship,ship,ship,ship
4390,dog,dog,dog,dog,dog
4391,cat,cat,cat,ship,ship
4392,dog,dog,dog,dog,dog
4393,cat,cat,cat,cat,cat
4394,dog,dog,dog,dog,dog
4395,horse,horse,horse,horse,horse
4396,truck,truck,truck,truck,truck
4397,ship,ship,ship,ship,ship
4398,deer,deer,deer,deer,deer
4399,deer,deer,deer,deer,deer
4400,cat,cat,cat,cat,cat
4401,automobile,automobile,automobile,automobile,automobile
4402,deer,deer,deer,deer,deer
4403,ship,ship,ship,ship,ship
4404,cat,deer,deer,deer,frog
4405,frog,frog,frog,frog,frog
4406,dog,dog,dog,dog,dog
4407,cat,cat,cat,cat,cat
4408,airplane,airplane,airplane,airplane,airplane
4409,ship,ship,ship,automobile,automobile
4410,truck,truck,truck,truck,truck
4411,dog,dog,dog,dog,dog
4412,horse,horse,horse,horse,horse
4413,frog,frog,frog,frog,frog
4414,bird,bird,bird,bird,bird
4415,airplane,airplane,airplane,airplane,airplane
4416,deer,deer,deer,deer,deer
4417,truck,truck,truck,truck,truck
4418,truck,truck,truck,truck,truck
4419,airplane,airplane,airplane,airplane,airplane
4420,dog,dog,dog,dog,dog
4421,bird,bird,bird,bird,bird
4422,cat,cat,cat,cat,cat
4423,frog,bird,bird,dog,bird
4424,automobile,automobile,automobile,automobile,automobile
4425,automobile,automobile,automobile,automobile,automobile
4426,airplane,airplane,airplane,airplane,airplane
4427,bird,bird,bird,bird,bird
4428,ship,ship,ship,ship,ship
4429,bird,bird,bird,bird,bird
4430,automobile,automobile,automobile,automobile,automobile
4431,automobile,automobile,automobile,automobile,automobile
4432,horse,horse,horse,horse,horse
4433,dog,dog,dog,dog,dog
4434,bird,bird,bird,bird,bird
4435,cat,cat,cat,cat,cat
4436,deer,deer,deer,deer,deer
4437,automobile,automobile,automobile,automobile,automobile
4438,bird,bird,bird,cat,bird
4439,truck,truck,truck,cat,truck
4440,bird,bird,bird,bird,bird
4441,automobile,automobile,automobile,truck,automobile
4442,cat,truck,truck,truck,truck
4443,deer,deer,deer,deer,deer
4444,ship,ship,ship,ship,ship
4445,truck,truck,truck,truck,truck
4446,airplane,airplane,airplane,airplane,airplane
4447,airplane,airplane,airplane,ship,airplane
4448,deer,deer,deer,deer,deer
4449,truck,truck,truck,truck,truck
4450,airplane,airplane,airplane,airplane,airplane
4451,bird,bird,bird,bird,bird
4452,bird,bird,bird,bird,bird
4453,airplane,airplane,airplane,airplane,airplane
4454,frog,frog,frog,frog,frog
4455,ship,ship,ship,ship,ship
4456,horse,horse,horse,horse,horse
4457,cat,deer,deer,cat,dog
4458,cat,cat,cat,cat,cat
4459,ship,ship,ship,ship,ship
4460,truck,truck,truck,truck,truck
4461,airplane,airplane,airplane,airplane,airplane
4462,bird,bird,bird,dog,bird
4463,dog,dog,dog,bird,bird
4464,cat,cat,cat,cat,cat
4465,frog,frog,frog,frog,frog
4466,automobile,automobile,automobile,automobile,automobile
4467,cat,cat,cat,cat,cat
4468,truck,truck,truck,truck,truck
4469,dog,dog,dog,dog,dog
4470,airplane,airplane,airplane,truck,ship
4471,dog,dog,dog,dog,dog
4472,deer,deer,deer,deer,deer
4473,deer,deer,deer,deer,deer
4474,airplane,airplane,airplane,airplane,airplane
4475,automobile,automobile,automobile,automobile,automobile
4476,automobile,automobile,automobile,automobile,automobile
4477,frog,frog,frog,frog,frog
4478,automobile,automobile,automobile,automobile,automobile
4479,horse,horse,horse,horse,horse
4480,truck,truck,truck,truck,truck
4481,truck,truck,truck,automobile,truck
4482,frog,frog,frog,frog,frog
4483,bird,bird,bird,bird,bird
4484,deer,deer,deer,deer,deer
4485,cat,cat,cat,horse,cat
4486,ship,ship,ship,ship,ship
4487,cat,cat,cat,cat,cat
4488,deer,deer,deer,deer,deer
4489,horse,horse,horse,horse,horse
4490,airplane,airplane,airplane,airplane,airplane
4491,bird,bird,bird,bird,deer
4492,ship,ship,ship,ship,ship
4493,deer,deer,deer,deer,deer
4494,ship,ship,ship,ship,ship
4495,cat,cat,cat,cat,cat
4496,ship,ship,ship,ship,ship
4497,ship,ship,ship,ship,ship
4498,ship,ship,ship,ship,ship
4499,cat,cat,cat,cat,cat
4500,cat,cat,cat,dog,cat
4501,dog,dog,dog,dog,dog
4502,horse,horse,horse,horse,horse
4503,horse,cat,cat,deer,deer
4504,airplane,airplane,airplane,bird,airplane
4505,deer,deer,deer,deer,deer
4506,automobile,automobile,automobile,automobile,automobile
4507,dog,dog,dog,dog,dog
4508,truck,truck,truck,truck,truck
4509,horse,horse,horse,horse,horse
4510,airplane,airplane,airplane,airplane,airplane
4511,frog,frog,frog,frog,frog
4512,ship,ship,ship,ship,ship
4513,deer,deer,deer,cat,cat
4514,truck,truck,truck,truck,truck
4515,airplane,airplane,airplane,airplane,airplane
4516,automobile,automobile,automobile,truck,truck
4517,ship,ship,ship,ship,ship
4518,truck,truck,truck,truck,truck
4519,frog,frog,frog,frog,frog
4520,cat,cat,cat,cat,cat
4521,truck,truck,truck,truck,truck
4522,bird,bird,bird,bird,bird
4523,deer,deer,deer,deer,deer
4524,deer,deer,deer,deer,deer
4525,airplane,airplane,airplane,airplane,airplane
4526,cat,cat,cat,cat,cat
4527,cat,cat,cat,dog,cat
4528,dog,deer,deer,dog,dog
4529,deer,deer,deer,deer,deer
4530,dog,dog,dog,dog,dog
4531,automobile,automobile,automobile,automobile,automobile
4532,automobile,automobile,automobile,automobile,automobile
4533,ship,ship,ship,ship,ship
4534,bird,bird,bird,bird,bird
4535,bird,bird,bird,bird,bird
4536,truck,truck,truck,truck,truck
4537,cat,cat,cat,cat,cat
4538,horse,horse,horse,horse,horse
4539,ship,ship,ship,ship,ship
4540,truck,truck,truck,truck,truck
4541,bird,bird,bird,bird,bird
4542,cat,cat,cat,cat,cat
4543,automobile,automobile,automobile,automobile,automobile
4544,horse,horse,horse,horse,horse
4545,cat,deer,deer,cat,cat
4546,bird,bird,bird,airplane,airplane
4547,cat,cat,cat,cat,bird
4548,airplane,airplane,airplane,bird,bird
4549,automobile,automobile,automobile,automobile,automobile
4550,truck,truck,truck,truck,truck
4551,dog,dog,dog,dog,dog
4552,dog,dog,dog,dog,dog
4553,cat,cat,cat,cat,cat
4554,deer,deer,deer,deer,deer
4555,dog,dog,dog,cat,horse
4556,bird,ship,ship,bird,bird
4557,airplane,airplane,airplane,airplane,airplane
4558,airplane,airplane,airplane,airplane,airplane
4559,cat,cat,cat,deer,cat
4560,automobile,automobile,automobile,automobile,automobile
4561,cat,cat,cat,cat,dog
4562,deer,deer,deer,deer,deer
4563,horse,horse,horse,dog,horse
4564,deer,deer,deer,deer,deer
4565,bird,cat,cat,deer,deer
4566,ship,ship,ship,ship,ship
4567,deer,deer,deer,deer,deer
4568,ship,ship,ship,ship,ship
4569,truck,truck,truck,truck,truck
4570,truck,truck,truck,truck,truck
4571,deer,deer,deer,deer,deer
4572,bird,bird,bird,bird,bird
4573,deer,deer,deer,deer,deer
4574,cat,deer,deer,deer,deer
4575,frog,frog,frog,frog,frog
4576,deer,deer,deer,deer,deer
4577,frog,frog,frog,frog,frog
4578,deer,deer,deer,deer,deer
4579,frog,frog,frog,frog,frog
4580,frog,frog,frog,frog,frog
4581,cat,cat,cat,cat,cat
4582,ship,ship,ship,ship,ship
4583,horse,horse,horse,horse,horse
4584,deer,deer,deer,deer,deer
4585,ship,ship,ship,ship,ship
4586,airplane,airplane,airplane,airplane,airplane
4587,dog,dog,dog,dog,dog
4588,truck,truck,truck,truck,truck
4589,cat,dog,dog,cat,cat
4590,truck,bird,automobile,bird,bird
4591,airplane,airplane,airplane,airplane,airplane
4592,horse,horse,horse,horse,horse
4593,dog,dog,dog,dog,dog
4594,automobile,automobile,automobile,automobile,automobile
4595,truck,truck,truck,truck,truck
4596,horse,horse,horse,horse,horse
4597,truck,truck,truck,truck,truck
4598,automobile,automobile,automobile,automobile,automobile
4599,ship,ship,ship,automobile,airplane
4600,deer,deer,deer,deer,deer
4601,bird,bird,bird,bird,bird
4602,automobile,automobile,automobile,automobile,automobile
4603,frog,frog,frog,frog,frog
4604,deer,deer,deer,deer,deer
4605,cat,cat,cat,cat,cat
4606,airplane,airplane,airplane,airplane,airplane
4607,automobile,automobile,automobile,automobile,automobile
4608,deer,deer,deer,deer,deer
4609,ship,ship,ship,ship,ship
4610,frog,frog,frog,frog,frog
4611,automobile,automobile,automobile,automobile,automobile
4612,horse,horse,horse,bird,bird
4613,automobile,automobile,automobile,automobile,automobile
4614,cat,dog,dog,dog,dog
4615,dog,dog,dog,bird,bird
4616,deer,deer,deer,deer,deer
4617,cat,cat,cat,cat,cat
4618,cat,cat,cat,frog,frog
4619,truck,truck,truck,truck,truck
4620,horse,horse,horse,horse,horse
4621,ship,ship,ship,ship,ship
4622,bird,bird,bird,bird,bird
4623,dog,dog,dog,dog,dog
4624,dog,cat,cat,dog,dog
4625,deer,deer,deer,deer,deer
4626,dog,dog,dog,dog,dog
4627,deer,deer,deer,deer,deer
4628,dog,dog,dog,dog,dog
4629,horse,horse,horse,horse,horse
4630,bird,cat,cat,bird,cat
4631,dog,dog,dog,dog,dog
4632,dog,dog,dog,deer,dog
4633,automobile,automobile,automobile,automobile,automobile
4634,horse,horse,horse,horse,horse
4635,horse,horse,horse,horse,horse
4636,ship,ship,ship,ship,ship
4637,cat,cat,cat,cat,cat
4638,frog,frog,frog,frog,frog
4639,airplane,airplane,airplane,airplane,airplane
4640,bird,bird,bird,bird,bird
4641,dog,dog,dog,dog,dog
4642,bird,deer,deer,deer,bird
4643,cat,cat,cat,cat,cat
4644,horse,horse,horse,horse,horse
4645,deer,deer,deer,deer,deer
4646,bird,cat,cat,dog,dog
4647,automobile,automobile,automobile,automobile,automobile
4648,frog,frog,frog,frog,frog
4649,ship,ship,ship,ship,ship
4650,frog,frog,frog,frog,frog
4651,ship,ship,ship,ship,ship
4652,cat,cat,cat,cat,cat
4653,bird,bird,bird,bird,bird
4654,horse,horse,horse,horse,horse
4655,horse,horse,horse,horse,horse
4656,truck,truck,truck,truck,truck
4657,horse,horse,horse,horse,horse
4658,automobile,automobile,automobile,automobile,automobile
4659,deer,deer,deer,deer,deer
4660,horse,horse,horse,bird,horse
4661,deer,deer,deer,dog,cat
4662,frog,frog,frog,frog,frog
4663,automobile,automobile,automobile,automobile,automobile
4664,horse,horse,horse,horse,horse
4665,cat,cat,cat,cat,cat
4666,airplane,airplane,airplane,airplane,airplane
4667,airplane,airplane,airplane,airplane,airplane
4668,frog,frog,frog,frog,frog
4669,frog,frog,frog,frog,frog
4670,ship,ship,ship,ship,ship
4671,frog,frog,frog,frog,frog
4672,frog,frog,frog,frog,frog
4673,airplane,airplane,airplane,airplane,airplane
4674,cat,cat,cat,cat,cat
4675,deer,deer,deer,deer,deer
4676,horse,horse,horse,horse,horse
4677,deer,deer,deer,deer,deer
4678,truck,truck,truck,ship,ship
4679,deer,deer,deer,deer,deer
4680,truck,truck,truck,truck,truck
4681,truck,truck,truck,truck,truck
4682,cat,dog,dog,cat,cat
4683,deer,deer,deer,deer,deer
4684,automobile,automobile,automobile,automobile,automobile
4685,deer,deer,deer,deer,deer
4686,airplane,airplane,airplane,ship,airplane
4687,cat,cat,cat,cat,cat
4688,horse,horse,horse,horse,horse
4689,automobile,automobile,automobile,automobile,automobile
4690,bird,bird,bird,bird,bird
4691,bird,bird,bird,frog,frog
4692,ship,ship,ship,ship,ship
4693,deer,deer,deer,deer,deer
4694,horse,horse,horse,horse,horse
4695,ship,ship,ship,ship,ship
4696,dog,dog,dog,dog,dog
4697,dog,dog,dog,dog,dog
4698,frog,frog,frog,frog,frog
4699,dog,dog,dog,dog,dog
4700,frog,frog,frog,frog,frog
4701,airplane,airplane,airplane,airplane,airplane
4702,frog,frog,frog,frog,frog
4703,deer,bird,bird,deer,deer
4704,truck,truck,truck,truck,truck
4705,cat,cat,cat,cat,cat
4706,bird,bird,bird,bird,bird
4707,horse,horse,horse,horse,horse
4708,cat,cat,cat,cat,cat
4709,ship,ship,ship,ship,ship
4710,cat,dog,dog,bird,bird
4711,truck,truck,truck,truck,truck
4712,deer,deer,deer,deer,deer
4713,automobile,automobile,automobile,automobile,automobile
4714,frog,frog,frog,frog,frog
4715,truck,truck,truck,truck,truck
4716,truck,truck,truck,truck,truck
4717,deer,deer,deer,deer,deer
4718,cat,cat,cat,dog,dog
4719,truck,truck,truck,truck,truck
4720,ship,ship,ship,ship,ship
4721,automobile,automobile,automobile,automobile,automobile
4722,frog,frog,frog,frog,frog
4723,truck,truck,truck,truck,truck
4724,dog,dog,dog,dog,dog
4725,truck,truck,truck,truck,truck
4726,airplane,airplane,airplane,airplane,airplane
4727,truck,truck,truck,truck,truck
4728,horse,horse,horse,horse,horse
4729,bird,bird,bird,dog,dog
4730,bird,bird,bird,dog,bird
4731,deer,deer,deer,deer,deer
4732,bird,bird,bird,cat,bird
4733,frog,frog,frog,frog,frog
4734,deer,deer,deer,deer,deer
4735,ship,ship,ship,ship,ship
4736,automobile,automobile,automobile,automobile,automobile
4737,truck,truck,truck,truck,truck
4738,dog,dog,dog,cat,dog
4739,frog,frog,frog,frog,frog
4740,dog,cat,cat,cat,cat
4741,automobile,automobile,automobile,automobile,automobile
4742,ship,ship,ship,ship,ship
4743,frog,frog,frog,frog,frog
4744,frog,airplane,airplane,airplane,airplane
4745,horse,horse,horse,horse,horse
4746,frog,frog,frog,frog,frog
4747,dog,dog,dog,dog,dog
4748,airplane,ship,ship,automobile,truck
4749,bird,bird,bird,cat,cat
4750,horse,truck,truck,truck,truck
4751,frog,frog,frog,frog,frog
4752,automobile,automobile,automobile,automobile,automobile
4753,bird,bird,bird,horse,airplane
4754,cat,ship,ship,ship,ship
4755,automobile,automobile,automobile,automobile,automobile
4756,frog,frog,frog,frog,frog
4757,deer,deer,deer,deer,deer
4758,truck,truck,truck,truck,truck
4759,airplane,airplane,airplane,airplane,airplane
4760,cat,cat,cat,truck,automobile
4761,truck,truck,truck,truck,truck
4762,automobile,automobile,automobile,automobile,automobile
4763,airplane,airplane,airplane,airplane,airplane
4764,dog,dog,dog,dog,dog
4765,cat,cat,cat,cat,cat
4766,automobile,automobile,automobile,automobile,automobile
4767,frog,frog,frog,frog,frog
4768,truck,truck,truck,truck,truck
4769,ship,ship,ship,ship,ship
4770,truck,truck,truck,truck,truck
4771,airplane,airplane,airplane,airplane,airplane
4772,frog,frog,frog,frog,frog
4773,automobile,automobile,automobile,automobile,automobile
4774,frog,frog,frog,frog,frog
4775,bird,bird,bird,bird,bird
4776,cat,dog,dog,cat,dog
4777,dog,dog,dog,dog,dog
4778,frog,frog,frog,frog,frog
4779,truck,truck,truck,automobile,automobile
4780,airplane,airplane,airplane,airplane,airplane
4781,horse,horse,horse,horse,horse
4782,bird,bird,bird,bird,bird
4783,deer,deer,deer,deer,deer
4784,airplane,ship,ship,ship,ship
4785,cat,cat,cat,cat,cat
4786,frog,frog,frog,ship,ship
4787,ship,ship,ship,ship,ship
4788,frog,frog,frog,frog,frog
4789,truck,truck,truck,truck,truck
4790,automobile,automobile,automobile,automobile,automobile
4791,truck,truck,truck,truck,truck
4792,airplane,airplane,airplane,airplane,airplane
4793,frog,frog,frog,frog,frog
4794,deer,bird,bird,bird,bird
4795,dog,dog,dog,dog,cat
4796,truck,truck,truck,truck,truck
4797,dog,dog,dog,dog,dog
4798,deer,deer,deer,deer,deer
4799,automobile,automobile,automobile,automobile,automobile
4800,truck,truck,truck,truck,truck
4801,bird,bird,bird,horse,bird
4802,airplane,airplane,airplane,airplane,airplane
4803,horse,horse,horse,horse,horse
4804,cat,cat,cat,cat,cat
4805,dog,dog,dog,dog,dog
4806,automobile,automobile,automobile,automobile,automobile
4807,ship,ship,ship,ship,ship
4808,cat,cat,cat,cat,dog
4809,airplane,airplane,airplane,airplane,airplane
4810,dog,dog,dog,dog,dog
4811,bird,bird,bird,airplane,bird
4812,ship,ship,ship,ship,ship
4813,ship,ship,ship,ship,ship
4814,cat,cat,cat,cat,cat
4815,truck,truck,truck,truck,ship
4816,frog,frog,frog,frog,frog
4817,airplane,airplane,airplane,airplane,airplane
4818,cat,cat,cat,cat,truck
4819,dog,dog,dog,dog,dog
4820,cat,cat,cat,cat,cat
4821,deer,deer,deer,deer,deer
4822,automobile,automobile,automobile,automobile,automobile
4823,dog,dog,dog,cat,dog
4824,airplane,airplane,airplane,airplane,airplane
4825,horse,horse,horse,horse,horse
4826,cat,cat,cat,cat,cat
4827,truck,truck,truck,truck,truck
4828,deer,deer,deer,deer,deer
4829,dog,dog,dog,dog,dog
4830,cat,cat,cat,cat,dog
4831,automobile,automobile,automobile,automobile,automobile
4832,deer,deer,deer,deer,deer
4833,bird,bird,bird,bird,bird
4834,deer,deer,deer,deer,deer
4835,truck,truck,truck,truck,truck
4836,truck,truck,truck,truck,truck
4837,horse,horse,horse,horse,horse
4838,automobile,automobile,automobile,automobile,automobile
4839,horse,horse,horse,horse,horse
4840,airplane,airplane,airplane,airplane,airplane
4841,automobile,automobile,automobile,automobile,automobile
4842,bird,bird,bird,bird,bird
4843,automobile,automobile,automobile,automobile,ship
4844,dog,dog,dog,dog,dog
4845,cat,cat,cat,cat,cat
4846,ship,ship,ship,ship,ship
4847,deer,deer,deer,dog,deer
4848,automobile,automobile,automobile,automobile,automobile
4849,dog,dog,dog,dog,dog
4850,automobile,automobile,automobile,automobile,automobile
4851,truck,truck,truck,truck,truck
4852,truck,truck,truck,truck,truck
4853,horse,horse,horse,horse,horse
4854,airplane,airplane,airplane,airplane,airplane
4855,automobile,automobile,automobile,automobile,automobile
4856,horse,horse,horse,horse,horse
4857,frog,frog,frog,frog,frog
4858,bird,bird,bird,bird,bird
4859,frog,frog,frog,frog,frog
4860,dog,dog,dog,dog,dog
4861,airplane,ship,ship,airplane,airplane
4862,cat,cat,cat,cat,bird
4863,automobile,automobile,automobile,automobile,automobile
4864,cat,cat,cat,cat,dog
4865,ship,ship,ship,truck,truck
4866,truck,truck,truck,truck,truck
4867,truck,truck,truck,truck,truck
4868,airplane,airplane,airplane,airplane,ship
4869,ship,ship,ship,ship,ship
4870,ship,ship,ship,ship,ship
4871,horse,dog,dog,horse,dog
4872,truck,truck,truck,truck,truck
4873,bird,bird,bird,bird,bird
4874,truck,truck,truck,truck,truck
4875,automobile,automobile,automobile,automobile,automobile
4876,cat,cat,cat,cat,cat
4877,frog,frog,frog,frog,frog
4878,horse,horse,horse,horse,horse
4879,frog,frog,frog,frog,frog
4880,airplane,airplane,airplane,airplane,horse
4881,ship,ship,ship,ship,ship
4882,frog,frog,frog,frog,frog
4883,bird,bird,bird,bird,bird
4884,deer,deer,deer,deer,deer
4885,bird,bird,bird,bird,bird
4886,cat,cat,cat,cat,cat
4887,dog,dog,dog,dog,dog
4888,dog,dog,dog,dog,dog
4889,deer,deer,deer,deer,deer
4890,automobile,automobile,automobile,automobile,automobile
4891,frog,frog,frog,frog,frog
4892,horse,dog,dog,deer,dog
4893,automobile,automobile,automobile,automobile,automobile
4894,frog,frog,frog,frog,frog
4895,automobile,automobile,automobile,automobile,automobile
4896,horse,horse,horse,horse,horse
4897,automobile,automobile,automobile,automobile,automobile
4898,frog,frog,frog,frog,frog
4899,bird,bird,bird,bird,bird
4900,cat,cat,cat,cat,cat
4901,airplane,airplane,airplane,airplane,airplane
4902,deer,deer,deer,deer,deer
4903,bird,bird,bird,bird,bird
4904,truck,truck,truck,truck,truck
4905,horse,horse,horse,horse,horse
4906,dog,dog,dog,cat,cat
4907,dog,dog,dog,dog,dog
4908,frog,frog,frog,frog,frog
4909,airplane,airplane,airplane,airplane,airplane
4910,ship,ship,ship,truck,truck
4911,ship,ship,ship,ship,ship
4912,automobile,automobile,automobile,automobile,automobile
4913,automobile,automobile,automobile,automobile,automobile
4914,cat,cat,cat,cat,cat
4915,dog,dog,dog,dog,dog
4916,frog,frog,frog,frog,frog
4917,dog,dog,dog,dog,dog
4918,cat,cat,cat,cat,cat
4919,ship,ship,ship,ship,ship
4920,horse,horse,horse,horse,horse
4921,dog,dog,dog,dog,dog
4922,airplane,airplane,airplane,truck,truck
4923,horse,horse,horse,horse,horse
4924,horse,horse,horse,horse,horse
4925,dog,dog,dog,dog,dog
4926,horse,horse,horse,horse,dog
4927,automobile,automobile,automobile,automobile,automobile
4928,truck,truck,truck,truck,truck
4929,truck,truck,truck,truck,truck
4930,automobile,automobile,automobile,automobile,automobile
4931,truck,automobile,automobile,automobile,automobile
4932,truck,truck,truck,truck,truck
4933,cat,cat,cat,cat,cat
4934,dog,dog,dog,dog,dog
4935,dog,dog,dog,dog,dog
4936,cat,cat,cat,cat,cat
4937,airplane,airplane,airplane,airplane,airplane
4938,cat,cat,cat,cat,cat
4939,airplane,airplane,airplane,airplane,airplane
4940,frog,frog,frog,frog,frog
4941,frog,frog,frog,frog,frog
4942,dog,airplane,airplane,airplane,airplane
4943,frog,frog,frog,frog,frog
4944,ship,ship,ship,ship,ship
4945,truck,truck,truck,truck,truck
4946,deer,deer,deer,frog,frog
4947,dog,dog,dog,dog,frog
4948,automobile,automobile,automobile,automobile,automobile
4949,automobile,automobile,automobile,automobile,automobile
4950,bird,bird,bird,bird,bird
4951,horse,horse,horse,horse,horse
4952,truck,truck,truck,truck,truck
4953,airplane,airplane,airplane,airplane,airplane
4954,automobile,automobile,automobile,automobile,automobile
4955,bird,bird,bird,ship,airplane
4956,dog,dog,dog,dog,dog
4957,deer,deer,deer,deer,deer
4958,deer,deer,deer,deer,deer
4959,horse,horse,horse,horse,horse
4960,deer,deer,deer,deer,deer
4961,ship,ship,ship,ship,ship
4962,cat,cat,cat,cat,cat
4963,cat,cat,cat,bird,bird
4964,dog,horse,horse,deer,deer
4965,cat,deer,deer,deer,deer
4966,dog,dog,dog,dog,dog
4967,horse,horse,horse,truck,horse
4968,airplane,airplane,airplane,airplane,airplane
4969,automobile,automobile,automobile,automobile,automobile
4970,bird,bird,bird,bird,bird
4971,truck,truck,truck,truck,truck
4972,ship,ship,ship,frog,ship
4973,automobile,automobile,automobile,truck,truck
4974,horse,horse,horse,horse,horse
4975,cat,cat,cat,cat,cat
4976,dog,dog,dog,dog,dog
4977,truck,truck,truck,truck,truck
4978,automobile,automobile,automobile,automobile,automobile
4979,truck,truck,truck,truck,truck
4980,automobile,automobile,automobile,automobile,automobile
4981,automobile,automobile,automobile,automobile,automobile
4982,cat,cat,cat,cat,cat
4983,frog,frog,frog,frog,cat
4984,horse,horse,horse,horse,horse
4985,deer,deer,deer,deer,deer
4986,ship,ship,ship,ship,ship
4987,cat,cat,cat,cat,cat
4988,dog,dog,dog,dog,dog
4989,frog,frog,frog,frog,frog
4990,horse,horse,horse,dog,dog
4991,airplane,airplane,airplane,airplane,airplane
4992,automobile,automobile,automobile,automobile,automobile
4993,horse,airplane,airplane,horse,horse
4994,horse,horse,horse,horse,horse
4995,bird,cat,cat,cat,cat
4996,cat,cat,cat,dog,dog
4997,cat,cat,cat,cat,cat
4998,dog,frog,frog,dog,dog
4999,automobile,automobile,automobile,automobile,automobile
5000,horse,horse,horse,horse,horse
5001,frog,frog,frog,frog,frog
5002,ship,ship,ship,ship,ship
5003,deer,deer,deer,deer,deer
5004,deer,deer,deer,deer,deer
5005,dog,dog,dog,dog,dog
5006,horse,horse,horse,bird,bird
5007,cat,cat,cat,cat,cat
5008,deer,deer,deer,deer,deer
5009,horse,horse,horse,horse,horse
5010,horse,horse,horse,horse,horse
5011,cat,cat,cat,deer,deer
5012,frog,frog,frog,frog,frog
5013,airplane,cat,cat,cat,dog
5014,horse,horse,horse,horse,horse
5015,bird,bird,bird,bird,bird
5016,frog,frog,frog,frog,frog
5017,horse,horse,horse,horse,horse
5018,deer,deer,deer,deer,deer
5019,automobile,automobile,automobile,automobile,automobile
5020,ship,ship,ship,ship,ship
5021,airplane,airplane,airplane,airplane,airplane
5022,bird,bird,bird,bird,bird
5023,bird,bird,bird,bird,bird
5024,automobile,automobile,automobile,automobile,automobile
5025,dog,dog,dog,dog,dog
5026,deer,deer,deer,deer,deer
5027,airplane,airplane,airplane,airplane,airplane
5028,truck,truck,truck,truck,truck
5029,cat,cat,cat,cat,cat
5030,deer,airplane,airplane,airplane,deer
5031,deer,deer,deer,deer,deer
5032,bird,bird,bird,bird,bird
5033,cat,cat,cat,cat,cat
5034,ship,ship,ship,airplane,airplane
5035,dog,dog,dog,dog,dog
5036,airplane,airplane,airplane,airplane,airplane
5037,airplane,airplane,airplane,airplane,airplane
5038,deer,deer,deer,deer,deer
5039,frog,frog,frog,frog,frog
5040,cat,cat,cat,cat,cat
5041,truck,truck,truck,truck,truck
5042,bird,bird,bird,bird,bird
5043,airplane,airplane,airplane,airplane,airplane
5044,dog,dog,dog,dog,dog
5045,horse,horse,horse,horse,horse
5046,dog,dog,dog,dog,dog
5047,dog,dog,dog,dog,dog
5048,automobile,automobile,automobile,automobile,automobile
5049,horse,horse,horse,horse,horse
5050,cat,cat,cat,cat,cat
5051,automobile,automobile,automobile,automobile,automobile
5052,frog,frog,frog,frog,frog
5053,horse,horse,horse,horse,horse
5054,truck,truck,truck,truck,truck
5055,airplane,airplane,airplane,airplane,airplane
5056,automobile,automobile,automobile,truck,automobile
5057,bird,bird,bird,bird,bird
5058,automobile,automobile,automobile,automobile,automobile
5059,deer,deer,deer,deer,deer
5060,frog,frog,frog,frog,frog
5061,automobile,automobile,automobile,automobile,automobile
5062,dog,dog,dog,dog,dog
5063,truck,truck,truck,truck,truck
5064,dog,dog,dog,dog,dog
5065,airplane,airplane,airplane,airplane,airplane
5066,deer,deer,deer,deer,deer
5067,truck,truck,truck,truck,automobile
5068,deer,deer,deer,dog,dog
5069,truck,truck,truck,truck,truck
5070,horse,horse,horse,horse,horse
5071,automobile,automobile,automobile,automobile,automobile
5072,frog,frog,frog,frog,frog
5073,ship,ship,ship,ship,ship
5074,airplane,airplane,airplane,ship,cat
5075,frog,frog,frog,frog,frog
5076,dog,dog,dog,dog,dog
5077,airplane,airplane,airplane,bird,bird
5078,ship,ship,ship,ship,ship
5079,automobile,automobile,automobile,automobile,automobile
5080,horse,horse,horse,horse,horse
5081,dog,dog,dog,dog,dog
5082,frog,frog,frog,frog,frog
5083,truck,truck,truck,truck,truck
5084,cat,cat,cat,cat,cat
5085,bird,bird,bird,frog,frog
5086,cat,cat,cat,cat,cat
5087,truck,truck,truck,truck,truck
5088,ship,ship,ship,horse,ship
5089,frog,frog,frog,frog,frog
5090,automobile,automobile,automobile,automobile,automobile
5091,airplane,airplane,airplane,airplane,airplane
5092,truck,truck,truck,truck,truck
5093,airplane,airplane,airplane,airplane,airplane
5094,truck,truck,truck,truck,truck
5095,ship,ship,ship,ship,ship
5096,horse,horse,horse,horse,horse
5097,horse,horse,horse,horse,horse
5098,dog,dog,dog,bird,bird
5099,bird,bird,bird,bird,bird
5100,cat,cat,cat,cat,cat
5101,dog,dog,dog,dog,dog
5102,dog,cat,cat,dog,dog
5103,horse,horse,horse,deer,deer
5104,ship,ship,ship,ship,ship
5105,horse,horse,horse,horse,horse
5106,frog,frog,frog,frog,dog
5107,truck,truck,truck,truck,truck
5108,automobile,automobile,automobile,automobile,automobile
5109,truck,truck,truck,truck,truck
5110,ship,ship,ship,ship,ship
5111,frog,frog,frog,frog,frog
5112,dog,dog,dog,dog,dog
5113,frog,frog,frog,frog,frog
5114,horse,horse,horse,horse,horse
5115,dog,dog,dog,dog,dog
5116,frog,frog,frog,frog,frog
5117,horse,horse,horse,horse,horse
5118,bird,bird,bird,bird,bird
5119,dog,dog,dog,dog,airplane
5120,truck,truck,truck,truck,truck
5121,frog,frog,frog,frog,frog
5122,frog,frog,frog,frog,frog
5123,horse,horse,horse,horse,horse
5124,airplane,airplane,airplane,airplane,airplane
5125,automobile,automobile,automobile,automobile,automobile
5126,airplane,airplane,airplane,airplane,airplane
5127,automobile,automobile,automobile,automobile,automobile
5128,cat,cat,cat,cat,cat
5129,bird,bird,bird,bird,bird
5130,dog,cat,cat,dog,bird
5131,frog,frog,frog,frog,frog
5132,automobile,automobile,automobile,automobile,automobile
5133,bird,bird,bird,bird,bird
5134,dog,dog,dog,dog,dog
5135,automobile,automobile,automobile,automobile,automobile
5136,truck,truck,truck,truck,truck
5137,truck,truck,truck,truck,truck
5138,ship,ship,ship,ship,ship
5139,frog,frog,frog,frog,frog
5140,ship,ship,ship,ship,ship
5141,frog,cat,cat,frog,frog
5142,ship,ship,ship,ship,ship
5143,truck,truck,truck,truck,truck
5144,airplane,airplane,airplane,airplane,airplane
5145,deer,deer,deer,deer,deer
5146,airplane,airplane,airplane,airplane,airplane
5147,cat,cat,cat,cat,cat
5148,cat,cat,cat,cat,dog
5149,frog,frog,frog,frog,frog
5150,deer,deer,deer,deer,deer
5151,truck,truck,truck,cat,cat
5152,truck,truck,truck,truck,truck
5153,horse,horse,horse,horse,horse
5154,bird,bird,bird,bird,deer
5155,cat,dog,dog,dog,dog
5156,dog,dog,dog,dog,dog
5157,frog,frog,frog,frog,frog
5158,deer,deer,deer,deer,deer
5159,frog,frog,frog,frog,frog
5160,airplane,airplane,airplane,airplane,airplane
5161,cat,cat,cat,cat,cat
5162,horse,horse,horse,horse,horse
5163,dog,dog,dog,cat,dog
5164,airplane,airplane,airplane,airplane,airplane
5165,bird,bird,bird,bird,bird
5166,truck,truck,truck,horse,horse
5167,bird,bird,bird,bird,bird
5168,horse,horse,horse,horse,horse
5169,bird,bird,bird,bird,bird
5170,truck,truck,truck,truck,truck
5171,bird,bird,bird,bird,bird
5172,deer,dog,dog,cat,dog
5173,airplane,airplane,airplane,airplane,airplane
5174,frog,frog,frog,frog,frog
5175,frog,frog,frog,frog,frog
5176,cat,truck,truck,truck,truck
5177,deer,deer,deer,deer,frog
5178,dog,dog,dog,dog,dog
5179,dog,dog,dog,dog,dog
5180,truck,truck,truck,truck,truck
5181,automobile,automobile,automobile,automobile,automobile
5182,automobile,automobile,automobile,automobile,automobile
5183,deer,dog,dog,cat,cat
5184,deer,deer,deer,deer,deer
5185,cat,cat,cat,cat,cat
5186,dog,dog,dog,dog,dog
5187,deer,deer,deer,deer,deer
5188,ship,ship,ship,ship,ship
5189,airplane,airplane,airplane,airplane,airplane
5190,airplane,airplane,airplane,airplane,airplane
5191,cat,cat,cat,cat,cat
5192,truck,truck,truck,truck,truck
5193,deer,cat,cat,frog,frog
5194,horse,horse,horse,horse,horse
5195,deer,deer,deer,deer,deer
5196,bird,bird,bird,bird,bird
5197,ship,ship,ship,ship,ship
5198,cat,cat,cat,ship,cat
5199,frog,frog,frog,frog,frog
5200,cat,cat,cat,cat,cat
5201,automobile,automobile,automobile,automobile,automobile
5202,truck,truck,truck,truck,truck
5203,frog,frog,frog,cat,cat
5204,cat,cat,cat,cat,cat
5205,ship,ship,ship,ship,ship
5206,cat,dog,dog,dog,dog
5207,ship,ship,ship,ship,automobile
5208,deer,deer,deer,deer,deer
5209,horse,horse,horse,horse,horse
5210,dog,dog,dog,dog,dog
5211,horse,horse,deer,cat,truck
5212,dog,dog,dog,dog,dog
5213,cat,bird,bird,horse,deer
5214,automobile,automobile,automobile,automobile,automobile
5215,bird,bird,bird,bird,bird
5216,frog,frog,frog,frog,frog
5217,automobile,automobile,automobile,automobile,automobile
5218,cat,dog,dog,dog,dog
5219,bird,bird,bird,bird,bird
5220,airplane,airplane,airplane,airplane,airplane
5221,horse,horse,horse,horse,horse
5222,dog,dog,dog,dog,dog
5223,airplane,airplane,airplane,airplane,airplane
5224,airplane,cat,cat,cat,cat
5225,airplane,airplane,airplane,airplane,airplane
5226,automobile,automobile,automobile,automobile,automobile
5227,deer,deer,deer,frog,frog
5228,cat,cat,cat,cat,cat
5229,dog,cat,cat,cat,cat
5230,ship,ship,ship,ship,ship
5231,deer,deer,deer,deer,deer
5232,cat,cat,cat,cat,cat
5233,automobile,automobile,automobile,automobile,automobile
5234,horse,horse,horse,horse,horse
5235,automobile,automobile,automobile,automobile,automobile
5236,airplane,airplane,airplane,airplane,airplane
5237,deer,deer,deer,deer,deer
5238,bird,bird,bird,bird,airplane
5239,deer,deer,deer,deer,deer
5240,automobile,automobile,automobile,automobile,automobile
5241,deer,deer,deer,deer,frog
5242,airplane,airplane,airplane,airplane,airplane
5243,automobile,automobile,automobile,automobile,automobile
5244,bird,bird,bird,bird,bird
5245,automobile,automobile,automobile,automobile,automobile
5246,horse,horse,horse,horse,horse
5247,horse,horse,horse,horse,horse
5248,truck,truck,truck,truck,truck
5249,ship,ship,ship,ship,ship
5250,horse,horse,horse,horse,horse
5251,dog,dog,dog,dog,dog
5252,deer,deer,deer,deer,deer
5253,airplane,airplane,airplane,airplane,airplane
5254,truck,truck,truck,truck,truck
5255,airplane,airplane,airplane,airplane,airplane
5256,airplane,airplane,airplane,airplane,airplane
5257,ship,ship,ship,ship,ship
5258,bird,bird,bird,bird,bird
5259,airplane,airplane,airplane,ship,airplane
5260,airplane,airplane,airplane,airplane,airplane
5261,bird,bird,bird,bird,bird
5262,deer,deer,deer,deer,deer
5263,ship,ship,ship,ship,ship
5264,frog,frog,frog,frog,frog
5265,bird,bird,bird,bird,bird
5266,deer,deer,deer,deer,deer
5267,frog,frog,frog,frog,frog
5268,cat,cat,cat,cat,cat
5269,dog,dog,dog,dog,dog
5270,automobile,automobile,automobile,automobile,automobile
5271,dog,dog,dog,dog,dog
5272,cat,cat,cat,truck,cat
5273,horse,horse,horse,horse,horse
5274,bird,bird,bird,bird,bird
5275,bird,bird,bird,bird,bird
5276,truck,truck,truck,truck,truck
5277,ship,ship,ship,airplane,airplane
5278,airplane,airplane,airplane,airplane,airplane
5279,airplane,airplane,airplane,airplane,truck
5280,airplane,airplane,airplane,airplane,airplane
5281,cat,cat,cat,frog,cat
5282,deer,deer,deer,deer,deer
5283,deer,deer,deer,deer,deer
5284,frog,frog,frog,frog,frog
5285,automobile,automobile,automobile,automobile,automobile
5286,frog,frog,frog,frog,frog
5287,horse,horse,horse,cat,cat
5288,deer,deer,deer,deer,deer
5289,deer,deer,deer,deer,deer
5290,cat,horse,horse,horse,horse
5291,truck,truck,truck,truck,truck
5292,deer,deer,deer,horse,horse
5293,airplane,airplane,airplane,airplane,airplane
5294,ship,ship,ship,ship,ship
5295,airplane,airplane,airplane,airplane,airplane
5296,deer,deer,deer,deer,deer
5297,frog,frog,frog,frog,frog
5298,dog,dog,dog,dog,dog
5299,horse,horse,horse,horse,horse
5300,truck,truck,truck,truck,truck
5301,horse,horse,horse,horse,horse
5302,airplane,airplane,airplane,airplane,airplane
5303,dog,dog,dog,dog,dog
5304,horse,horse,horse,horse,horse
5305,horse,horse,horse,horse,horse
5306,cat,cat,cat,cat,cat
5307,automobile,automobile,automobile,automobile,automobile
5308,truck,truck,truck,truck,truck
5309,cat,cat,cat,cat,cat
5310,airplane,airplane,airplane,airplane,bird
5311,truck,truck,truck,truck,truck
5312,dog,dog,dog,dog,dog
5313,cat,cat,cat,cat,cat
5314,horse,horse,horse,horse,horse
5315,truck,truck,truck,truck,truck
5316,deer,deer,deer,deer,deer
5317,deer,deer,deer,deer,deer
5318,automobile,automobile,automobile,airplane,airplane
5319,horse,horse,horse,horse,horse
5320,horse,horse,horse,horse,horse
5321,automobile,automobile,automobile,automobile,automobile
5322,deer,deer,deer,deer,deer
5323,automobile,automobile,automobile,automobile,automobile
5324,bird,airplane,airplane,horse,horse
5325,ship,ship,ship,ship,ship
5326,horse,horse,horse,horse,horse
5327,airplane,airplane,airplane,airplane,airplane
5328,airplane,airplane,airplane,airplane,airplane
5329,deer,deer,deer,deer,deer
5330,horse,horse,horse,horse,cat
5331,bird,bird,bird,bird,bird
5332,truck,truck,truck,truck,truck
5333,horse,horse,horse,horse,horse
5334,frog,frog,frog,frog,frog
5335,truck,truck,truck,truck,truck
5336,cat,cat,cat,cat,cat
5337,dog,dog,dog,dog,dog
5338,ship,ship,ship,airplane,ship
5339,airplane,airplane,airplane,airplane,airplane
5340,cat,cat,cat,deer,deer
5341,frog,frog,frog,frog,frog
5342,ship,ship,ship,ship,ship
5343,cat,cat,cat,cat,cat
5344,bird,bird,bird,frog,frog
5345,deer,deer,deer,deer,deer
5346,horse,horse,horse,horse,horse
5347,automobile,automobile,automobile,automobile,automobile
5348,automobile,automobile,automobile,automobile,automobile
5349,cat,cat,cat,cat,cat
5350,truck,truck,truck,truck,truck
5351,horse,horse,horse,horse,horse
5352,dog,dog,dog,dog,dog
5353,automobile,automobile,automobile,automobile,automobile
5354,airplane,airplane,airplane,deer,deer
5355,ship,ship,ship,ship,ship
5356,horse,horse,horse,horse,horse
5357,airplane,airplane,airplane,airplane,airplane
5358,automobile,automobile,automobile,automobile,automobile
5359,frog,frog,frog,frog,frog
5360,truck,truck,truck,truck,truck
5361,cat,cat,cat,cat,cat
5362,bird,bird,bird,bird,bird
5363,horse,horse,horse,horse,horse
5364,horse,horse,horse,horse,horse
5365,ship,ship,ship,ship,ship
5366,automobile,automobile,automobile,ship,automobile
5367,airplane,airplane,airplane,deer,deer
5368,cat,cat,cat,cat,cat
5369,deer,dog,dog,bird,bird
5370,frog,frog,frog,frog,frog
5371,horse,horse,horse,horse,horse
5372,dog,ship,ship,dog,ship
5373,bird,bird,bird,bird,bird
5374,airplane,airplane,airplane,airplane,airplane
5375,automobile,automobile,automobile,automobile,automobile
5376,dog,dog,dog,dog,dog
5377,dog,dog,dog,dog,dog
5378,automobile,automobile,automobile,automobile,automobile
5379,deer,deer,deer,deer,deer
5380,automobile,automobile,automobile,automobile,automobile
5381,cat,cat,cat,cat,cat
5382,airplane,airplane,airplane,airplane,airplane
5383,ship,ship,ship,ship,ship
5384,frog,frog,frog,frog,frog
5385,bird,bird,bird,bird,dog
5386,automobile,automobile,automobile,automobile,automobile
5387,cat,cat,cat,frog,frog
5388,frog,bird,bird,frog,cat
5389,deer,deer,deer,deer,deer
5390,automobile,automobile,automobile,automobile,automobile
5391,truck,truck,truck,truck,truck
5392,airplane,airplane,airplane,airplane,airplane
5393,deer,deer,deer,deer,deer
5394,automobile,automobile,automobile,automobile,automobile
5395,airplane,airplane,airplane,airplane,airplane
5396,automobile,automobile,automobile,automobile,automobile
5397,truck,truck,truck,truck,truck
5398,ship,airplane,airplane,ship,ship
5399,frog,frog,frog,frog,frog
5400,truck,truck,truck,truck,truck
5401,bird,bird,bird,bird,bird
5402,deer,deer,deer,deer,deer
5403,horse,horse,horse,horse,horse
5404,bird,bird,bird,bird,bird
5405,bird,bird,bird,bird,bird
5406,horse,horse,horse,horse,horse
5407,deer,deer,deer,horse,horse
5408,truck,truck,truck,truck,truck
5409,automobile,automobile,automobile,automobile,automobile
5410,cat,dog,dog,dog,dog
5411,bird,bird,bird,bird,bird
5412,frog,frog,frog,frog,frog
5413,cat,cat,cat,cat,cat
5414,deer,bird,bird,deer,deer
5415,deer,deer,deer,deer,deer
5416,truck,automobile,automobile,automobile,automobile
5417,deer,deer,deer,deer,deer
5418,ship,ship,ship,ship,ship
5419,bird,bird,bird,frog,bird
5420,frog,frog,frog,frog,frog
5421,frog,frog,frog,frog,frog
5422,automobile,automobile,automobile,automobile,automobile
5423,frog,frog,frog,frog,frog
5424,cat,cat,cat,cat,cat
5425,frog,frog,frog,frog,frog
5426,dog,cat,cat,cat,dog
5427,ship,ship,ship,ship,ship
5428,deer,deer,deer,deer,deer
5429,frog,frog,frog,frog,frog
5430,horse,horse,horse,horse,horse
5431,automobile,automobile,automobile,automobile,automobile
5432,truck,truck,truck,truck,truck
5433,cat,cat,cat,dog,dog
5434,frog,frog,frog,frog,frog
5435,horse,horse,horse,horse,horse
5436,frog,frog,frog,frog,frog
5437,airplane,airplane,airplane,airplane,airplane
5438,horse,horse,horse,horse,horse
5439,automobile,automobile,automobile,automobile,automobile
5440,truck,truck,truck,truck,truck
5441,dog,dog,dog,cat,dog
5442,bird,bird,bird,bird,bird
5443,frog,frog,frog,frog,frog
5444,horse,horse,horse,horse,horse
5445,horse,horse,horse,horse,horse
5446,frog,frog,frog,cat,cat
5447,dog,dog,dog,dog,dog
5448,truck,truck,truck,truck,truck
5449,automobile,automobile,automobile,automobile,automobile
5450,dog,dog,dog,cat,cat
5451,frog,frog,frog,frog,frog
5452,airplane,airplane,airplane,airplane,airplane
5453,bird,bird,bird,bird,bird
5454,airplane,bird,bird,airplane,airplane
5455,truck,automobile,automobile,automobile,automobile
5456,automobile,automobile,automobile,automobile,automobile
5457,ship,ship,ship,ship,ship
5458,cat,frog,frog,frog,deer
5459,dog,dog,dog,dog,dog
5460,airplane,airplane,airplane,airplane,airplane
5461,airplane,airplane,airplane,bird,bird
5462,airplane,airplane,airplane,airplane,airplane
5463,dog,dog,dog,dog,dog
5464,horse,horse,horse,horse,horse
5465,horse,horse,horse,horse,horse
5466,ship,ship,ship,ship,ship
5467,dog,dog,dog,dog,dog
5468,dog,cat,cat,dog,dog
5469,dog,dog,dog,dog,dog
5470,automobile,automobile,automobile,automobile,automobile
5471,frog,frog,frog,frog,frog
5472,automobile,automobile,automobile,automobile,automobile
5473,dog,dog,dog,dog,dog
5474,automobile,automobile,automobile,automobile,automobile
5475,airplane,airplane,airplane,airplane,airplane
5476,frog,frog,frog,frog,frog
5477,bird,bird,bird,bird,deer
5478,cat,cat,cat,cat,cat
5479,bird,bird,bird,bird,bird
5480,automobile,automobile,automobile,automobile,automobile
5481,horse,horse,horse,bird,horse
5482,dog,dog,dog,dog,dog
5483,automobile,automobile,automobile,automobile,automobile
5484,truck,truck,truck,truck,truck
5485,ship,ship,ship,ship,ship
5486,cat,cat,cat,cat,cat
5487,frog,frog,frog,frog,frog
5488,truck,truck,truck,truck,truck
5489,horse,horse,horse,horse,horse
5490,cat,cat,cat,cat,dog
5491,airplane,airplane,airplane,airplane,airplane
5492,bird,bird,bird,bird,bird
5493,cat,frog,frog,cat,cat
5494,truck,truck,truck,truck,truck
5495,deer,deer,deer,deer,deer
5496,deer,deer,deer,deer,frog
5497,cat,cat,cat,cat,cat
5498,truck,truck,truck,truck,truck
5499,frog,frog,frog,frog,frog
5500,ship,ship,ship,ship,ship
5501,frog,frog,frog,frog,frog
5502,frog,frog,frog,frog,frog
5503,ship,ship,ship,ship,ship
5504,dog,dog,dog,dog,dog
5505,deer,deer,deer,deer,deer
5506,cat,cat,cat,deer,deer
5507,frog,frog,frog,frog,frog
5508,horse,horse,horse,horse,dog
5509,horse,horse,horse,horse,horse
5510,deer,deer,deer,deer,deer
5511,cat,frog,frog,frog,frog
5512,truck,truck,truck,truck,truck
5513,frog,frog,frog,frog,frog
5514,bird,bird,bird,bird,bird
5515,deer,deer,deer,deer,deer
5516,airplane,airplane,airplane,airplane,airplane
5517,automobile,automobile,automobile,truck,automobile
5518,cat,cat,cat,deer,deer
5519,frog,frog,frog,frog,frog
5520,deer,deer,deer,deer,deer
5521,truck,truck,truck,truck,truck
5522,bird,bird,bird,bird,bird
5523,frog,frog,frog,frog,frog
5524,airplane,airplane,airplane,airplane,airplane
5525,cat,cat,cat,airplane,airplane
5526,ship,ship,ship,ship,ship
5527,horse,horse,horse,horse,horse
5528,dog,dog,dog,dog,dog
5529,cat,cat,cat,ship,cat
5530,cat,dog,dog,bird,cat
5531,ship,ship,ship,ship,ship
5532,cat,cat,cat,cat,cat
5533,bird,bird,bird,bird,bird
5534,frog,frog,frog,frog,frog
5535,cat,cat,cat,cat,cat
5536,frog,frog,frog,frog,frog
5537,bird,dog,dog,dog,dog
5538,horse,horse,horse,horse,horse
5539,deer,deer,deer,deer,deer
5540,dog,dog,dog,dog,dog
5541,horse,horse,horse,horse,horse
5542,truck,truck,truck,truck,truck
5543,airplane,airplane,airplane,airplane,airplane
5544,airplane,airplane,airplane,cat,airplane
5545,frog,frog,frog,frog,frog
5546,horse,horse,horse,horse,horse
5547,bird,bird,bird,bird,bird
5548,ship,airplane,airplane,airplane,airplane
5549,dog,dog,dog,dog,dog
5550,dog,dog,dog,dog,dog
5551,horse,horse,horse,horse,horse
5552,dog,dog,dog,dog,dog
5553,dog,dog,dog,dog,dog
5554,truck,truck,truck,truck,truck
5555,deer,deer,deer,deer,deer
5556,frog,frog,frog,frog,frog
5557,deer,deer,deer,deer,deer
5558,horse,cat,cat,horse,horse
5559,cat,cat,cat,bird,bird
5560,cat,dog,dog,dog,cat
5561,frog,frog,frog,frog,frog
5562,deer,deer,deer,deer,deer
5563,automobile,automobile,automobile,automobile,automobile
5564,frog,frog,frog,frog,frog
5565,cat,cat,cat,cat,cat
5566,automobile,automobile,automobile,automobile,automobile
5567,frog,frog,frog,frog,frog
5568,horse,horse,horse,horse,horse
5569,airplane,airplane,airplane,airplane,airplane
5570,dog,dog,dog,dog,dog
5571,airplane,airplane,airplane,airplane,airplane
5572,automobile,automobile,automobile,automobile,automobile
5573,truck,truck,truck,truck,truck
5574,horse,horse,horse,horse,horse
5575,cat,cat,cat,cat,cat
5576,dog,dog,dog,dog,dog
5577,bird,bird,bird,bird,bird
5578,cat,dog,dog,cat,cat
5579,truck,truck,truck,truck,truck
5580,dog,dog,dog,dog,dog
5581,frog,frog,frog,frog,frog
5582,deer,bird,deer,dog,bird
5583,airplane,airplane,airplane,airplane,airplane
5584,airplane,airplane,airplane,airplane,airplane
5585,airplane,airplane,airplane,airplane,airplane
5586,ship,ship,ship,ship,ship
5587,airplane,airplane,airplane,airplane,airplane
5588,cat,cat,cat,cat,cat
5589,bird,bird,bird,bird,bird
5590,deer,deer,deer,deer,deer
5591,dog,dog,dog,dog,dog
5592,cat,cat,cat,cat,cat
5593,horse,horse,horse,horse,horse
5594,truck,truck,truck,truck,truck
5595,frog,frog,frog,frog,frog
5596,truck,truck,truck,truck,truck
5597,cat,cat,cat,ship,ship
5598,automobile,automobile,automobile,automobile,automobile
5599,bird,bird,bird,bird,bird
5600,frog,frog,frog,bird,bird
5601,horse,horse,horse,horse,horse
5602,deer,deer,deer,deer,deer
5603,dog,dog,dog,deer,deer
5604,automobile,automobile,automobile,automobile,automobile
5605,cat,cat,cat,cat,dog
5606,horse,horse,horse,horse,horse
5607,frog,frog,frog,automobile,airplane
5608,truck,truck,truck,truck,truck
5609,dog,dog,dog,cat,cat
5610,ship,airplane,airplane,airplane,airplane
5611,dog,dog,dog,dog,dog
5612,ship,ship,ship,ship,ship
5613,dog,dog,dog,dog,dog
5614,ship,ship,ship,ship,ship
5615,dog,dog,dog,dog,dog
5616,frog,frog,frog,frog,frog
5617,dog,dog,dog,dog,dog
5618,airplane,airplane,airplane,airplane,airplane
5619,ship,ship,ship,ship,ship
5620,cat,cat,cat,bird,bird
5621,ship,ship,ship,ship,ship
5622,automobile,automobile,automobile,automobile,automobile
5623,ship,ship,ship,ship,ship
5624,automobile,automobile,automobile,automobile,automobile
5625,dog,dog,dog,dog,dog
5626,airplane,airplane,airplane,airplane,airplane
5627,truck,truck,truck,truck,truck
5628,ship,ship,ship,automobile,truck
5629,frog,frog,frog,frog,frog
5630,cat,cat,cat,cat,cat
5631,frog,frog,frog,frog,frog
5632,cat,cat,cat,dog,cat
5633,deer,deer,deer,deer,deer
5634,deer,deer,deer,deer,deer
5635,horse,horse,horse,horse,horse
5636,deer,deer,deer,deer,deer
5637,horse,horse,horse,horse,horse
5638,deer,deer,deer,deer,deer
5639,cat,cat,cat,bird,bird
5640,bird,bird,bird,dog,dog
5641,deer,deer,deer,deer,deer
5642,dog,dog,dog,deer,deer
5643,dog,dog,dog,dog,dog
5644,horse,horse,horse,horse,horse
5645,dog,dog,dog,dog,dog
5646,deer,deer,deer,airplane,ship
5647,dog,dog,dog,dog,dog
5648,ship,ship,ship,ship,ship
5649,airplane,airplane,airplane,airplane,airplane
5650,dog,dog,dog,dog,dog
5651,deer,deer,deer,deer,deer
5652,airplane,airplane,airplane,airplane,airplane
5653,dog,dog,dog,dog,dog
5654,deer,deer,deer,deer,deer
5655,cat,cat,cat,cat,cat
5656,cat,cat,cat,cat,cat
5657,bird,bird,bird,bird,bird
5658,deer,deer,deer,deer,deer
5659,bird,bird,bird,bird,bird
5660,truck,truck,truck,truck,truck
5661,deer,deer,deer,deer,deer
5662,ship,ship,ship,ship,ship
5663,ship,ship,ship,ship,ship
5664,frog,frog,frog,frog,frog
5665,bird,airplane,airplane,bird,bird
5666,frog,frog,frog,frog,frog
5667,automobile,automobile,automobile,automobile,automobile
5668,horse,horse,horse,horse,horse
5669,airplane,airplane,airplane,airplane,airplane
5670,deer,deer,deer,deer,deer
5671,cat,cat,cat,cat,cat
5672,ship,ship,ship,ship,ship
5673,dog,dog,dog,dog,dog
5674,truck,truck,truck,truck,truck
5675,horse,horse,horse,horse,horse
5676,frog,frog,frog,frog,frog
5677,horse,horse,horse,horse,horse
5678,automobile,automobile,automobile,automobile,automobile
5679,airplane,airplane,airplane,airplane,airplane
5680,bird,bird,bird,bird,bird
5681,cat,cat,cat,cat,cat
5682,dog,dog,dog,dog,cat
5683,frog,frog,frog,frog,frog
5684,horse,horse,horse,horse,horse
5685,automobile,automobile,automobile,automobile,automobile
5686,frog,frog,frog,frog,frog
5687,bird,bird,bird,bird,bird
5688,ship,ship,ship,ship,ship
5689,cat,cat,cat,cat,cat
5690,horse,dog,dog,horse,horse
5691,bird,bird,bird,bird,bird
5692,dog,dog,dog,dog,dog
5693,horse,horse,horse,horse,horse
5694,dog,dog,dog,dog,dog
5695,horse,horse,horse,horse,horse
5696,horse,horse,horse,horse,horse
5697,automobile,automobile,automobile,automobile,automobile
5698,horse,horse,horse,horse,horse
5699,deer,deer,deer,deer,deer
5700,cat,dog,dog,cat,dog
5701,cat,cat,cat,cat,cat
5702,deer,deer,deer,deer,deer
5703,airplane,airplane,airplane,airplane,airplane
5704,deer,deer,deer,deer,deer
5705,bird,bird,bird,bird,bird
5706,horse,horse,horse,horse,horse
5707,airplane,airplane,airplane,airplane,airplane
5708,bird,horse,horse,dog,dog
5709,bird,bird,bird,bird,bird
5710,frog,frog,frog,frog,frog
5711,frog,frog,frog,frog,frog
5712,bird,bird,bird,bird,bird
5713,dog,dog,dog,dog,dog
5714,bird,bird,bird,bird,bird
5715,frog,frog,frog,frog,frog
5716,airplane,airplane,airplane,airplane,airplane
5717,frog,frog,frog,frog,frog
5718,automobile,automobile,automobile,automobile,ship
5719,bird,bird,bird,bird,bird
5720,truck,truck,truck,truck,truck
5721,airplane,airplane,airplane,airplane,airplane
5722,airplane,airplane,airplane,airplane,airplane
5723,automobile,automobile,automobile,automobile,automobile
5724,dog,cat,cat,dog,dog
5725,dog,dog,dog,dog,dog
5726,automobile,automobile,automobile,automobile,automobile
5727,frog,frog,frog,frog,frog
5728,horse,horse,horse,horse,horse
5729,ship,ship,ship,airplane,airplane
5730,dog,cat,cat,cat,deer
5731,frog,frog,frog,frog,frog
5732,cat,cat,cat,cat,cat
5733,cat,dog,dog,cat,cat
5734,frog,frog,frog,frog,frog
5735,airplane,airplane,airplane,airplane,airplane
5736,truck,truck,truck,truck,truck
5737,truck,truck,truck,truck,truck
5738,bird,bird,bird,bird,bird
5739,bird,bird,bird,bird,bird
5740,frog,frog,frog,frog,frog
5741,automobile,automobile,automobile,automobile,automobile
5742,deer,deer,deer,deer,deer
5743,frog,frog,frog,frog,frog
5744,bird,bird,bird,bird,bird
5745,dog,dog,dog,dog,dog
5746,horse,horse,horse,horse,horse
5747,ship,ship,ship,airplane,airplane
5748,ship,ship,ship,ship,ship
5749,dog,dog,dog,cat,cat
5750,frog,frog,frog,frog,frog
5751,deer,deer,deer,deer,deer
5752,cat,cat,cat,cat,cat
5753,bird,bird,bird,bird,bird
5754,cat,cat,cat,cat,cat
5755,deer,deer,deer,deer,deer
5756,deer,deer,deer,deer,deer
5757,deer,deer,deer,deer,deer
5758,ship,ship,ship,ship,ship
5759,truck,truck,truck,truck,truck
5760,bird,bird,bird,bird,bird
5761,frog,frog,frog,frog,frog
5762,airplane,airplane,airplane,airplane,airplane
5763,truck,truck,truck,truck,airplane
5764,horse,horse,horse,horse,horse
5765,truck,truck,truck,truck,truck
5766,ship,ship,ship,ship,ship
5767,horse,horse,horse,horse,horse
5768,horse,horse,horse,horse,horse
5769,cat,cat,cat,cat,cat
5770,ship,ship,ship,ship,ship
5771,bird,bird,bird,bird,bird
5772,truck,truck,truck,truck,truck
5773,cat,cat,cat,cat,cat
5774,dog,dog,dog,cat,dog
5775,horse,horse,horse,horse,horse
5776,dog,dog,dog,dog,dog
5777,ship,ship,ship,ship,ship
5778,horse,horse,horse,horse,horse
5779,cat,cat,cat,cat,cat
5780,horse,horse,horse,horse,horse
5781,airplane,airplane,airplane,airplane,airplane
5782,horse,horse,horse,dog,horse
5783,automobile,automobile,automobile,automobile,automobile
5784,frog,frog,frog,frog,frog
5785,bird,bird,bird,bird,bird
5786,deer,deer,deer,bird,deer
5787,airplane,airplane,airplane,airplane,airplane
5788,airplane,airplane,airplane,airplane,airplane
5789,bird,bird,bird,bird,bird
5790,truck,truck,truck,truck,truck
5791,ship,ship,ship,ship,ship
5792,bird,bird,bird,bird,bird
5793,ship,ship,ship,ship,ship
5794,horse,horse,horse,airplane,airplane
5795,horse,horse,horse,horse,deer
5796,dog,dog,dog,dog,dog
5797,dog,dog,dog,dog,bird
5798,airplane,airplane,airplane,airplane,airplane
5799,automobile,automobile,automobile,automobile,automobile
5800,bird,bird,bird,bird,bird
5801,truck,truck,truck,truck,truck
5802,frog,frog,frog,frog,frog
5803,automobile,automobile,automobile,automobile,automobile
5804,airplane,airplane,airplane,airplane,airplane
5805,automobile,automobile,automobile,automobile,automobile
5806,airplane,airplane,airplane,ship,ship
5807,frog,frog,frog,frog,frog
5808,dog,cat,dog,cat,cat
5809,airplane,airplane,airplane,dog,airplane
5810,dog,dog,dog,dog,dog
5811,horse,horse,horse,horse,horse
5812,deer,deer,deer,deer,deer
5813,deer,deer,deer,deer,deer
5814,ship,ship,ship,ship,ship
5815,cat,cat,cat,dog,dog
5816,dog,dog,dog,dog,dog
5817,cat,cat,cat,cat,cat
5818,horse,horse,horse,horse,horse
5819,bird,bird,bird,airplane,airplane
5820,dog,dog,dog,dog,dog
5821,ship,ship,ship,ship,ship
5822,cat,cat,cat,cat,cat
5823,dog,dog,dog,dog,dog
5824,horse,horse,horse,horse,horse
5825,cat,cat,cat,cat,cat
5826,horse,horse,horse,horse,horse
5827,airplane,airplane,airplane,airplane,airplane
5828,dog,dog,dog,dog,dog
5829,deer,deer,deer,deer,deer
5830,dog,cat,cat,cat,dog
5831,frog,frog,frog,frog,frog
5832,truck,truck,truck,truck,truck
5833,cat,cat,cat,dog,cat
5834,dog,dog,dog,dog,dog
5835,cat,cat,cat,dog,dog
5836,ship,ship,ship,ship,ship
5837,bird,bird,bird,bird,bird
5838,deer,deer,deer,deer,deer
5839,bird,bird,bird,bird,bird
5840,bird,deer,deer,cat,bird
5841,frog,frog,frog,frog,deer
5842,horse,horse,horse,horse,horse
5843,frog,frog,frog,frog,frog
5844,airplane,airplane,airplane,airplane,airplane
5845,dog,dog,dog,dog,dog
5846,dog,dog,dog,dog,dog
5847,ship,ship,ship,ship,ship
5848,deer,deer,deer,deer,deer
5849,dog,dog,dog,dog,dog
5850,frog,frog,frog,frog,frog
5851,automobile,automobile,automobile,automobile,automobile
5852,cat,cat,cat,cat,cat
5853,dog,dog,dog,dog,dog
5854,deer,deer,deer,deer,deer
5855,horse,horse,horse,horse,horse
5856,cat,dog,dog,dog,dog
5857,airplane,airplane,airplane,airplane,airplane
5858,horse,horse,horse,horse,horse
5859,bird,bird,bird,bird,bird
5860,airplane,airplane,airplane,airplane,airplane
5861,automobile,automobile,automobile,automobile,automobile
5862,bird,bird,bird,cat,bird
5863,deer,deer,deer,deer,deer
5864,truck,automobile,automobile,truck,truck
5865,frog,frog,frog,frog,frog
5866,deer,deer,deer,deer,deer
5867,dog,dog,dog,dog,dog
5868,truck,truck,truck,truck,truck
5869,horse,horse,horse,horse,dog
5870,horse,horse,horse,deer,truck
5871,frog,bird,bird,frog,frog
5872,horse,horse,horse,horse,deer
5873,deer,deer,deer,deer,deer
5874,cat,cat,cat,frog,cat
5875,automobile,automobile,automobile,automobile,automobile
5876,frog,frog,frog,frog,frog
5877,truck,truck,truck,truck,truck
5878,deer,dog,dog,deer,deer
5879,ship,ship,ship,ship,ship
5880,airplane,airplane,airplane,airplane,airplane
5881,cat,dog,dog,dog,dog
5882,automobile,truck,truck,truck,truck
5883,frog,frog,frog,frog,frog
5884,deer,deer,deer,deer,deer
5885,deer,deer,deer,deer,deer
5886,bird,bird,bird,bird,dog
5887,automobile,automobile,automobile,automobile,automobile
5888,deer,deer,deer,deer,deer
5889,frog,frog,frog,frog,frog
5890,cat,cat,cat,dog,dog
5891,airplane,airplane,airplane,airplane,airplane
5892,ship,ship,ship,ship,ship
5893,truck,truck,truck,truck,truck
5894,horse,horse,horse,horse,horse
5895,frog,frog,frog,frog,frog
5896,ship,ship,ship,truck,truck
5897,deer,deer,deer,deer,deer
5898,ship,ship,ship,ship,ship
5899,automobile,automobile,automobile,automobile,automobile
5900,deer,deer,deer,airplane,airplane
5901,dog,dog,dog,dog,dog
5902,truck,truck,truck,truck,truck
5903,deer,deer,deer,airplane,airplane
5904,horse,horse,horse,horse,horse
5905,automobile,automobile,automobile,automobile,ship
5906,deer,deer,deer,deer,deer
5907,dog,dog,dog,dog,dog
5908,cat,deer,deer,deer,deer
5909,automobile,automobile,automobile,automobile,automobile
5910,bird,bird,bird,cat,dog
5911,frog,frog,frog,frog,frog
5912,deer,deer,deer,deer,deer
5913,horse,horse,horse,horse,horse
5914,automobile,automobile,automobile,ship,automobile
5915,dog,dog,dog,cat,dog
5916,truck,truck,truck,truck,truck
5917,cat,bird,bird,bird,cat
5918,automobile,automobile,automobile,automobile,automobile
5919,deer,deer,deer,deer,deer
5920,ship,ship,ship,ship,ship
5921,horse,horse,horse,horse,horse
5922,horse,horse,horse,horse,horse
5923,airplane,airplane,airplane,airplane,airplane
5924,deer,bird,bird,bird,airplane
5925,cat,cat,cat,cat,horse
5926,deer,deer,deer,deer,deer
5927,frog,frog,frog,frog,frog
5928,horse,horse,horse,horse,horse
5929,horse,horse,horse,horse,horse
5930,dog,dog,dog,bird,bird
5931,deer,deer,deer,deer,deer
5932,deer,deer,deer,deer,deer
5933,deer,deer,deer,deer,deer
5934,cat,cat,cat,cat,cat
5935,frog,frog,frog,frog,frog
5936,frog,frog,frog,frog,frog
5937,automobile,automobile,automobile,automobile,automobile
5938,truck,truck,truck,truck,truck
5939,truck,truck,truck,truck,truck
5940,horse,bird,bird,bird,bird
5941,truck,truck,truck,truck,truck
5942,deer,deer,deer,deer,deer
5943,cat,cat,cat,cat,cat
5944,bird,bird,bird,bird,bird
5945,truck,truck,truck,truck,truck
5946,ship,ship,ship,ship,ship
5947,dog,dog,dog,dog,dog
5948,airplane,airplane,airplane,airplane,airplane
5949,frog,frog,frog,frog,frog
5950,truck,truck,truck,truck,truck
5951,airplane,airplane,airplane,airplane,airplane
5952,truck,truck,truck,truck,truck
5953,horse,horse,horse,horse,horse
5954,ship,ship,ship,ship,ship
5955,dog,dog,dog,dog,dog
5956,deer,deer,deer,deer,deer
5957,deer,deer,deer,deer,deer
5958,truck,truck,truck,truck,truck
5959,deer,bird,bird,airplane,bird
5960,bird,frog,frog,cat,frog
5961,frog,frog,frog,frog,frog
5962,frog,frog,frog,frog,frog
5963,truck,truck,truck,truck,truck
5964,truck,truck,truck,truck,truck
5965,horse,horse,horse,horse,horse
5966,truck,truck,truck,truck,truck
5967,truck,truck,truck,truck,truck
5968,airplane,airplane,airplane,airplane,airplane
5969,dog,dog,dog,dog,dog
5970,automobile,automobile,automobile,automobile,automobile
5971,automobile,automobile,automobile,automobile,automobile
5972,ship,airplane,airplane,airplane,airplane
5973,frog,frog,frog,frog,frog
5974,truck,truck,truck,truck,truck
5975,truck,truck,truck,truck,truck
5976,dog,dog,dog,dog,dog
5977,frog,frog,frog,frog,frog
5978,dog,dog,dog,dog,dog
5979,dog,dog,dog,dog,dog
5980,truck,truck,truck,truck,truck
5981,horse,horse,horse,horse,horse
5982,truck,truck,truck,truck,truck
5983,deer,deer,deer,deer,deer
5984,dog,dog,dog,dog,dog
5985,deer,deer,deer,deer,deer
5986,cat,cat,cat,cat,cat
5987,cat,horse,horse,cat,bird
5988,truck,truck,truck,truck,truck
5989,ship,ship,ship,ship,ship
5990,ship,ship,ship,ship,ship
5991,cat,dog,dog,cat,cat
5992,deer,deer,deer,deer,deer
5993,ship,ship,ship,ship,ship
5994,deer,deer,deer,deer,deer
5995,airplane,airplane,airplane,airplane,airplane
5996,deer,deer,deer,deer,deer
5997,airplane,airplane,airplane,airplane,airplane
5998,horse,horse,horse,horse,horse
5999,bird,bird,bird,bird,bird
6000,ship,airplane,airplane,ship,ship
6001,airplane,airplane,airplane,airplane,airplane
6002,bird,bird,bird,bird,bird
6003,airplane,airplane,airplane,airplane,airplane
6004,horse,horse,horse,horse,horse
6005,deer,deer,deer,deer,deer
6006,airplane,airplane,airplane,airplane,airplane
6007,frog,frog,frog,frog,frog
6008,cat,cat,cat,bird,airplane
6009,cat,cat,cat,cat,cat
6010,automobile,automobile,automobile,automobile,truck
6011,horse,horse,horse,horse,horse
6012,deer,deer,deer,deer,deer
6013,frog,frog,frog,frog,frog
6014,dog,cat,cat,deer,cat
6015,airplane,airplane,airplane,airplane,airplane
6016,deer,deer,deer,deer,frog
6017,truck,truck,truck,truck,truck
6018,dog,dog,dog,dog,dog
6019,frog,frog,frog,frog,frog
6020,frog,frog,frog,frog,frog
6021,cat,cat,cat,cat,cat
6022,airplane,airplane,airplane,airplane,airplane
6023,dog,dog,dog,cat,cat
6024,bird,bird,bird,bird,bird
6025,frog,frog,frog,cat,cat
6026,cat,cat,cat,cat,cat
6027,cat,cat,cat,cat,cat
6028,ship,ship,ship,airplane,bird
6029,airplane,airplane,airplane,airplane,airplane
6030,ship,ship,ship,ship,ship
6031,dog,dog,dog,dog,dog
6032,deer,deer,deer,deer,deer
6033,bird,bird,bird,bird,bird
6034,truck,truck,truck,truck,truck
6035,dog,dog,dog,cat,dog
6036,airplane,airplane,airplane,airplane,airplane
6037,dog,dog,dog,dog,dog
6038,deer,deer,deer,deer,deer
6039,ship,ship,ship,ship,ship
6040,bird,bird,bird,bird,bird
6041,horse,horse,horse,horse,horse
6042,frog,frog,frog,frog,frog
6043,dog,dog,dog,dog,dog
6044,horse,horse,horse,deer,deer
6045,ship,ship,ship,ship,ship
6046,bird,bird,bird,bird,bird
6047,airplane,airplane,airplane,airplane,airplane
6048,automobile,automobile,automobile,automobile,automobile
6049,ship,ship,ship,ship,ship
6050,bird,bird,bird,bird,bird
6051,deer,deer,deer,dog,deer
6052,ship,ship,ship,ship,ship
6053,deer,deer,deer,deer,deer
6054,cat,cat,cat,cat,cat
6055,airplane,airplane,airplane,airplane,airplane
6056,deer,deer,deer,deer,deer
6057,airplane,airplane,airplane,airplane,airplane
6058,automobile,automobile,automobile,automobile,automobile
6059,truck,truck,truck,truck,truck
6060,cat,cat,cat,cat,cat
6061,airplane,airplane,airplane,airplane,airplane
6062,cat,cat,cat,deer,cat
6063,frog,deer,deer,deer,deer
6064,dog,dog,dog,dog,dog
6065,dog,dog,dog,bird,dog
6066,bird,bird,bird,frog,bird
6067,ship,ship,ship,ship,ship
6068,dog,dog,dog,cat,cat
6069,airplane,airplane,airplane,airplane,airplane
6070,ship,truck,truck,truck,truck
6071,horse,horse,horse,deer,deer
6072,dog,dog,dog,dog,dog
6073,bird,bird,bird,bird,bird
6074,deer,deer,deer,deer,deer
6075,cat,cat,cat,frog,frog
6076,horse,horse,horse,horse,horse
6077,airplane,ship,ship,airplane,airplane
6078,bird,bird,bird,bird,bird
6079,cat,cat,cat,cat,cat
6080,automobile,automobile,automobile,automobile,automobile
6081,airplane,airplane,airplane,airplane,airplane
6082,airplane,airplane,airplane,airplane,airplane
6083,bird,bird,bird,bird,bird
6084,automobile,automobile,automobile,automobile,automobile
6085,bird,bird,bird,bird,bird
6086,automobile,automobile,automobile,automobile,automobile
6087,deer,deer,deer,deer,deer
6088,frog,frog,frog,frog,frog
6089,horse,horse,horse,horse,horse
6090,automobile,automobile,automobile,automobile,automobile
6091,airplane,airplane,airplane,airplane,airplane
6092,dog,dog,dog,dog,dog
6093,bird,bird,bird,bird,bird
6094,dog,dog,dog,dog,dog
6095,truck,truck,truck,ship,truck
6096,bird,bird,bird,bird,bird
6097,dog,dog,dog,dog,dog
6098,frog,frog,frog,frog,frog
6099,horse,horse,horse,horse,horse
6100,automobile,automobile,automobile,automobile,automobile
6101,truck,truck,truck,truck,truck
6102,cat,cat,cat,cat,cat
6103,frog,frog,frog,frog,frog
6104,automobile,automobile,automobile,automobile,automobile
6105,airplane,airplane,airplane,airplane,airplane
6106,bird,bird,bird,bird,bird
6107,truck,truck,truck,truck,truck
6108,deer,deer,deer,deer,deer
6109,bird,bird,bird,bird,bird
6110,truck,truck,truck,truck,truck
6111,cat,cat,cat,airplane,cat
6112,ship,ship,ship,ship,ship
6113,bird,bird,bird,bird,bird
6114,truck,truck,truck,truck,truck
6115,ship,ship,ship,ship,ship
6116,dog,dog,dog,dog,dog
6117,automobile,automobile,automobile,automobile,automobile
6118,airplane,airplane,airplane,airplane,airplane
6119,automobile,automobile,automobile,automobile,automobile
6120,dog,dog,dog,dog,dog
6121,bird,bird,bird,bird,bird
6122,dog,dog,dog,dog,dog
6123,frog,frog,frog,frog,frog
6124,ship,ship,ship,ship,ship
6125,ship,ship,ship,ship,airplane
6126,cat,cat,cat,cat,cat
6127,dog,dog,dog,dog,bird
6128,airplane,airplane,airplane,airplane,airplane
6129,deer,deer,deer,deer,deer
6130,automobile,automobile,automobile,automobile,automobile
6131,cat,cat,cat,cat,cat
6132,horse,horse,horse,horse,horse
6133,airplane,airplane,airplane,airplane,airplane
6134,cat,truck,truck,truck,truck
6135,cat,cat,cat,cat,cat
6136,truck,truck,truck,truck,truck
6137,bird,bird,bird,bird,bird
6138,cat,cat,cat,cat,cat
6139,truck,truck,truck,truck,truck
6140,truck,truck,truck,truck,truck
6141,ship,ship,ship,ship,ship
6142,dog,dog,dog,cat,cat
6143,truck,truck,truck,truck,truck
6144,horse,dog,cat,bird,bird
6145,bird,cat,cat,cat,cat
6146,airplane,airplane,airplane,airplane,truck
6147,truck,truck,truck,truck,truck
6148,deer,deer,deer,deer,deer
6149,horse,horse,horse,horse,horse
6150,automobile,automobile,automobile,automobile,automobile
6151,horse,cat,cat,cat,cat
6152,frog,frog,frog,frog,frog
6153,deer,deer,deer,deer,deer
6154,deer,deer,deer,deer,deer
6155,ship,ship,ship,ship,ship
6156,truck,truck,truck,truck,truck
6157,airplane,airplane,airplane,airplane,airplane
6158,horse,horse,horse,bird,horse
6159,automobile,automobile,automobile,automobile,automobile
6160,bird,bird,bird,truck,truck
6161,deer,deer,deer,deer,frog
6162,airplane,airplane,airplane,airplane,airplane
6163,cat,cat,cat,cat,cat
6164,horse,horse,horse,horse,horse
6165,dog,dog,dog,dog,dog
6166,automobile,automobile,automobile,automobile,automobile
6167,truck,truck,truck,truck,truck
6168,cat,cat,cat,cat,cat
6169,dog,dog,dog,dog,dog
6170,bird,bird,bird,bird,bird
6171,deer,deer,deer,deer,deer
6172,automobile,automobile,automobile,automobile,automobile
6173,automobile,automobile,automobile,automobile,automobile
6174,cat,cat,cat,dog,dog
6175,cat,cat,cat,cat,cat
6176,truck,truck,truck,truck,truck
6177,bird,bird,bird,bird,bird
6178,dog,dog,dog,dog,deer
6179,ship,ship,ship,ship,ship
6180,airplane,airplane,airplane,airplane,airplane
6181,ship,ship,ship,ship,ship
6182,automobile,automobile,automobile,automobile,automobile
6183,dog,dog,dog,dog,dog
6184,automobile,automobile,automobile,automobile,automobile
6185,dog,dog,dog,dog,dog
6186,truck,truck,truck,truck,truck
6187,airplane,airplane,airplane,airplane,airplane
6188,truck,truck,truck,truck,truck
6189,bird,bird,bird,bird,bird
6190,deer,deer,deer,bird,bird
6191,airplane,airplane,airplane,airplane,airplane
6192,frog,frog,frog,frog,frog
6193,truck,truck,truck,truck,truck
6194,automobile,automobile,automobile,automobile,automobile
6195,automobile,automobile,automobile,automobile,automobile
6196,cat,cat,cat,cat,cat
6197,deer,cat,cat,cat,deer
6198,truck,truck,truck,truck,truck
6199,dog,dog,dog,dog,dog
6200,cat,cat,cat,cat,cat
6201,cat,cat,cat,cat,cat
6202,cat,cat,cat,bird,bird
6203,cat,cat,cat,cat,cat
6204,deer,deer,deer,deer,deer
6205,automobile,automobile,automobile,automobile,automobile
6206,dog,dog,dog,cat,cat
6207,truck,truck,truck,truck,truck
6208,ship,ship,ship,ship,ship
6209,horse,horse,horse,horse,deer
6210,deer,deer,deer,dog,deer
6211,ship,ship,ship,ship,ship
6212,horse,horse,horse,horse,horse
6213,cat,cat,cat,frog,frog
6214,dog,dog,dog,dog,dog
6215,bird,bird,bird,bird,bird
6216,dog,dog,dog,dog,dog
6217,ship,ship,ship,ship,ship
6218,truck,truck,truck,frog,truck
6219,horse,horse,horse,horse,horse
6220,bird,bird,bird,bird,bird
6221,airplane,airplane,airplane,airplane,airplane
6222,airplane,airplane,airplane,airplane,airplane
6223,horse,horse,horse,horse,horse
6224,dog,dog,dog,dog,dog
6225,cat,cat,cat,cat,cat
6226,dog,dog,dog,dog,dog
6227,horse,horse,horse,bird,horse
6228,deer,deer,deer,deer,horse
6229,frog,frog,frog,frog,frog
6230,bird,bird,bird,bird,bird
6231,ship,ship,ship,ship,ship
6232,bird,bird,bird,frog,frog
6233,horse,horse,horse,horse,horse
6234,horse,horse,horse,horse,horse
6235,frog,frog,frog,frog,frog
6236,automobile,automobile,automobile,automobile,automobile
6237,cat,cat,cat,cat,cat
6238,ship,ship,ship,ship,ship
6239,frog,frog,frog,frog,frog
6240,bird,bird,bird,bird,bird
6241,airplane,airplane,airplane,airplane,airplane
6242,deer,deer,deer,deer,deer
6243,deer,deer,deer,frog,frog
6244,ship,ship,ship,ship,ship
6245,frog,frog,dog,frog,frog
6246,deer,deer,deer,deer,deer
6247,airplane,airplane,airplane,airplane,airplane
6248,bird,bird,bird,bird,bird
6249,dog,dog,dog,dog,dog
6250,deer,deer,deer,deer,deer
6251,automobile,automobile,automobile,automobile,automobile
6252,bird,bird,bird,bird,bird
6253,dog,deer,deer,deer,deer
6254,deer,deer,deer,deer,deer
6255,frog,frog,frog,frog,frog
6256,truck,truck,truck,truck,truck
6257,dog,cat,cat,bird,bird
6258,airplane,airplane,airplane,airplane,airplane
6259,dog,dog,dog,dog,dog
6260,bird,bird,bird,bird,bird
6261,airplane,airplane,airplane,airplane,airplane
6262,ship,ship,ship,ship,ship
6263,bird,bird,bird,bird,bird
6264,frog,frog,frog,frog,frog
6265,deer,deer,deer,deer,deer
6266,horse,horse,horse,horse,horse
6267,truck,truck,truck,truck,truck
6268,dog,dog,dog,dog,dog
6269,horse,horse,horse,horse,horse
6270,bird,bird,bird,bird,bird
6271,frog,bird,bird,bird,bird
6272,bird,bird,bird,frog,bird
6273,automobile,automobile,automobile,automobile,automobile
6274,truck,truck,truck,truck,truck
6275,truck,truck,truck,truck,truck
6276,horse,horse,horse,horse,horse
6277,bird,bird,bird,bird,bird
6278,dog,dog,dog,dog,dog
6279,automobile,automobile,automobile,automobile,automobile
6280,ship,ship,ship,ship,ship
6281,automobile,automobile,automobile,automobile,automobile
6282,frog,frog,frog,frog,frog
6283,cat,cat,cat,cat,dog
6284,airplane,airplane,airplane,horse,airplane
6285,ship,ship,ship,ship,ship
6286,ship,ship,ship,ship,ship
6287,dog,dog,dog,dog,dog
6288,frog,frog,frog,frog,frog
6289,truck,truck,truck,truck,truck
6290,truck,truck,truck,truck,truck
6291,truck,truck,truck,truck,truck
6292,frog,frog,frog,frog,frog
6293,cat,cat,cat,cat,cat
6294,airplane,airplane,airplane,airplane,airplane
6295,ship,ship,ship,ship,ship
6296,ship,ship,ship,ship,ship
6297,dog,dog,dog,dog,dog
6298,cat,cat,cat,cat,cat
6299,cat,cat,cat,cat,cat
6300,automobile,automobile,automobile,automobile,automobile
6301,automobile,automobile,automobile,automobile,automobile
6302,airplane,airplane,airplane,airplane,airplane
6303,horse,horse,horse,horse,horse
6304,airplane,airplane,airplane,airplane,airplane
6305,frog,cat,cat,cat,cat
6306,airplane,airplane,airplane,airplane,airplane
6307,deer,deer,deer,deer,deer
6308,deer,deer,deer,deer,deer
6309,frog,frog,frog,frog,frog
6310,dog,dog,dog,dog,dog
6311,cat,cat,cat,cat,cat
6312,bird,bird,bird,bird,bird
6313,truck,truck,truck,truck,truck
6314,frog,frog,frog,frog,frog
6315,frog,frog,frog,frog,frog
6316,horse,horse,horse,horse,horse
6317,truck,truck,truck,truck,truck
6318,horse,horse,horse,horse,horse
6319,horse,horse,horse,horse,horse
6320,airplane,airplane,airplane,airplane,airplane
6321,ship,ship,ship,ship,ship
6322,deer,deer,deer,deer,deer
6323,bird,bird,bird,bird,bird
6324,horse,horse,horse,horse,horse
6325,horse,horse,horse,horse,horse
6326,horse,horse,horse,horse,horse
6327,deer,deer,deer,deer,deer
6328,airplane,airplane,airplane,airplane,airplane
6329,automobile,automobile,automobile,automobile,automobile
6330,frog,frog,frog,frog,frog
6331,airplane,airplane,airplane,airplane,airplane
6332,dog,dog,dog,dog,dog
6333,cat,cat,cat,cat,cat
6334,airplane,airplane,airplane,airplane,airplane
6335,bird,bird,bird,bird,bird
6336,deer,deer,deer,deer,deer
6337,truck,truck,truck,truck,truck
6338,horse,horse,horse,horse,horse
6339,cat,cat,cat,cat,cat
6340,cat,cat,cat,cat,cat
6341,bird,bird,bird,bird,bird
6342,ship,ship,ship,ship,ship
6343,ship,ship,ship,ship,ship
6344,dog,dog,dog,dog,dog
6345,cat,cat,cat,frog,frog
6346,ship,ship,ship,ship,ship
6347,airplane,airplane,airplane,airplane,airplane
6348,ship,ship,ship,ship,ship
6349,airplane,airplane,airplane,airplane,airplane
6350,airplane,airplane,airplane,airplane,airplane
6351,airplane,airplane,airplane,airplane,airplane
6352,bird,bird,bird,bird,bird
6353,bird,bird,bird,airplane,bird
6354,horse,horse,horse,truck,truck
6355,airplane,airplane,airplane,airplane,airplane
6356,horse,horse,horse,horse,horse
6357,horse,horse,horse,horse,horse
6358,horse,horse,horse,horse,horse
6359,bird,bird,bird,bird,bird
6360,bird,bird,bird,bird,bird
6361,airplane,airplane,airplane,ship,airplane
6362,deer,deer,deer,deer,deer
6363,airplane,airplane,airplane,airplane,airplane
6364,cat,cat,cat,automobile,dog
6365,horse,horse,horse,horse,horse
6366,ship,ship,ship,ship,ship
6367,deer,deer,deer,deer,deer
6368,horse,horse,horse,horse,horse
6369,truck,truck,truck,truck,truck
6370,frog,frog,frog,frog,frog
6371,automobile,automobile,automobile,automobile,automobile
6372,automobile,automobile,automobile,automobile,automobile
6373,frog,frog,frog,frog,frog
6374,truck,truck,truck,truck,truck
6375,cat,cat,cat,cat,cat
6376,ship,ship,ship,ship,ship
6377,truck,truck,truck,truck,truck
6378,dog,dog,dog,dog,dog
6379,ship,ship,ship,ship,ship
6380,cat,cat,cat,horse,cat
6381,truck,truck,truck,automobile,automobile
6382,deer,deer,deer,dog,dog
6383,cat,cat,cat,bird,bird
6384,horse,bird,bird,horse,horse
6385,dog,dog,dog,dog,dog
6386,dog,dog,dog,deer,dog
6387,bird,bird,bird,bird,bird
6388,horse,horse,horse,horse,horse
6389,dog,dog,dog,dog,dog
6390,horse,horse,horse,horse,horse
6391,truck,truck,truck,truck,truck
6392,frog,frog,frog,frog,frog
6393,cat,cat,cat,bird,bird
6394,airplane,airplane,airplane,airplane,airplane
6395,ship,ship,ship,ship,ship
6396,deer,deer,deer,deer,deer
6397,dog,dog,dog,dog,dog
6398,frog,frog,frog,frog,frog
6399,automobile,automobile,automobile,automobile,automobile
6400,airplane,airplane,airplane,airplane,airplane
6401,deer,dog,dog,dog,deer
6402,ship,ship,ship,ship,ship
6403,deer,deer,deer,deer,deer
6404,horse,horse,horse,horse,horse
6405,automobile,automobile,automobile,truck,truck
6406,cat,cat,cat,horse,cat
6407,bird,bird,bird,bird,bird
6408,airplane,airplane,airplane,airplane,airplane
6409,truck,truck,truck,truck,truck
6410,automobile,automobile,automobile,automobile,automobile
6411,ship,ship,ship,ship,ship
6412,ship,truck,truck,airplane,ship
6413,frog,frog,frog,frog,frog
6414,ship,ship,ship,ship,ship
6415,automobile,automobile,automobile,automobile,automobile
6416,horse,horse,horse,horse,horse
6417,automobile,automobile,automobile,automobile,automobile
6418,airplane,airplane,airplane,airplane,airplane
6419,truck,automobile,ship,ship,ship
6420,horse,horse,horse,horse,horse
6421,frog,frog,frog,frog,frog
6422,deer,deer,deer,deer,deer
6423,dog,dog,dog,deer,deer
6424,ship,ship,ship,ship,ship
6425,bird,bird,bird,bird,bird
6426,automobile,automobile,automobile,automobile,automobile
6427,bird,bird,bird,bird,bird
6428,dog,dog,dog,frog,frog
6429,ship,ship,ship,ship,ship
6430,automobile,automobile,automobile,automobile,automobile
6431,automobile,automobile,automobile,automobile,automobile
6432,ship,ship,ship,ship,ship
6433,ship,ship,ship,ship,ship
6434,airplane,airplane,airplane,airplane,ship
6435,truck,truck,truck,truck,truck
6436,airplane,airplane,airplane,ship,airplane
6437,airplane,airplane,airplane,airplane,airplane
6438,deer,dog,deer,deer,deer
6439,cat,cat,cat,deer,deer
6440,cat,cat,cat,bird,cat
6441,dog,dog,dog,dog,dog
6442,frog,frog,frog,frog,frog
6443,frog,frog,bird,bird,frog
6444,cat,dog,dog,cat,dog
6445,automobile,automobile,automobile,automobile,automobile
6446,deer,deer,deer,cat,cat
6447,deer,deer,deer,deer,deer
6448,horse,horse,horse,horse,horse
6449,ship,ship,ship,ship,ship
6450,airplane,airplane,airplane,airplane,airplane
6451,automobile,automobile,automobile,automobile,automobile
6452,deer,deer,deer,deer,deer
6453,ship,ship,ship,automobile,ship
6454,deer,deer,deer,deer,deer
6455,frog,frog,frog,frog,frog
6456,bird,bird,bird,bird,bird
6457,bird,bird,bird,bird,bird
6458,bird,bird,bird,bird,bird
6459,frog,frog,frog,frog,frog
6460,cat,cat,cat,cat,cat
6461,deer,deer,deer,deer,deer
6462,airplane,airplane,airplane,airplane,airplane
6463,ship,ship,ship,ship,ship
6464,automobile,automobile,automobile,automobile,automobile
6465,cat,cat,cat,cat,cat
6466,ship,ship,ship,cat,cat
6467,cat,cat,cat,cat,cat
6468,ship,ship,ship,ship,ship
6469,truck,truck,truck,truck,truck
6470,automobile,automobile,automobile,automobile,automobile
6471,frog,frog,frog,frog,frog
6472,automobile,automobile,automobile,automobile,automobile
6473,truck,truck,truck,truck,truck
6474,ship,ship,ship,ship,ship
6475,bird,bird,bird,bird,bird
6476,airplane,airplane,airplane,airplane,airplane
6477,deer,deer,deer,deer,deer
6478,horse,horse,horse,horse,horse
6479,deer,deer,deer,deer,deer
6480,airplane,airplane,airplane,airplane,airplane
6481,airplane,airplane,airplane,airplane,airplane
6482,horse,horse,horse,deer,horse
6483,frog,frog,frog,frog,frog
6484,ship,ship,ship,ship,ship
6485,truck,truck,truck,truck,truck
6486,ship,ship,ship,ship,deer
6487,frog,frog,frog,frog,frog
6488,bird,bird,bird,bird,bird
6489,ship,ship,ship,ship,ship
6490,ship,ship,ship,airplane,ship
6491,airplane,airplane,airplane,bird,cat
6492,automobile,automobile,automobile,automobile,automobile
6493,automobile,automobile,automobile,airplane,automobile
6494,airplane,airplane,airplane,airplane,airplane
6495,horse,horse,horse,horse,horse
6496,horse,horse,horse,horse,horse
6497,deer,bird,bird,bird,bird
6498,deer,deer,deer,frog,frog
6499,horse,horse,horse,horse,horse
6500,horse,horse,horse,dog,horse
6501,bird,bird,bird,bird,bird
6502,frog,frog,frog,frog,frog
6503,frog,frog,frog,frog,frog
6504,horse,horse,horse,horse,horse
6505,deer,deer,deer,deer,deer
6506,dog,dog,dog,dog,dog
6507,deer,deer,deer,deer,deer
6508,airplane,airplane,airplane,airplane,airplane
6509,truck,truck,truck,truck,truck
6510,deer,deer,deer,cat,deer
6511,horse,horse,horse,horse,horse
6512,bird,bird,bird,bird,bird
6513,dog,dog,dog,dog,dog
6514,cat,cat,cat,cat,cat
6515,bird,bird,bird,bird,bird
6516,bird,bird,bird,bird,bird
6517,horse,horse,horse,cat,horse
6518,frog,frog,frog,frog,frog
6519,bird,bird,bird,frog,bird
6520,frog,frog,frog,frog,frog
6521,deer,deer,deer,deer,deer
6522,truck,automobile,automobile,automobile,automobile
6523,frog,frog,frog,deer,deer
6524,ship,ship,ship,ship,ship
6525,cat,cat,cat,cat,cat
6526,ship,ship,ship,ship,ship
6527,dog,dog,dog,dog,dog
6528,dog,dog,dog,dog,dog
6529,bird,bird,bird,bird,bird
6530,cat,cat,cat,cat,cat
6531,deer,deer,deer,deer,deer
6532,dog,dog,dog,dog,dog
6533,bird,bird,bird,ship,bird
6534,horse,horse,horse,horse,horse
6535,dog,dog,dog,dog,dog
6536,automobile,automobile,automobile,automobile,automobile
6537,dog,dog,dog,dog,dog
6538,cat,cat,cat,cat,cat
6539,horse,horse,horse,horse,horse
6540,ship,ship,ship,ship,ship
6541,ship,ship,ship,ship,ship
6542,truck,truck,truck,truck,truck
6543,frog,truck,truck,cat,bird
6544,airplane,ship,ship,airplane,airplane
6545,truck,ship,ship,ship,ship
6546,bird,bird,bird,bird,bird
6547,frog,frog,frog,frog,frog
6548,airplane,airplane,airplane,airplane,airplane
6549,airplane,airplane,airplane,airplane,airplane
6550,automobile,automobile,automobile,automobile,automobile
6551,deer,deer,deer,deer,deer
6552,automobile,automobile,automobile,automobile,automobile
6553,cat,cat,cat,cat,cat
6554,dog,dog,dog,dog,dog
6555,automobile,automobile,automobile,automobile,automobile
6556,ship,ship,ship,ship,ship
6557,truck,truck,truck,truck,truck
6558,frog,frog,frog,frog,frog
6559,bird,bird,bird,deer,deer
6560,frog,frog,frog,frog,frog
6561,truck,truck,truck,truck,truck
6562,dog,dog,dog,dog,dog
6563,frog,frog,frog,frog,frog
6564,dog,dog,dog,dog,dog
6565,truck,truck,truck,truck,truck
6566,automobile,automobile,automobile,automobile,automobile
6567,deer,deer,deer,deer,deer
6568,bird,bird,bird,bird,bird
6569,ship,ship,ship,ship,ship
6570,truck,truck,truck,truck,truck
6571,dog,dog,dog,dog,dog
6572,deer,deer,deer,deer,deer
6573,horse,horse,horse,horse,horse
6574,airplane,airplane,airplane,airplane,airplane
6575,cat,cat,cat,cat,cat
6576,horse,horse,horse,horse,horse
6577,automobile,automobile,automobile,automobile,automobile
6578,frog,frog,frog,frog,frog
6579,truck,truck,truck,truck,truck
6580,automobile,airplane,airplane,airplane,automobile
6581,automobile,automobile,automobile,truck,truck
6582,deer,deer,deer,deer,deer
6583,airplane,airplane,airplane,airplane,airplane
6584,dog,dog,dog,cat,dog
6585,automobile,automobile,automobile,automobile,automobile
6586,frog,frog,frog,frog,frog
6587,cat,cat,cat,cat,cat
6588,airplane,ship,ship,ship,ship
6589,bird,bird,bird,bird,bird
6590,dog,cat,cat,horse,dog
6591,dog,dog,dog,dog,dog
6592,dog,dog,dog,dog,dog
6593,bird,bird,bird,bird,bird
6594,ship,truck,truck,ship,ship
6595,bird,bird,bird,bird,bird
6596,cat,cat,cat,bird,bird
6597,automobile,automobile,automobile,automobile,automobile
6598,frog,frog,frog,frog,frog
6599,bird,bird,bird,bird,bird
6600,horse,horse,horse,horse,horse
6601,airplane,airplane,airplane,airplane,airplane
6602,ship,ship,ship,ship,ship
6603,truck,truck,truck,truck,truck
6604,bird,bird,bird,bird,bird
6605,frog,frog,frog,frog,frog
6606,deer,deer,deer,deer,deer
6607,horse,horse,horse,horse,horse
6608,dog,dog,dog,dog,dog
6609,dog,dog,dog,dog,dog
6610,ship,ship,ship,ship,ship
6611,ship,ship,ship,ship,ship
6612,horse,horse,horse,horse,horse
6613,ship,ship,ship,ship,ship
6614,dog,dog,dog,dog,dog
6615,horse,horse,horse,horse,horse
6616,deer,deer,deer,deer,deer
6617,deer,deer,deer,deer,deer
6618,airplane,airplane,airplane,airplane,airplane
6619,airplane,airplane,airplane,airplane,airplane
6620,horse,horse,horse,horse,horse
6621,airplane,airplane,airplane,airplane,airplane
6622,deer,deer,deer,deer,deer
6623,airplane,airplane,airplane,airplane,airplane
6624,deer,deer,deer,deer,deer
6625,deer,deer,deer,deer,deer
6626,bird,bird,bird,bird,bird
6627,dog,dog,dog,cat,dog
6628,deer,deer,deer,deer,deer
6629,airplane,airplane,airplane,airplane,airplane
6630,horse,horse,horse,horse,horse
6631,horse,airplane,airplane,cat,bird
6632,horse,horse,horse,horse,horse
6633,airplane,airplane,airplane,airplane,airplane
6634,deer,deer,deer,deer,deer
6635,frog,frog,frog,frog,frog
6636,bird,bird,bird,bird,bird
6637,truck,truck,truck,truck,truck
6638,automobile,automobile,automobile,automobile,automobile
6639,automobile,automobile,automobile,automobile,automobile
6640,dog,dog,dog,dog,dog
6641,airplane,airplane,airplane,airplane,airplane
6642,truck,truck,truck,truck,truck
6643,automobile,automobile,automobile,automobile,automobile
6644,airplane,airplane,airplane,airplane,airplane
6645,frog,frog,frog,frog,frog
6646,dog,dog,dog,deer,cat
6647,cat,cat,cat,horse,cat
6648,airplane,airplane,airplane,airplane,airplane
6649,truck,truck,truck,truck,truck
6650,airplane,airplane,airplane,airplane,airplane
6651,frog,frog,frog,frog,frog
6652,bird,bird,bird,bird,bird
6653,airplane,bird,bird,airplane,airplane
6654,deer,deer,deer,frog,deer
6655,automobile,automobile,automobile,automobile,automobile
6656,frog,frog,frog,dog,dog
6657,horse,horse,horse,horse,horse
6658,frog,frog,frog,frog,frog
6659,automobile,automobile,automobile,automobile,automobile
6660,airplane,airplane,airplane,airplane,airplane
6661,deer,deer,deer,deer,deer
6662,frog,frog,frog,frog,frog
6663,airplane,airplane,airplane,airplane,airplane
6664,deer,deer,deer,deer,deer
6665,deer,deer,deer,deer,deer
6666,bird,bird,bird,deer,bird
6667,horse,horse,horse,horse,horse
6668,frog,frog,frog,frog,frog
6669,dog,dog,dog,deer,deer
6670,cat,cat,cat,cat,cat
6671,dog,dog,dog,dog,dog
6672,truck,truck,truck,truck,truck
6673,deer,deer,deer,deer,deer
6674,dog,dog,dog,dog,dog
6675,bird,bird,bird,bird,bird
6676,airplane,airplane,airplane,airplane,airplane
6677,dog,dog,dog,dog,dog
6678,horse,horse,horse,horse,horse
6679,bird,bird,bird,deer,bird
6680,cat,cat,cat,dog,cat
6681,truck,truck,truck,truck,truck
6682,deer,deer,deer,deer,deer
6683,dog,dog,dog,dog,dog
6684,ship,ship,ship,ship,ship
6685,automobile,automobile,automobile,truck,automobile
6686,truck,truck,truck,truck,truck
6687,cat,cat,cat,cat,cat
6688,automobile,automobile,automobile,automobile,automobile
6689,ship,ship,ship,ship,ship
6690,dog,dog,dog,dog,dog
6691,ship,ship,ship,ship,ship
6692,frog,frog,frog,frog,frog
6693,frog,frog,frog,frog,frog
6694,cat,cat,cat,cat,cat
6695,deer,deer,deer,deer,deer
6696,airplane,airplane,airplane,airplane,airplane
6697,bird,bird,bird,cat,dog
6698,cat,cat,cat,dog,cat
6699,bird,bird,bird,bird,bird
6700,frog,frog,frog,frog,frog
6701,automobile,automobile,automobile,automobile,automobile
6702,ship,ship,ship,ship,ship
6703,bird,bird,bird,frog,bird
6704,automobile,automobile,automobile,automobile,automobile
6705,cat,cat,cat,bird,bird
6706,frog,frog,frog,cat,frog
6707,bird,bird,bird,bird,bird
6708,bird,bird,bird,bird,bird
6709,cat,dog,dog,cat,cat
6710,cat,cat,cat,cat,cat
6711,dog,dog,dog,dog,dog
6712,airplane,airplane,airplane,airplane,airplane
6713,bird,bird,bird,bird,bird
6714,automobile,automobile,automobile,automobile,automobile
6715,bird,bird,bird,bird,bird
6716,ship,ship,ship,ship,ship
6717,airplane,airplane,airplane,airplane,airplane
6718,ship,ship,ship,ship,ship
6719,bird,bird,bird,bird,bird
6720,bird,bird,bird,bird,bird
6721,horse,horse,horse,dog,horse
6722,cat,cat,cat,cat,cat
6723,dog,dog,dog,horse,horse
6724,truck,truck,truck,truck,truck
6725,ship,ship,ship,ship,ship
6726,cat,cat,cat,cat,bird
6727,frog,frog,frog,frog,frog
6728,automobile,automobile,automobile,automobile,automobile
6729,airplane,airplane,airplane,automobile,airplane
6730,ship,ship,ship,ship,ship
6731,frog,frog,frog,frog,frog
6732,cat,cat,cat,deer,deer
6733,dog,dog,dog,dog,dog
6734,ship,ship,ship,ship,ship
6735,truck,truck,truck,truck,truck
6736,deer,deer,deer,deer,deer
6737,ship,ship,ship,ship,ship
6738,airplane,airplane,airplane,airplane,airplane
6739,airplane,airplane,airplane,airplane,airplane
6740,bird,bird,bird,bird,bird
6741,truck,airplane,airplane,airplane,airplane
6742,automobile,automobile,automobile,automobile,automobile
6743,ship,ship,ship,ship,ship
6744,cat,cat,cat,cat,cat
6745,horse,horse,horse,horse,horse
6746,bird,bird,bird,bird,bird
6747,ship,ship,ship,ship,ship
6748,airplane,bird,bird,bird,bird
6749,truck,truck,truck,truck,truck
6750,deer,cat,cat,cat,cat
6751,ship,ship,ship,ship,ship
6752,truck,truck,truck,truck,truck
6753,deer,truck,truck,bird,bird
6754,ship,ship,ship,ship,ship
6755,truck,truck,truck,truck,truck
6756,dog,dog,dog,dog,dog
6757,deer,deer,deer,deer,deer
6758,ship,ship,ship,ship,ship
6759,automobile,truck,truck,truck,truck
6760,dog,dog,dog,dog,dog
6761,dog,dog,dog,dog,dog
6762,horse,horse,horse,horse,horse
6763,bird,bird,bird,bird,bird
6764,dog,dog,dog,dog,horse
6765,ship,ship,ship,ship,ship
6766,ship,ship,ship,ship,ship
6767,automobile,automobile,automobile,automobile,automobile
6768,bird,bird,bird,bird,bird
6769,cat,cat,cat,cat,cat
6770,automobile,automobile,automobile,automobile,automobile
6771,dog,dog,dog,dog,dog
6772,airplane,airplane,airplane,airplane,airplane
6773,bird,bird,bird,bird,bird
6774,cat,cat,cat,bird,bird
6775,airplane,airplane,airplane,bird,bird
6776,ship,ship,ship,ship,ship
6777,bird,bird,bird,deer,deer
6778,bird,bird,bird,deer,deer
6779,ship,ship,ship,ship,ship
6780,horse,horse,horse,horse,horse
6781,cat,cat,cat,frog,frog
6782,dog,dog,dog,dog,dog
6783,cat,cat,cat,bird,bird
6784,truck,truck,truck,truck,truck
6785,frog,frog,frog,frog,frog
6786,cat,bird,bird,cat,bird
6787,dog,dog,dog,dog,dog
6788,automobile,automobile,automobile,automobile,automobile
6789,automobile,automobile,automobile,automobile,automobile
6790,horse,horse,horse,dog,dog
6791,horse,horse,horse,horse,horse
6792,cat,truck,cat,ship,truck
6793,cat,cat,cat,cat,cat
6794,ship,ship,ship,ship,ship
6795,truck,truck,truck,truck,automobile
6796,frog,frog,frog,frog,frog
6797,airplane,airplane,airplane,airplane,airplane
6798,ship,ship,ship,ship,ship
6799,airplane,airplane,airplane,airplane,airplane
6800,frog,frog,frog,frog,frog
6801,frog,frog,frog,frog,frog
6802,deer,deer,deer,deer,deer
6803,frog,frog,frog,frog,frog
6804,truck,truck,truck,truck,truck
6805,automobile,automobile,automobile,automobile,automobile
6806,automobile,automobile,automobile,automobile,automobile
6807,horse,horse,horse,horse,horse
6808,airplane,airplane,airplane,airplane,airplane
6809,frog,frog,frog,frog,frog
6810,ship,ship,ship,ship,ship
6811,truck,truck,truck,truck,truck
6812,airplane,airplane,airplane,airplane,airplane
6813,frog,frog,frog,frog,frog
6814,truck,truck,truck,truck,truck
6815,airplane,airplane,airplane,airplane,airplane
6816,automobile,automobile,automobile,automobile,automobile
6817,automobile,automobile,automobile,automobile,automobile
6818,horse,horse,horse,horse,horse
6819,bird,bird,bird,bird,bird
6820,automobile,automobile,automobile,automobile,automobile
6821,airplane,airplane,airplane,cat,airplane
6822,deer,deer,deer,deer,deer
6823,dog,dog,dog,dog,dog
6824,airplane,airplane,airplane,bird,bird
6825,cat,dog,dog,cat,cat
6826,frog,frog,frog,frog,frog
6827,cat,cat,cat,bird,airplane
6828,cat,cat,cat,cat,cat
6829,ship,ship,ship,ship,ship
6830,automobile,automobile,automobile,automobile,automobile
6831,ship,ship,ship,ship,ship
6832,automobile,automobile,automobile,automobile,automobile
6833,cat,cat,cat,cat,frog
6834,automobile,automobile,automobile,automobile,automobile
6835,dog,dog,dog,dog,dog
6836,deer,deer,deer,deer,deer
6837,dog,dog,dog,dog,dog
6838,automobile,automobile,automobile,automobile,automobile
6839,ship,ship,ship,bird,bird
6840,truck,truck,truck,truck,truck
6841,automobile,automobile,automobile,automobile,automobile
6842,cat,cat,cat,cat,cat
6843,automobile,automobile,automobile,automobile,automobile
6844,horse,horse,horse,horse,horse
6845,bird,bird,bird,bird,bird
6846,truck,truck,truck,truck,truck
6847,ship,ship,ship,ship,ship
6848,truck,truck,truck,truck,truck
6849,deer,deer,deer,deer,deer
6850,frog,frog,frog,frog,frog
6851,airplane,airplane,airplane,ship,ship
6852,truck,truck,truck,truck,truck
6853,deer,deer,deer,deer,deer
6854,airplane,airplane,airplane,airplane,airplane
6855,deer,deer,deer,deer,deer
6856,frog,frog,frog,cat,dog
6857,bird,bird,bird,bird,bird
6858,automobile,automobile,automobile,automobile,automobile
6859,cat,automobile,automobile,dog,automobile
6860,airplane,airplane,airplane,airplane,airplane
6861,ship,airplane,airplane,airplane,airplane
6862,dog,dog,dog,dog,dog
6863,frog,frog,frog,frog,frog
6864,airplane,airplane,airplane,airplane,airplane
6865,cat,cat,cat,cat,cat
6866,deer,deer,deer,deer,frog
6867,frog,frog,frog,frog,frog
6868,truck,truck,truck,truck,truck
6869,dog,dog,dog,cat,cat
6870,horse,horse,horse,horse,horse
6871,truck,truck,truck,truck,truck
6872,airplane,airplane,airplane,frog,frog
6873,cat,cat,cat,cat,cat
6874,frog,frog,frog,frog,frog
6875,dog,dog,dog,dog,dog
6876,horse,horse,horse,horse,bird
6877,airplane,airplane,airplane,ship,ship
6878,dog,dog,dog,dog,dog
6879,automobile,automobile,automobile,truck,automobile
6880,bird,bird,bird,bird,bird
6881,bird,bird,bird,bird,bird
6882,truck,truck,truck,truck,truck
6883,horse,horse,horse,deer,horse
6884,airplane,airplane,airplane,airplane,airplane
6885,airplane,airplane,airplane,airplane,airplane
6886,automobile,automobile,automobile,automobile,automobile
6887,deer,deer,deer,cat,deer
6888,deer,deer,deer,deer,deer
6889,dog,dog,dog,dog,dog
6890,dog,dog,dog,dog,dog
6891,truck,truck,truck,truck,truck
6892,frog,frog,frog,frog,frog
6893,cat,cat,cat,cat,cat
6894,frog,frog,frog,frog,frog
6895,bird,bird,bird,bird,bird
6896,frog,frog,frog,frog,frog
6897,truck,truck,truck,truck,ship
6898,cat,cat,cat,cat,dog
6899,bird,bird,bird,dog,bird
6900,cat,cat,cat,cat,cat
6901,bird,bird,bird,horse,horse
6902,deer,deer,deer,deer,deer
6903,truck,truck,truck,truck,truck
6904,dog,dog,dog,dog,dog
6905,bird,bird,bird,bird,bird
6906,automobile,automobile,automobile,automobile,automobile
6907,frog,frog,frog,frog,frog
6908,frog,frog,frog,frog,frog
6909,deer,deer,deer,deer,deer
6910,horse,horse,horse,horse,horse
6911,frog,frog,frog,frog,frog
6912,cat,truck,truck,dog,truck
6913,cat,cat,cat,cat,cat
6914,ship,ship,ship,ship,ship
6915,automobile,automobile,automobile,automobile,automobile
6916,deer,deer,cat,deer,deer
6917,frog,frog,frog,horse,frog
6918,deer,deer,deer,deer,deer
6919,deer,deer,deer,deer,deer
6920,dog,dog,dog,dog,dog
6921,frog,frog,frog,frog,frog
6922,bird,bird,bird,bird,bird
6923,airplane,airplane,airplane,airplane,airplane
6924,dog,dog,dog,dog,dog
6925,bird,bird,bird,bird,bird
6926,horse,horse,horse,cat,horse
6927,dog,dog,dog,dog,dog
6928,bird,bird,bird,bird,bird
6929,dog,dog,dog,dog,dog
6930,bird,bird,bird,airplane,bird
6931,dog,dog,dog,dog,dog
6932,truck,truck,truck,truck,truck
6933,airplane,airplane,airplane,airplane,airplane
6934,frog,frog,frog,frog,frog
6935,horse,horse,horse,horse,horse
6936,truck,truck,truck,truck,truck
6937,ship,ship,ship,ship,ship
6938,cat,cat,cat,cat,cat
6939,bird,bird,bird,bird,bird
6940,automobile,automobile,automobile,automobile,automobile
6941,deer,deer,deer,deer,deer
6942,cat,cat,cat,bird,bird
6943,deer,deer,deer,deer,deer
6944,dog,dog,dog,dog,dog
6945,dog,dog,dog,dog,dog
6946,frog,frog,frog,frog,frog
6947,ship,ship,ship,ship,ship
6948,frog,frog,frog,frog,frog
6949,airplane,airplane,airplane,airplane,airplane
6950,ship,ship,ship,ship,ship
6951,truck,truck,truck,truck,truck
6952,ship,ship,ship,ship,ship
6953,airplane,airplane,airplane,airplane,airplane
6954,horse,horse,horse,airplane,airplane
6955,horse,horse,horse,horse,horse
6956,frog,frog,frog,frog,frog
6957,frog,frog,frog,frog,frog
6958,horse,horse,horse,horse,horse
6959,dog,dog,dog,deer,dog
6960,truck,truck,truck,truck,truck
6961,ship,ship,ship,ship,ship
6962,horse,horse,horse,horse,horse
6963,truck,truck,truck,truck,truck
6964,dog,dog,dog,dog,dog
6965,frog,frog,frog,frog,cat
6966,airplane,airplane,airplane,airplane,airplane
6967,deer,deer,deer,deer,deer
6968,ship,ship,ship,ship,ship
6969,bird,bird,bird,cat,airplane
6970,airplane,bird,bird,airplane,airplane
6971,truck,truck,truck,truck,truck
6972,automobile,automobile,automobile,automobile,automobile
6973,cat,cat,cat,cat,dog
6974,truck,truck,truck,truck,truck
6975,ship,ship,ship,ship,ship
6976,cat,cat,cat,cat,airplane
6977,horse,horse,horse,horse,horse
6978,deer,deer,deer,deer,deer
6979,dog,dog,dog,deer,deer
6980,airplane,airplane,airplane,ship,ship
6981,bird,bird,bird,bird,bird
6982,automobile,automobile,automobile,automobile,automobile
6983,truck,truck,truck,truck,truck
6984,automobile,automobile,automobile,automobile,automobile
6985,airplane,airplane,airplane,deer,ship
6986,dog,dog,dog,dog,dog
6987,ship,ship,ship,ship,ship
6988,deer,deer,deer,bird,deer
6989,horse,horse,horse,horse,deer
6990,cat,cat,cat,cat,cat
6991,automobile,automobile,automobile,automobile,automobile
6992,deer,deer,deer,deer,deer
6993,dog,dog,dog,cat,cat
6994,cat,cat,cat,deer,deer
6995,automobile,automobile,automobile,automobile,automobile
6996,airplane,airplane,airplane,airplane,airplane
6997,ship,horse,horse,horse,horse
6998,ship,ship,ship,ship,ship
6999,ship,ship,ship,ship,ship
7000,bird,ship,ship,ship,ship
7001,automobile,automobile,automobile,automobile,automobile
7002,cat,deer,deer,deer,frog
7003,horse,horse,horse,horse,horse
7004,cat,cat,cat,airplane,airplane
7005,automobile,ship,ship,truck,truck
7006,frog,frog,frog,frog,frog
7007,truck,truck,truck,truck,truck
7008,automobile,automobile,automobile,automobile,automobile
7009,frog,frog,frog,frog,frog
7010,airplane,airplane,airplane,airplane,airplane
7011,horse,horse,horse,horse,horse
7012,horse,horse,horse,horse,horse
7013,automobile,automobile,automobile,automobile,automobile
7014,cat,cat,cat,cat,cat
7015,cat,cat,cat,cat,cat
7016,cat,cat,cat,cat,cat
7017,automobile,automobile,automobile,automobile,truck
7018,airplane,airplane,airplane,airplane,airplane
7019,bird,bird,bird,bird,bird
7020,horse,horse,horse,horse,horse
7021,automobile,automobile,automobile,automobile,automobile
7022,bird,bird,bird,bird,bird
7023,bird,bird,bird,bird,bird
7024,truck,truck,truck,truck,truck
7025,frog,frog,frog,frog,frog
7026,cat,cat,cat,cat,cat
7027,dog,dog,dog,dog,dog
7028,truck,truck,truck,truck,truck
7029,deer,deer,deer,deer,deer
7030,ship,ship,ship,ship,ship
7031,airplane,airplane,airplane,airplane,airplane
7032,deer,deer,deer,deer,deer
7033,ship,ship,ship,ship,ship
7034,airplane,airplane,airplane,airplane,airplane
7035,automobile,truck,truck,truck,automobile
7036,cat,cat,cat,bird,cat
7037,horse,horse,horse,horse,horse
7038,airplane,airplane,airplane,airplane,airplane
7039,deer,deer,deer,deer,deer
7040,horse,airplane,airplane,airplane,airplane
7041,deer,deer,deer,deer,airplane
7042,ship,ship,ship,ship,ship
7043,frog,frog,frog,frog,frog
7044,deer,deer,deer,deer,deer
7045,cat,cat,cat,cat,cat
7046,truck,truck,truck,truck,truck
7047,ship,ship,ship,ship,ship
7048,bird,bird,bird,bird,bird
7049,bird,bird,bird,bird,bird
7050,ship,ship,ship,ship,ship
7051,cat,cat,cat,cat,cat
7052,automobile,automobile,automobile,automobile,automobile
7053,automobile,automobile,automobile,automobile,automobile
7054,bird,bird,bird,airplane,airplane
7055,ship,ship,ship,ship,ship
7056,bird,bird,bird,bird,bird
7057,frog,frog,frog,frog,frog
7058,truck,truck,truck,truck,truck
7059,deer,bird,bird,deer,frog
7060,ship,ship,ship,ship,ship
7061,deer,deer,deer,deer,deer
7062,deer,deer,deer,deer,deer
7063,automobile,automobile,automobile,automobile,automobile
7064,dog,dog,dog,dog,dog
7065,bird,bird,bird,bird,bird
7066,frog,frog,frog,frog,frog
7067,truck,truck,truck,truck,truck
7068,bird,bird,airplane,airplane,airplane
7069,airplane,airplane,airplane,airplane,airplane
7070,horse,horse,horse,horse,horse
7071,automobile,automobile,automobile,automobile,automobile
7072,ship,ship,ship,ship,ship
7073,truck,truck,truck,truck,truck
7074,cat,cat,cat,cat,cat
7075,truck,truck,truck,truck,truck
7076,truck,truck,truck,truck,truck
7077,airplane,airplane,airplane,airplane,airplane
7078,horse,horse,horse,horse,horse
7079,horse,horse,horse,horse,horse
7080,dog,airplane,dog,cat,dog
7081,deer,deer,deer,deer,deer
7082,bird,bird,bird,bird,bird
7083,frog,frog,frog,frog,frog
7084,deer,deer,deer,deer,deer
7085,dog,dog,dog,dog,dog
7086,horse,horse,horse,horse,horse
7087,horse,horse,horse,horse,horse
7088,ship,ship,ship,ship,ship
7089,horse,horse,horse,horse,horse
7090,bird,dog,dog,bird,dog
7091,frog,frog,frog,frog,frog
7092,bird,bird,bird,bird,bird
7093,bird,bird,bird,bird,bird
7094,deer,deer,deer,deer,deer
7095,deer,deer,deer,deer,deer
7096,airplane,airplane,airplane,airplane,airplane
7097,horse,horse,horse,horse,cat
7098,automobile,automobile,automobile,automobile,automobile
7099,cat,dog,dog,dog,dog
7100,truck,truck,truck,cat,truck
7101,frog,frog,frog,frog,frog
7102,airplane,airplane,airplane,airplane,airplane
7103,airplane,airplane,airplane,airplane,airplane
7104,bird,bird,bird,bird,bird
7105,cat,cat,cat,cat,cat
7106,ship,ship,ship,ship,ship
7107,bird,cat,frog,frog,frog
7108,bird,bird,bird,bird,bird
7109,deer,deer,deer,deer,deer
7110,cat,cat,cat,cat,cat
7111,dog,dog,dog,dog,dog
7112,bird,bird,bird,airplane,airplane
7113,truck,truck,truck,truck,truck
7114,automobile,automobile,automobile,automobile,automobile
7115,airplane,airplane,airplane,airplane,airplane
7116,airplane,airplane,airplane,airplane,airplane
7117,frog,truck,truck,cat,cat
7118,dog,dog,dog,dog,dog
7119,dog,dog,dog,ship,ship
7120,horse,horse,horse,horse,horse
7121,truck,truck,truck,truck,truck
7122,truck,truck,truck,truck,truck
7123,frog,frog,frog,frog,frog
7124,dog,dog,dog,dog,dog
7125,dog,dog,dog,dog,dog
7126,airplane,airplane,airplane,ship,ship
7127,dog,dog,dog,dog,dog
7128,horse,horse,horse,cat,dog
7129,automobile,automobile,automobile,automobile,automobile
7130,frog,frog,frog,frog,frog
7131,frog,frog,frog,frog,frog
7132,deer,deer,deer,deer,deer
7133,automobile,automobile,automobile,automobile,automobile
7134,deer,bird,bird,bird,bird
7135,deer,deer,deer,deer,deer
7136,automobile,automobile,automobile,automobile,automobile
7137,dog,dog,dog,dog,dog
7138,airplane,airplane,airplane,airplane,airplane
7139,airplane,airplane,airplane,airplane,airplane
7140,deer,deer,deer,deer,deer
7141,dog,dog,dog,dog,dog
7142,ship,ship,ship,ship,ship
7143,deer,cat,dog,deer,bird
7144,ship,ship,ship,ship,ship
7145,cat,cat,cat,cat,dog
7146,airplane,airplane,airplane,airplane,airplane
7147,dog,dog,dog,dog,dog
7148,airplane,airplane,airplane,airplane,airplane
7149,dog,dog,dog,dog,dog
7150,cat,cat,cat,frog,frog
7151,automobile,automobile,automobile,automobile,automobile
7152,frog,frog,frog,cat,cat
7153,horse,horse,horse,horse,horse
7154,airplane,airplane,airplane,airplane,airplane
7155,truck,truck,truck,truck,truck
7156,automobile,automobile,automobile,automobile,automobile
7157,dog,dog,dog,dog,dog
7158,horse,horse,horse,horse,horse
7159,frog,frog,frog,frog,frog
7160,dog,dog,dog,dog,dog
7161,dog,dog,dog,dog,dog
7162,dog,dog,dog,dog,cat
7163,frog,frog,frog,frog,frog
7164,airplane,airplane,airplane,airplane,airplane
7165,airplane,airplane,airplane,airplane,airplane
7166,automobile,automobile,automobile,automobile,automobile
7167,horse,horse,horse,horse,horse
7168,dog,cat,cat,cat,cat
7169,automobile,automobile,automobile,automobile,automobile
7170,truck,truck,truck,truck,truck
7171,bird,bird,bird,bird,bird
7172,deer,deer,deer,frog,frog
7173,automobile,automobile,automobile,automobile,automobile
7174,cat,cat,cat,frog,cat
7175,horse,horse,horse,horse,horse
7176,ship,ship,ship,ship,ship
7177,bird,airplane,airplane,bird,airplane
7178,airplane,airplane,airplane,airplane,airplane
7179,truck,truck,truck,truck,truck
7180,frog,frog,frog,frog,frog
7181,frog,frog,frog,frog,frog
7182,airplane,airplane,airplane,ship,airplane
7183,frog,frog,frog,dog,frog
7184,dog,dog,dog,dog,dog
7185,ship,ship,ship,ship,ship
7186,bird,bird,bird,bird,bird
7187,horse,horse,horse,horse,horse
7188,deer,horse,horse,deer,deer
7189,airplane,airplane,airplane,airplane,airplane
7190,bird,bird,bird,bird,bird
7191,horse,horse,horse,horse,horse
7192,horse,horse,horse,dog,dog
7193,ship,ship,ship,ship,ship
7194,ship,ship,ship,ship,ship
7195,horse,horse,horse,horse,horse
7196,airplane,airplane,airplane,airplane,airplane
7197,deer,deer,deer,deer,deer
7198,truck,truck,truck,truck,truck
7199,automobile,automobile,automobile,automobile,automobile
7200,deer,deer,deer,deer,deer
7201,deer,deer,deer,bird,bird
7202,cat,dog,dog,dog,dog
7203,dog,horse,horse,dog,dog
7204,deer,deer,deer,deer,deer
7205,frog,frog,frog,frog,frog
7206,bird,bird,bird,bird,bird
7207,cat,cat,cat,cat,cat
7208,automobile,automobile,automobile,automobile,automobile
7209,airplane,airplane,airplane,airplane,airplane
7210,cat,cat,cat,cat,cat
7211,cat,cat,cat,cat,cat
7212,cat,cat,cat,cat,cat
7213,frog,frog,frog,frog,frog
7214,cat,dog,dog,dog,dog
7215,automobile,automobile,automobile,automobile,automobile
7216,bird,bird,bird,bird,bird
7217,ship,ship,ship,ship,airplane
7218,truck,truck,truck,airplane,airplane
7219,horse,horse,horse,horse,horse
7220,truck,truck,truck,truck,truck
7221,cat,cat,cat,cat,cat
7222,ship,ship,ship,ship,ship
7223,horse,horse,horse,horse,horse
7224,cat,cat,cat,airplane,airplane
7225,automobile,automobile,automobile,automobile,automobile
7226,horse,horse,horse,horse,horse
7227,horse,horse,horse,horse,horse
7228,cat,cat,cat,cat,cat
7229,bird,bird,bird,bird,bird
7230,bird,bird,bird,bird,bird
7231,ship,ship,ship,ship,ship
7232,truck,truck,truck,truck,truck
7233,dog,dog,dog,dog,dog
7234,truck,truck,truck,truck,truck
7235,bird,bird,bird,bird,frog
7236,automobile,automobile,automobile,automobile,automobile
7237,horse,horse,horse,horse,horse
7238,deer,deer,deer,deer,deer
7239,deer,deer,deer,deer,deer
7240,airplane,airplane,airplane,airplane,airplane
7241,dog,dog,dog,dog,dog
7242,horse,horse,horse,horse,frog
7243,automobile,automobile,automobile,truck,automobile
7244,dog,dog,dog,dog,dog
7245,deer,deer,deer,deer,deer
7246,airplane,bird,bird,bird,bird
7247,ship,ship,ship,ship,ship
7248,deer,deer,deer,deer,deer
7249,truck,truck,truck,truck,truck
7250,ship,ship,ship,ship,ship
7251,horse,horse,horse,horse,horse
7252,ship,ship,ship,ship,ship
7253,deer,deer,deer,deer,deer
7254,bird,bird,bird,bird,bird
7255,cat,cat,cat,cat,cat
7256,deer,deer,deer,deer,deer
7257,airplane,airplane,airplane,airplane,airplane
7258,dog,dog,dog,dog,dog
7259,deer,deer,deer,deer,deer
7260,automobile,automobile,automobile,automobile,automobile
7261,ship,ship,ship,ship,ship
7262,bird,bird,bird,bird,bird
7263,dog,dog,dog,dog,dog
7264,deer,deer,deer,deer,deer
7265,dog,cat,cat,dog,dog
7266,bird,bird,bird,bird,bird
7267,dog,dog,dog,dog,dog
7268,cat,cat,cat,cat,cat
7269,horse,horse,horse,horse,horse
7270,truck,truck,truck,truck,truck
7271,horse,horse,horse,deer,horse
7272,automobile,automobile,automobile,automobile,automobile
7273,deer,deer,deer,deer,deer
7274,automobile,truck,truck,truck,truck
7275,cat,cat,cat,cat,cat
7276,automobile,automobile,automobile,automobile,automobile
7277,deer,deer,deer,deer,deer
7278,dog,dog,dog,dog,dog
7279,dog,dog,dog,dog,dog
7280,automobile,automobile,automobile,automobile,automobile
7281,horse,horse,horse,dog,horse
7282,automobile,automobile,automobile,automobile,automobile
7283,cat,cat,cat,deer,cat
7284,airplane,airplane,airplane,airplane,airplane
7285,automobile,automobile,automobile,airplane,automobile
7286,bird,bird,bird,bird,bird
7287,dog,dog,dog,dog,dog
7288,horse,horse,horse,horse,horse
7289,airplane,airplane,airplane,airplane,airplane
7290,frog,frog,frog,frog,frog
7291,cat,cat,cat,cat,cat
7292,dog,dog,dog,dog,dog
7293,horse,horse,horse,horse,horse
7294,dog,dog,dog,dog,dog
7295,dog,dog,dog,dog,dog
7296,ship,ship,ship,ship,ship
7297,truck,truck,truck,truck,truck
7298,deer,deer,deer,deer,deer
7299,frog,frog,frog,frog,frog
7300,cat,cat,cat,cat,cat
7301,frog,frog,frog,frog,frog
7302,frog,frog,frog,frog,frog
7303,ship,ship,ship,ship,ship
7304,bird,bird,bird,bird,bird
7305,frog,frog,frog,frog,frog
7306,deer,deer,deer,deer,deer
7307,ship,ship,ship,ship,ship
7308,deer,deer,deer,deer,deer
7309,automobile,automobile,automobile,automobile,automobile
7310,cat,cat,cat,cat,cat
7311,automobile,truck,truck,truck,truck
7312,bird,bird,bird,bird,bird
7313,cat,cat,cat,cat,cat
7314,cat,cat,cat,bird,bird
7315,airplane,airplane,airplane,airplane,airplane
7316,automobile,automobile,automobile,automobile,automobile
7317,frog,frog,frog,frog,frog
7318,deer,deer,deer,bird,deer
7319,bird,bird,bird,bird,bird
7320,ship,ship,ship,airplane,airplane
7321,bird,bird,bird,bird,bird
7322,deer,deer,deer,deer,deer
7323,cat,deer,deer,cat,deer
7324,automobile,automobile,automobile,automobile,automobile
7325,deer,deer,deer,deer,deer
7326,deer,deer,deer,deer,deer
7327,deer,deer,deer,deer,deer
7328,deer,deer,deer,deer,deer
7329,automobile,automobile,automobile,automobile,automobile
7330,dog,dog,dog,dog,bird
7331,dog,dog,dog,dog,dog
7332,horse,horse,horse,horse,horse
7333,frog,frog,frog,frog,frog
7334,dog,dog,dog,dog,dog
7335,deer,deer,deer,deer,deer
7336,dog,dog,dog,dog,dog
7337,frog,frog,frog,frog,frog
7338,dog,dog,dog,dog,dog
7339,frog,frog,frog,frog,frog
7340,bird,bird,bird,bird,bird
7341,deer,deer,deer,deer,deer
7342,horse,horse,horse,horse,horse
7343,horse,bird,bird,bird,bird
7344,deer,deer,deer,deer,deer
7345,frog,frog,frog,frog,frog
7346,dog,dog,dog,dog,dog
7347,airplane,airplane,airplane,airplane,airplane
7348,bird,bird,bird,bird,bird
7349,cat,cat,cat,cat,cat
7350,truck,truck,truck,truck,truck
7351,bird,bird,bird,bird,bird
7352,cat,cat,cat,cat,cat
7353,ship,ship,ship,ship,ship
7354,airplane,airplane,airplane,airplane,airplane
7355,horse,horse,horse,horse,horse
7356,airplane,airplane,airplane,airplane,airplane
7357,frog,frog,frog,frog,frog
7358,ship,ship,ship,ship,ship
7359,automobile,automobile,automobile,automobile,automobile
7360,bird,bird,bird,dog,dog
7361,ship,ship,ship,ship,ship
7362,truck,truck,truck,truck,truck
7363,automobile,automobile,automobile,automobile,automobile
7364,dog,dog,dog,dog,dog
7365,deer,deer,deer,deer,deer
7366,bird,bird,bird,bird,bird
7367,cat,dog,dog,dog,dog
7368,dog,dog,dog,dog,dog
7369,dog,dog,dog,dog,dog
7370,cat,bird,bird,cat,cat
7371,frog,frog,frog,frog,frog
7372,dog,dog,dog,dog,dog
7373,airplane,airplane,airplane,airplane,airplane
7374,cat,cat,cat,cat,cat
7375,bird,bird,bird,bird,bird
7376,automobile,automobile,automobile,automobile,automobile
7377,cat,cat,cat,cat,cat
7378,cat,cat,cat,cat,cat
7379,horse,horse,horse,horse,horse
7380,horse,horse,horse,horse,horse
7381,deer,deer,deer,deer,deer
7382,truck,truck,truck,truck,truck
7383,deer,deer,deer,deer,deer
7384,cat,dog,dog,dog,dog
7385,truck,truck,truck,truck,truck
7386,dog,dog,dog,dog,dog
7387,automobile,automobile,automobile,automobile,automobile
7388,horse,horse,horse,horse,horse
7389,frog,frog,frog,frog,frog
7390,frog,frog,frog,frog,frog
7391,deer,deer,deer,deer,deer
7392,ship,ship,ship,ship,ship
7393,dog,dog,dog,deer,deer
7394,automobile,automobile,automobile,automobile,automobile
7395,bird,bird,bird,cat,cat
7396,ship,ship,ship,ship,ship
7397,deer,deer,deer,dog,deer
7398,dog,bird,bird,cat,cat
7399,cat,cat,cat,cat,dog
7400,cat,cat,cat,dog,dog
7401,cat,cat,cat,cat,cat
7402,airplane,airplane,airplane,airplane,airplane
7403,deer,deer,deer,frog,deer
7404,ship,ship,ship,ship,ship
7405,horse,horse,horse,horse,horse
7406,horse,horse,horse,bird,bird
7407,truck,truck,truck,truck,truck
7408,deer,cat,cat,cat,dog
7409,ship,ship,ship,ship,ship
7410,deer,deer,deer,deer,deer
7411,dog,dog,dog,dog,dog
7412,truck,truck,truck,truck,truck
7413,automobile,automobile,automobile,frog,automobile
7414,ship,ship,ship,airplane,airplane
7415,cat,cat,cat,cat,cat
7416,automobile,automobile,automobile,automobile,automobile
7417,cat,cat,cat,cat,cat
7418,ship,ship,ship,ship,ship
7419,airplane,airplane,airplane,airplane,airplane
7420,cat,deer,cat,deer,deer
7421,dog,dog,dog,dog,dog
7422,deer,deer,deer,deer,deer
7423,frog,frog,frog,frog,frog
7424,truck,truck,truck,truck,truck
7425,bird,bird,bird,bird,bird
7426,horse,horse,horse,horse,horse
7427,bird,bird,bird,bird,bird
7428,airplane,airplane,airplane,airplane,airplane
7429,dog,dog,dog,dog,dog
7430,bird,bird,bird,bird,bird
7431,truck,truck,truck,truck,truck
7432,horse,horse,horse,horse,horse
7433,dog,dog,dog,dog,dog
7434,airplane,airplane,airplane,airplane,airplane
7435,horse,horse,horse,dog,horse
7436,airplane,airplane,airplane,airplane,airplane
7437,cat,cat,cat,cat,cat
7438,dog,dog,dog,dog,dog
7439,dog,cat,cat,cat,cat
7440,cat,cat,cat,cat,cat
7441,ship,ship,ship,ship,ship
7442,horse,horse,horse,horse,horse
7443,horse,horse,horse,cat,horse
7444,truck,automobile,automobile,automobile,automobile
7445,frog,frog,frog,frog,frog
7446,dog,dog,dog,cat,cat
7447,ship,ship,ship,ship,ship
7448,truck,truck,truck,truck,truck
7449,airplane,airplane,airplane,airplane,airplane
7450,automobile,automobile,automobile,automobile,automobile
7451,truck,truck,truck,truck,truck
7452,deer,deer,deer,deer,deer
7453,airplane,airplane,airplane,airplane,airplane
7454,airplane,airplane,airplane,airplane,airplane
7455,automobile,automobile,automobile,automobile,automobile
7456,horse,horse,horse,airplane,horse
7457,bird,bird,bird,bird,bird
7458,bird,bird,bird,bird,bird
7459,ship,ship,ship,ship,ship
7460,dog,dog,dog,dog,dog
7461,truck,truck,truck,truck,truck
7462,ship,ship,ship,automobile,ship
7463,bird,bird,bird,bird,bird
7464,ship,ship,ship,ship,ship
7465,airplane,airplane,airplane,airplane,airplane
7466,frog,frog,frog,frog,frog
7467,frog,frog,frog,frog,frog
7468,ship,ship,ship,ship,ship
7469,frog,frog,frog,frog,frog
7470,truck,truck,truck,truck,truck
7471,frog,dog,dog,dog,cat
7472,automobile,automobile,automobile,automobile,automobile
7473,automobile,automobile,automobile,automobile,automobile
7474,dog,dog,dog,dog,dog
7475,cat,cat,cat,cat,cat
7476,dog,dog,dog,dog,dog
7477,airplane,airplane,airplane,airplane,airplane
7478,horse,horse,horse,horse,horse
7479,frog,frog,frog,frog,frog
7480,automobile,automobile,automobile,automobile,automobile
7481,deer,deer,deer,deer,deer
7482,deer,deer,deer,deer,deer
7483,automobile,automobile,automobile,automobile,automobile
7484,automobile,automobile,automobile,automobile,automobile
7485,ship,ship,ship,ship,ship
7486,automobile,automobile,automobile,automobile,automobile
7487,automobile,automobile,automobile,automobile,automobile
7488,bird,bird,bird,bird,bird
7489,cat,bird,bird,cat,cat
7490,deer,deer,deer,deer,deer
7491,truck,horse,horse,truck,truck
7492,truck,truck,truck,truck,truck
7493,dog,dog,dog,cat,dog
7494,bird,bird,bird,bird,bird
7495,horse,horse,horse,horse,horse
7496,cat,deer,deer,deer,deer
7497,cat,cat,cat,cat,dog
7498,frog,frog,frog,frog,frog
7499,truck,truck,truck,truck,truck
7500,frog,frog,frog,frog,frog
7501,truck,truck,truck,truck,truck
7502,ship,ship,ship,ship,ship
7503,ship,ship,ship,ship,ship
7504,frog,frog,frog,frog,frog
7505,horse,horse,horse,horse,horse
7506,deer,deer,deer,deer,deer
7507,horse,horse,horse,horse,horse
7508,bird,bird,bird,bird,bird
7509,cat,dog,dog,cat,dog
7510,ship,ship,ship,ship,ship
7511,airplane,airplane,airplane,airplane,airplane
7512,truck,truck,truck,truck,truck
7513,airplane,airplane,airplane,airplane,airplane
7514,horse,horse,horse,horse,horse
7515,ship,ship,ship,ship,ship
7516,automobile,automobile,automobile,automobile,automobile
7517,bird,bird,bird,bird,bird
7518,cat,cat,cat,cat,cat
7519,bird,bird,bird,ship,ship
7520,deer,deer,deer,deer,deer
7521,bird,bird,bird,bird,bird
7522,truck,truck,truck,truck,truck
7523,airplane,airplane,airplane,airplane,airplane
7524,cat,ship,ship,airplane,ship
7525,ship,ship,ship,ship,ship
7526,truck,truck,truck,truck,truck
7527,frog,frog,frog,frog,frog
7528,dog,dog,dog,dog,dog
7529,dog,dog,dog,dog,dog
7530,bird,bird,bird,bird,bird
7531,deer,deer,deer,deer,deer
7532,automobile,automobile,automobile,automobile,automobile
7533,airplane,airplane,airplane,airplane,airplane
7534,frog,frog,frog,frog,frog
7535,automobile,automobile,automobile,automobile,automobile
7536,ship,ship,ship,ship,ship
7537,deer,deer,deer,deer,deer
7538,dog,dog,dog,dog,dog
7539,dog,dog,dog,cat,dog
7540,dog,dog,dog,dog,dog
7541,airplane,airplane,airplane,airplane,airplane
7542,ship,ship,ship,ship,ship
7543,truck,truck,truck,truck,truck
7544,airplane,airplane,airplane,airplane,airplane
7545,dog,cat,cat,dog,dog
7546,horse,horse,horse,horse,horse
7547,truck,truck,truck,truck,truck
7548,frog,frog,frog,frog,frog
7549,cat,dog,dog,dog,dog
7550,deer,deer,deer,deer,deer
7551,frog,frog,frog,frog,frog
7552,deer,deer,deer,deer,deer
7553,truck,truck,truck,truck,truck
7554,horse,horse,horse,horse,horse
7555,automobile,automobile,automobile,automobile,automobile
7556,bird,bird,bird,bird,bird
7557,dog,dog,dog,bird,dog
7558,bird,bird,bird,bird,bird
7559,ship,automobile,automobile,automobile,automobile
7560,airplane,airplane,airplane,airplane,airplane
7561,bird,dog,dog,cat,cat
7562,bird,cat,cat,frog,deer
7563,truck,truck,truck,truck,truck
7564,ship,ship,ship,ship,ship
7565,automobile,automobile,automobile,automobile,automobile
7566,truck,truck,truck,truck,truck
7567,horse,horse,horse,horse,horse
7568,horse,horse,horse,horse,horse
7569,cat,cat,cat,cat,cat
7570,automobile,automobile,automobile,automobile,automobile
7571,deer,deer,deer,deer,frog
7572,automobile,automobile,automobile,automobile,automobile
7573,automobile,automobile,automobile,truck,automobile
7574,cat,cat,cat,cat,cat
7575,ship,ship,ship,ship,ship
7576,ship,ship,ship,ship,ship
7577,automobile,automobile,automobile,automobile,automobile
7578,truck,automobile,automobile,truck,truck
7579,cat,cat,cat,cat,cat
7580,ship,ship,ship,ship,ship
7581,truck,truck,truck,truck,truck
7582,dog,dog,dog,dog,dog
7583,automobile,automobile,automobile,automobile,automobile
7584,automobile,automobile,automobile,automobile,automobile
7585,frog,frog,frog,frog,frog
7586,bird,bird,bird,truck,bird
7587,horse,horse,horse,horse,horse
7588,bird,bird,bird,cat,bird
7589,frog,frog,frog,frog,frog
7590,bird,bird,bird,deer,deer
7591,frog,frog,frog,frog,frog
7592,truck,truck,truck,truck,truck
7593,frog,frog,frog,frog,frog
7594,airplane,airplane,airplane,airplane,airplane
7595,automobile,automobile,automobile,automobile,automobile
7596,cat,cat,cat,dog,cat
7597,truck,truck,truck,truck,truck
7598,cat,cat,cat,cat,cat
7599,ship,ship,ship,ship,ship
7600,ship,ship,ship,automobile,bird
7601,ship,ship,ship,ship,ship
7602,bird,bird,bird,bird,bird
7603,truck,truck,truck,truck,truck
7604,automobile,automobile,automobile,automobile,automobile
7605,bird,frog,frog,frog,frog
7606,frog,frog,frog,frog,frog
7607,airplane,airplane,airplane,airplane,airplane
7608,dog,dog,dog,dog,dog
7609,airplane,airplane,airplane,ship,airplane
7610,horse,horse,horse,horse,horse
7611,horse,deer,deer,horse,deer
7612,horse,horse,horse,horse,horse
7613,truck,truck,truck,truck,truck
7614,deer,deer,deer,deer,deer
7615,dog,dog,dog,dog,dog
7616,airplane,airplane,airplane,airplane,airplane
7617,bird,airplane,airplane,bird,bird
7618,cat,cat,cat,cat,cat
7619,dog,dog,dog,cat,dog
7620,dog,dog,dog,cat,truck
7621,ship,ship,ship,ship,ship
7622,truck,truck,truck,truck,truck
7623,automobile,automobile,automobile,automobile,automobile
7624,bird,bird,bird,bird,bird
7625,horse,airplane,airplane,airplane,airplane
7626,automobile,automobile,automobile,automobile,automobile
7627,cat,cat,cat,cat,cat
7628,deer,deer,deer,cat,deer
7629,frog,frog,frog,frog,frog
7630,truck,truck,truck,truck,truck
7631,automobile,automobile,automobile,automobile,automobile
7632,airplane,airplane,airplane,airplane,airplane
7633,horse,horse,horse,horse,horse
7634,automobile,automobile,automobile,automobile,automobile
7635,truck,truck,truck,truck,truck
7636,dog,dog,dog,dog,dog
7637,ship,ship,ship,ship,ship
7638,automobile,automobile,automobile,ship,ship
7639,truck,truck,truck,truck,truck
7640,truck,truck,truck,truck,truck
7641,horse,horse,horse,horse,horse
7642,truck,truck,truck,truck,truck
7643,ship,ship,ship,ship,ship
7644,cat,dog,dog,bird,bird
7645,airplane,airplane,airplane,airplane,airplane
7646,bird,bird,bird,bird,bird
7647,frog,frog,frog,frog,frog
7648,airplane,bird,bird,airplane,airplane
7649,bird,bird,bird,bird,bird
7650,bird,bird,bird,bird,bird
7651,deer,deer,deer,deer,deer
7652,airplane,airplane,airplane,airplane,airplane
7653,ship,ship,ship,ship,ship
7654,deer,deer,deer,deer,deer
7655,ship,ship,ship,ship,ship
7656,automobile,automobile,automobile,automobile,automobile
7657,bird,dog,dog,dog,dog
7658,horse,horse,horse,horse,horse
7659,bird,bird,bird,bird,bird
7660,horse,horse,horse,horse,horse
7661,truck,truck,truck,truck,truck
7662,dog,dog,dog,dog,dog
7663,bird,bird,bird,bird,bird
7664,bird,bird,bird,bird,bird
7665,truck,truck,truck,truck,truck
7666,bird,bird,bird,bird,bird
7667,frog,frog,frog,deer,frog
7668,dog,dog,dog,dog,dog
7669,horse,horse,horse,deer,horse
7670,bird,bird,bird,frog,bird
7671,dog,dog,dog,dog,dog
7672,frog,frog,frog,frog,frog
7673,dog,dog,dog,dog,dog
7674,automobile,automobile,automobile,truck,airplane
7675,ship,ship,ship,ship,ship
7676,bird,bird,bird,bird,bird
7677,frog,frog,frog,frog,frog
7678,ship,ship,ship,ship,ship
7679,frog,frog,frog,frog,frog
7680,cat,dog,dog,dog,dog
7681,airplane,airplane,airplane,airplane,airplane
7682,ship,ship,ship,ship,ship
7683,airplane,airplane,airplane,airplane,airplane
7684,airplane,airplane,airplane,airplane,airplane
7685,truck,truck,truck,airplane,airplane
7686,truck,truck,truck,truck,truck
7687,frog,frog,frog,frog,frog
7688,ship,ship,ship,ship,ship
7689,airplane,airplane,airplane,airplane,ship
7690,frog,frog,frog,frog,frog
7691,frog,frog,frog,frog,frog
7692,airplane,airplane,airplane,airplane,airplane
7693,horse,horse,horse,horse,horse
7694,truck,truck,truck,truck,truck
7695,ship,ship,ship,ship,ship
7696,airplane,airplane,airplane,airplane,airplane
7697,dog,dog,dog,dog,dog
7698,airplane,airplane,airplane,airplane,airplane
7699,truck,truck,truck,truck,truck
7700,frog,frog,frog,frog,frog
7701,airplane,airplane,airplane,airplane,airplane
7702,deer,deer,deer,deer,deer
7703,horse,horse,horse,horse,horse
7704,automobile,automobile,automobile,automobile,automobile
7705,horse,horse,horse,horse,horse
7706,ship,ship,ship,ship,ship
7707,ship,ship,ship,ship,ship
7708,bird,bird,bird,deer,bird
7709,cat,cat,cat,cat,cat
7710,truck,truck,truck,truck,truck
7711,frog,bird,bird,cat,cat
7712,dog,dog,dog,dog,dog
7713,dog,dog,dog,dog,dog
7714,cat,cat,cat,cat,cat
7715,automobile,automobile,automobile,automobile,automobile
7716,dog,dog,dog,dog,dog
7717,cat,cat,cat,cat,cat
7718,airplane,airplane,airplane,airplane,airplane
7719,bird,bird,bird,bird,bird
7720,dog,dog,dog,dog,dog
7721,bird,bird,bird,bird,bird
7722,horse,horse,horse,horse,horse
7723,cat,cat,cat,frog,frog
7724,ship,ship,ship,ship,ship
7725,deer,deer,deer,deer,deer
7726,deer,deer,deer,deer,deer
7727,frog,frog,frog,frog,frog
7728,automobile,automobile,automobile,automobile,automobile
7729,truck,truck,truck,truck,truck
7730,deer,deer,deer,deer,deer
7731,automobile,automobile,automobile,automobile,automobile
7732,horse,horse,horse,horse,horse
7733,airplane,airplane,airplane,airplane,airplane
7734,automobile,automobile,automobile,automobile,automobile
7735,deer,deer,deer,cat,airplane
7736,cat,dog,dog,dog,dog
7737,airplane,airplane,airplane,airplane,airplane
7738,bird,bird,bird,bird,bird
7739,truck,truck,truck,truck,truck
7740,deer,deer,deer,deer,deer
7741,dog,cat,cat,cat,cat
7742,airplane,airplane,airplane,airplane,airplane
7743,cat,cat,cat,cat,cat
7744,deer,deer,deer,dog,cat
7745,horse,horse,horse,horse,horse
7746,bird,bird,bird,bird,bird
7747,cat,cat,cat,cat,cat
7748,airplane,airplane,airplane,airplane,airplane
7749,automobile,automobile,automobile,automobile,automobile
7750,cat,cat,cat,deer,cat
7751,horse,horse,horse,horse,horse
7752,truck,truck,truck,truck,truck
7753,truck,truck,truck,truck,truck
7754,airplane,airplane,airplane,airplane,airplane
7755,horse,horse,horse,horse,horse
7756,dog,dog,dog,dog,dog
7757,frog,frog,frog,frog,frog
7758,horse,horse,horse,horse,horse
7759,automobile,automobile,automobile,automobile,automobile
7760,bird,bird,bird,bird,bird
7761,bird,cat,cat,cat,cat
7762,horse,horse,horse,horse,horse
7763,deer,deer,deer,cat,cat
7764,frog,frog,frog,frog,frog
7765,ship,ship,ship,ship,ship
7766,deer,deer,deer,deer,deer
7767,truck,truck,truck,truck,truck
7768,ship,ship,ship,ship,ship
7769,deer,deer,deer,deer,deer
7770,truck,truck,truck,truck,truck
7771,bird,bird,bird,bird,bird
7772,cat,cat,cat,cat,cat
7773,deer,deer,deer,deer,deer
7774,airplane,airplane,airplane,airplane,airplane
7775,bird,bird,bird,bird,bird
7776,dog,dog,dog,dog,dog
7777,frog,frog,frog,frog,frog
7778,airplane,airplane,airplane,deer,airplane
7779,dog,dog,dog,dog,dog
7780,cat,cat,cat,cat,cat
7781,dog,dog,dog,dog,dog
7782,ship,ship,ship,ship,ship
7783,cat,cat,cat,dog,dog
7784,horse,horse,horse,deer,deer
7785,deer,deer,deer,bird,bird
7786,truck,truck,truck,truck,truck
7787,dog,dog,dog,dog,dog
7788,frog,frog,frog,frog,frog
7789,cat,cat,cat,cat,cat
7790,ship,ship,ship,ship,airplane
7791,frog,frog,frog,frog,frog
7792,truck,automobile,automobile,automobile,automobile
7793,ship,ship,ship,ship,ship
7794,dog,dog,dog,cat,dog
7795,dog,dog,dog,dog,dog
7796,ship,ship,ship,ship,ship
7797,cat,frog,frog,frog,frog
7798,dog,dog,dog,dog,dog
7799,truck,truck,truck,truck,truck
7800,airplane,airplane,airplane,airplane,airplane
7801,deer,deer,deer,deer,deer
7802,bird,bird,bird,bird,bird
7803,airplane,airplane,airplane,airplane,airplane
7804,dog,dog,dog,dog,dog
7805,truck,truck,truck,truck,truck
7806,truck,truck,truck,automobile,truck
7807,cat,cat,cat,cat,cat
7808,ship,ship,ship,ship,ship
7809,airplane,airplane,airplane,airplane,airplane
7810,frog,frog,frog,frog,frog
7811,airplane,airplane,airplane,airplane,airplane
7812,bird,bird,bird,bird,bird
7813,cat,dog,dog,cat,airplane
7814,horse,horse,horse,horse,horse
7815,airplane,airplane,airplane,airplane,ship
7816,airplane,deer,deer,deer,deer
7817,frog,frog,frog,frog,frog
7818,truck,truck,truck,truck,truck
7819,automobile,automobile,automobile,automobile,automobile
7820,dog,dog,dog,cat,dog
7821,bird,bird,bird,bird,bird
7822,bird,bird,bird,bird,bird
7823,horse,horse,horse,horse,horse
7824,truck,truck,truck,truck,automobile
7825,cat,cat,cat,cat,cat
7826,truck,truck,truck,truck,truck
7827,cat,dog,dog,dog,dog
7828,dog,dog,dog,dog,dog
7829,bird,bird,bird,bird,bird
7830,bird,bird,bird,bird,bird
7831,bird,bird,bird,bird,bird
7832,ship,ship,ship,ship,ship
7833,ship,ship,ship,ship,ship
7834,dog,dog,dog,dog,dog
7835,airplane,airplane,airplane,airplane,airplane
7836,airplane,airplane,airplane,airplane,airplane
7837,horse,horse,horse,horse,horse
7838,airplane,airplane,airplane,airplane,airplane
7839,cat,deer,deer,deer,cat
7840,automobile,automobile,automobile,automobile,automobile
7841,frog,cat,cat,frog,frog
7842,dog,cat,cat,dog,dog
7843,airplane,airplane,airplane,airplane,airplane
7844,truck,truck,truck,truck,truck
7845,bird,bird,bird,bird,bird
7846,frog,frog,frog,cat,frog
7847,horse,horse,horse,horse,horse
7848,deer,deer,deer,deer,deer
7849,bird,bird,bird,bird,bird
7850,airplane,airplane,airplane,airplane,airplane
7851,airplane,airplane,airplane,airplane,airplane
7852,dog,dog,dog,horse,horse
7853,cat,cat,cat,bird,bird
7854,cat,cat,cat,cat,cat
7855,bird,dog,dog,frog,bird
7856,frog,frog,frog,frog,frog
7857,deer,deer,deer,deer,deer
7858,bird,bird,bird,bird,bird
7859,horse,horse,horse,horse,horse
7860,ship,ship,ship,ship,ship
7861,airplane,airplane,airplane,airplane,airplane
7862,automobile,automobile,automobile,automobile,automobile
7863,airplane,airplane,airplane,airplane,airplane
7864,automobile,automobile,automobile,automobile,automobile
7865,cat,cat,cat,dog,cat
7866,frog,frog,frog,frog,frog
7867,deer,deer,deer,deer,deer
7868,ship,ship,ship,ship,ship
7869,airplane,airplane,airplane,airplane,airplane
7870,frog,frog,frog,frog,frog
7871,airplane,airplane,airplane,airplane,airplane
7872,truck,truck,truck,truck,truck
7873,automobile,automobile,automobile,automobile,automobile
7874,frog,frog,frog,frog,frog
7875,bird,bird,bird,bird,bird
7876,automobile,automobile,automobile,automobile,automobile
7877,airplane,airplane,airplane,airplane,airplane
7878,automobile,automobile,automobile,automobile,automobile
7879,cat,cat,cat,cat,cat
7880,airplane,airplane,airplane,airplane,airplane
7881,cat,dog,dog,deer,deer
7882,horse,horse,horse,horse,horse
7883,truck,truck,truck,truck,truck
7884,truck,truck,truck,truck,truck
7885,cat,cat,cat,cat,cat
7886,horse,horse,horse,horse,horse
7887,dog,dog,dog,dog,dog
7888,horse,horse,horse,horse,horse
7889,automobile,automobile,automobile,automobile,automobile
7890,frog,frog,frog,frog,frog
7891,frog,frog,frog,frog,frog
7892,automobile,truck,truck,truck,truck
7893,automobile,automobile,automobile,automobile,automobile
7894,automobile,automobile,automobile,automobile,automobile
7895,deer,deer,deer,deer,deer
7896,deer,deer,deer,cat,bird
7897,bird,bird,bird,bird,bird
7898,automobile,automobile,automobile,automobile,automobile
7899,horse,horse,horse,horse,horse
7900,airplane,airplane,airplane,airplane,airplane
7901,automobile,automobile,automobile,automobile,automobile
7902,bird,bird,bird,bird,bird
7903,automobile,automobile,automobile,automobile,automobile
7904,automobile,automobile,automobile,automobile,automobile
7905,cat,cat,cat,cat,cat
7906,bird,bird,bird,deer,bird
7907,frog,frog,frog,frog,frog
7908,truck,truck,truck,truck,truck
7909,automobile,automobile,automobile,truck,truck
7910,cat,cat,cat,cat,cat
7911,bird,bird,bird,bird,bird
7912,airplane,airplane,airplane,airplane,airplane
7913,ship,ship,ship,ship,ship
7914,horse,horse,horse,horse,horse
7915,cat,cat,cat,cat,cat
7916,deer,deer,deer,bird,bird
7917,frog,frog,frog,frog,frog
7918,deer,deer,deer,cat,deer
7919,frog,frog,frog,frog,frog
7920,truck,truck,truck,truck,truck
7921,deer,deer,deer,deer,deer
7922,ship,ship,ship,ship,ship
7923,truck,truck,truck,truck,truck
7924,cat,cat,cat,cat,dog
7925,airplane,airplane,airplane,airplane,airplane
7926,dog,dog,dog,dog,dog
7927,horse,horse,horse,horse,horse
7928,bird,bird,bird,bird,bird
7929,airplane,airplane,airplane,airplane,airplane
7930,bird,bird,bird,bird,bird
7931,truck,truck,automobile,truck,frog
7932,truck,truck,truck,truck,truck
7933,cat,cat,cat,bird,bird
7934,ship,ship,ship,ship,ship
7935,horse,horse,horse,bird,horse
7936,automobile,automobile,automobile,automobile,automobile
7937,automobile,automobile,automobile,automobile,automobile
7938,bird,bird,bird,bird,bird
7939,bird,bird,bird,bird,bird
7940,bird,bird,bird,bird,bird
7941,dog,frog,frog,frog,bird
7942,truck,truck,truck,truck,truck
7943,automobile,automobile,automobile,automobile,automobile
7944,bird,bird,bird,bird,bird
7945,frog,frog,frog,frog,frog
7946,automobile,automobile,automobile,automobile,automobile
7947,bird,bird,bird,cat,cat
7948,automobile,automobile,automobile,automobile,automobile
7949,ship,ship,ship,ship,ship
7950,truck,truck,truck,truck,truck
7951,bird,bird,bird,bird,bird
7952,cat,cat,cat,airplane,bird
7953,automobile,automobile,automobile,automobile,automobile
7954,truck,truck,truck,truck,truck
7955,truck,truck,truck,truck,truck
7956,deer,deer,deer,horse,cat
7957,deer,deer,deer,deer,deer
7958,dog,dog,dog,dog,dog
7959,dog,dog,dog,dog,dog
7960,airplane,airplane,airplane,airplane,airplane
7961,cat,cat,cat,cat,cat
7962,cat,dog,dog,dog,dog
7963,horse,horse,horse,horse,horse
7964,automobile,automobile,automobile,automobile,automobile
7965,horse,horse,horse,horse,horse
7966,horse,horse,horse,horse,horse
7967,truck,automobile,automobile,automobile,truck
7968,ship,ship,ship,ship,ship
7969,frog,frog,frog,frog,frog
7970,cat,cat,cat,cat,cat
7971,dog,dog,dog,dog,dog
7972,dog,dog,dog,dog,dog
7973,automobile,automobile,automobile,automobile,automobile
7974,frog,frog,frog,cat,cat
7975,bird,bird,bird,bird,bird
7976,horse,horse,horse,horse,horse
7977,ship,ship,ship,ship,ship
7978,deer,deer,deer,deer,deer
7979,cat,dog,cat,horse,cat
7980,cat,cat,cat,cat,cat
7981,dog,dog,dog,dog,dog
7982,truck,truck,truck,truck,truck
7983,frog,frog,frog,ship,ship
7984,ship,ship,ship,ship,ship
7985,dog,dog,dog,dog,dog
7986,automobile,automobile,automobile,automobile,automobile
7987,airplane,airplane,airplane,airplane,airplane
7988,frog,frog,frog,frog,frog
7989,horse,horse,horse,cat,horse
7990,airplane,airplane,airplane,airplane,airplane
7991,truck,truck,truck,truck,truck
7992,frog,frog,frog,frog,frog
7993,bird,bird,bird,airplane,airplane
7994,airplane,airplane,airplane,airplane,airplane
7995,ship,ship,ship,ship,ship
7996,horse,horse,horse,horse,horse
7997,automobile,automobile,automobile,automobile,automobile
7998,bird,bird,bird,bird,bird
7999,frog,frog,frog,cat,frog
8000,truck,truck,truck,truck,truck
8001,automobile,automobile,automobile,automobile,automobile
8002,frog,frog,frog,frog,frog
8003,deer,deer,deer,deer,deer
8004,horse,horse,horse,horse,horse
8005,automobile,automobile,automobile,automobile,automobile
8006,truck,truck,truck,truck,truck
8007,airplane,airplane,airplane,airplane,airplane
8008,airplane,airplane,airplane,airplane,airplane
8009,dog,dog,dog,dog,bird
8010,bird,bird,bird,bird,bird
8011,ship,ship,ship,ship,ship
8012,cat,cat,cat,cat,cat
8013,ship,ship,ship,ship,ship
8014,bird,cat,cat,deer,bird
8015,ship,ship,ship,ship,ship
8016,deer,deer,deer,deer,deer
8017,airplane,airplane,airplane,airplane,airplane
8018,ship,ship,ship,ship,ship
8019,cat,cat,cat,cat,cat
8020,frog,frog,frog,frog,cat
8021,automobile,automobile,automobile,automobile,automobile
8022,bird,cat,cat,horse,dog
8023,cat,cat,cat,dog,cat
8024,airplane,airplane,airplane,airplane,airplane
8025,dog,dog,dog,dog,dog
8026,airplane,airplane,airplane,airplane,airplane
8027,deer,deer,deer,deer,deer
8028,automobile,automobile,automobile,automobile,automobile
8029,horse,horse,horse,horse,horse
8030,bird,bird,bird,airplane,bird
8031,airplane,airplane,airplane,airplane,airplane
8032,automobile,automobile,automobile,automobile,automobile
8033,cat,dog,dog,dog,dog
8034,truck,truck,truck,truck,truck
8035,automobile,automobile,automobile,automobile,automobile
8036,frog,frog,frog,frog,frog
8037,automobile,automobile,automobile,automobile,automobile
8038,frog,frog,frog,frog,frog
8039,automobile,automobile,automobile,automobile,automobile
8040,bird,bird,bird,bird,bird
8041,ship,ship,ship,ship,ship
8042,horse,horse,horse,horse,horse
8043,airplane,airplane,airplane,airplane,airplane
8044,truck,truck,truck,truck,truck
8045,dog,dog,dog,dog,dog
8046,ship,truck,truck,airplane,airplane
8047,airplane,airplane,airplane,ship,airplane
8048,airplane,airplane,airplane,airplane,airplane
8049,automobile,automobile,automobile,automobile,automobile
8050,horse,horse,horse,horse,horse
8051,truck,truck,truck,truck,truck
8052,horse,horse,horse,horse,horse
8053,automobile,automobile,automobile,automobile,automobile
8054,truck,truck,truck,truck,truck
8055,bird,bird,bird,bird,bird
8056,automobile,automobile,automobile,automobile,automobile
8057,truck,truck,truck,truck,truck
8058,deer,deer,deer,airplane,horse
8059,cat,cat,cat,cat,cat
8060,frog,frog,frog,frog,frog
8061,airplane,airplane,airplane,airplane,airplane
8062,bird,bird,bird,bird,bird
8063,airplane,airplane,airplane,airplane,airplane
8064,airplane,airplane,airplane,airplane,airplane
8065,truck,truck,truck,truck,truck
8066,truck,truck,truck,truck,cat
8067,ship,ship,ship,ship,ship
8068,truck,truck,truck,truck,truck
8069,deer,deer,deer,bird,deer
8070,dog,dog,dog,dog,dog
8071,deer,cat,cat,deer,cat
8072,cat,cat,cat,cat,cat
8073,airplane,airplane,airplane,airplane,airplane
8074,horse,horse,horse,horse,horse
8075,ship,ship,ship,ship,ship
8076,horse,horse,horse,horse,horse
8077,cat,cat,cat,cat,cat
8078,horse,horse,horse,horse,horse
8079,dog,dog,dog,dog,dog
8080,deer,deer,deer,deer,deer
8081,frog,frog,frog,frog,frog
8082,dog,dog,dog,dog,dog
8083,truck,truck,truck,truck,truck
8084,dog,cat,dog,cat,cat
8085,bird,bird,bird,bird,bird
8086,deer,deer,deer,deer,deer
8087,bird,bird,bird,bird,bird
8088,horse,horse,horse,horse,horse
8089,truck,truck,truck,truck,truck
8090,frog,frog,frog,frog,frog
8091,horse,horse,horse,horse,horse
8092,deer,deer,deer,deer,deer
8093,horse,horse,horse,horse,horse
8094,automobile,automobile,automobile,automobile,automobile
8095,bird,bird,bird,bird,bird
8096,cat,cat,cat,cat,cat
8097,automobile,automobile,automobile,automobile,automobile
8098,automobile,automobile,automobile,automobile,automobile
8099,cat,cat,cat,cat,cat
8100,frog,frog,frog,frog,frog
8101,ship,ship,ship,ship,ship
8102,cat,cat,cat,cat,horse
8103,horse,horse,horse,horse,horse
8104,horse,horse,horse,horse,horse
8105,airplane,airplane,airplane,airplane,airplane
8106,ship,ship,ship,ship,ship
8107,automobile,automobile,automobile,automobile,automobile
8108,dog,dog,dog,dog,dog
8109,bird,bird,bird,bird,bird
8110,dog,dog,dog,cat,frog
8111,dog,dog,dog,dog,dog
8112,cat,cat,cat,cat,bird
8113,frog,frog,frog,frog,frog
8114,cat,cat,cat,cat,cat
8115,dog,dog,dog,cat,cat
8116,truck,truck,truck,truck,truck
8117,ship,ship,ship,ship,ship
8118,deer,deer,deer,deer,deer
8119,frog,bird,bird,bird,bird
8120,ship,ship,ship,ship,ship
8121,airplane,airplane,airplane,airplane,airplane
8122,deer,deer,deer,deer,cat
8123,automobile,automobile,automobile,truck,automobile
8124,horse,horse,horse,horse,horse
8125,ship,ship,ship,ship,ship
8126,deer,deer,deer,deer,deer
8127,truck,truck,truck,truck,truck
8128,horse,horse,horse,deer,deer
8129,bird,bird,bird,bird,bird
8130,frog,frog,frog,frog,frog
8131,cat,frog,frog,cat,cat
8132,ship,ship,ship,ship,ship
8133,ship,ship,ship,ship,ship
8134,frog,frog,frog,frog,frog
8135,horse,horse,horse,horse,horse
8136,cat,cat,cat,cat,cat
8137,ship,ship,ship,ship,ship
8138,automobile,automobile,automobile,automobile,automobile
8139,automobile,automobile,automobile,automobile,automobile
8140,dog,dog,dog,dog,dog
8141,cat,cat,cat,cat,cat
8142,horse,horse,horse,horse,horse
8143,truck,truck,truck,truck,truck
8144,truck,truck,truck,truck,truck
8145,truck,truck,truck,truck,truck
8146,ship,ship,ship,ship,ship
8147,dog,dog,dog,dog,dog
8148,truck,truck,truck,truck,truck
8149,truck,truck,truck,truck,truck
8150,frog,frog,frog,frog,frog
8151,ship,ship,ship,ship,ship
8152,ship,ship,ship,ship,ship
8153,deer,deer,deer,deer,deer
8154,ship,ship,ship,ship,ship
8155,automobile,automobile,automobile,automobile,automobile
8156,airplane,airplane,airplane,airplane,airplane
8157,automobile,automobile,automobile,automobile,automobile
8158,ship,ship,ship,ship,ship
8159,ship,ship,ship,ship,ship
8160,frog,frog,frog,frog,frog
8161,dog,dog,dog,dog,cat
8162,truck,truck,truck,truck,truck
8163,airplane,airplane,airplane,airplane,airplane
8164,frog,frog,frog,frog,frog
8165,automobile,automobile,automobile,automobile,automobile
8166,bird,frog,frog,horse,frog
8167,frog,frog,frog,frog,frog
8168,frog,frog,frog,frog,frog
8169,cat,cat,cat,cat,cat
8170,dog,dog,dog,dog,dog
8171,frog,frog,frog,frog,frog
8172,dog,dog,dog,dog,cat
8173,dog,cat,cat,dog,dog
8174,cat,cat,cat,dog,dog
8175,cat,cat,cat,cat,cat
8176,frog,frog,frog,frog,frog
8177,ship,ship,ship,truck,truck
8178,truck,truck,truck,truck,truck
8179,deer,deer,deer,deer,deer
8180,deer,deer,deer,deer,deer
8181,cat,cat,cat,cat,dog
8182,ship,ship,ship,ship,ship
8183,cat,dog,dog,dog,dog
8184,frog,frog,frog,frog,frog
8185,airplane,airplane,airplane,airplane,airplane
8186,ship,ship,ship,ship,ship
8187,dog,dog,dog,dog,dog
8188,horse,horse,horse,horse,horse
8189,ship,ship,ship,ship,ship
8190,deer,deer,deer,deer,deer
8191,frog,frog,frog,frog,frog
8192,dog,dog,dog,dog,dog
8193,cat,cat,cat,cat,cat
8194,automobile,automobile,automobile,automobile,automobile
8195,ship,ship,ship,ship,ship
8196,cat,cat,cat,truck,truck
8197,airplane,airplane,airplane,airplane,airplane
8198,deer,deer,deer,deer,deer
8199,deer,deer,deer,deer,deer
8200,cat,cat,cat,cat,frog
8201,cat,cat,cat,cat,cat
8202,dog,dog,dog,dog,dog
8203,cat,cat,cat,cat,cat
8204,cat,cat,cat,cat,cat
8205,bird,bird,bird,deer,bird
8206,horse,horse,horse,horse,horse
8207,horse,horse,horse,horse,horse
8208,ship,ship,ship,ship,ship
8209,bird,bird,bird,frog,deer
8210,airplane,airplane,airplane,airplane,airplane
8211,dog,dog,dog,dog,dog
8212,dog,cat,cat,ship,cat
8213,frog,frog,frog,frog,frog
8214,automobile,automobile,automobile,automobile,automobile
8215,automobile,automobile,automobile,automobile,automobile
8216,cat,cat,cat,cat,cat
8217,truck,truck,truck,truck,truck
8218,truck,truck,truck,truck,truck
8219,cat,cat,cat,frog,bird
8220,frog,frog,frog,frog,frog
8221,horse,horse,horse,horse,horse
8222,automobile,automobile,automobile,ship,automobile
8223,ship,ship,ship,ship,ship
8224,cat,cat,cat,cat,cat
8225,truck,truck,truck,truck,truck
8226,ship,ship,ship,ship,ship
8227,horse,horse,horse,horse,horse
8228,ship,ship,ship,ship,ship
8229,ship,ship,ship,truck,ship
8230,airplane,airplane,airplane,airplane,airplane
8231,cat,cat,cat,cat,cat
8232,bird,bird,bird,bird,bird
8233,deer,deer,deer,deer,deer
8234,ship,ship,ship,ship,ship
8235,horse,horse,horse,horse,horse
8236,dog,cat,cat,cat,cat
8237,horse,horse,horse,horse,horse
8238,automobile,automobile,automobile,automobile,automobile
8239,ship,ship,ship,ship,ship
8240,horse,horse,horse,horse,horse
8241,cat,cat,cat,cat,cat
8242,dog,dog,dog,dog,dog
8243,deer,deer,deer,deer,deer
8244,deer,deer,deer,deer,deer
8245,cat,cat,cat,cat,cat
8246,ship,ship,ship,ship,ship
8247,frog,frog,frog,frog,frog
8248,automobile,automobile,automobile,automobile,automobile
8249,automobile,automobile,automobile,automobile,automobile
8250,frog,frog,frog,frog,frog
8251,cat,cat,cat,cat,cat
8252,bird,bird,bird,bird,bird
8253,bird,bird,bird,bird,bird
8254,ship,ship,ship,ship,ship
8255,truck,truck,truck,truck,truck
8256,ship,ship,ship,ship,ship
8257,cat,cat,cat,cat,cat
8258,cat,cat,cat,cat,cat
8259,ship,ship,ship,ship,ship
8260,automobile,automobile,automobile,automobile,automobile
8261,automobile,automobile,automobile,automobile,automobile
8262,airplane,airplane,airplane,airplane,airplane
8263,dog,dog,dog,dog,dog
8264,bird,bird,bird,bird,bird
8265,airplane,airplane,airplane,airplane,airplane
8266,dog,dog,dog,cat,dog
8267,airplane,airplane,airplane,airplane,airplane
8268,dog,dog,dog,bird,dog
8269,ship,ship,ship,airplane,airplane
8270,frog,frog,frog,frog,frog
8271,cat,cat,cat,cat,cat
8272,truck,truck,truck,truck,truck
8273,frog,frog,frog,frog,frog
8274,frog,frog,frog,frog,frog
8275,cat,cat,cat,cat,horse
8276,truck,truck,truck,truck,airplane
8277,deer,deer,deer,deer,deer
8278,ship,ship,ship,ship,ship
8279,cat,cat,cat,cat,dog
8280,deer,deer,deer,cat,deer
8281,cat,dog,dog,dog,dog
8282,automobile,automobile,automobile,automobile,automobile
8283,automobile,automobile,automobile,automobile,automobile
8284,bird,bird,bird,bird,bird
8285,truck,truck,truck,truck,truck
8286,horse,horse,horse,bird,dog
8287,ship,ship,ship,ship,ship
8288,dog,dog,dog,dog,dog
8289,dog,dog,dog,dog,dog
8290,ship,ship,ship,ship,ship
8291,frog,frog,frog,frog,frog
8292,truck,truck,truck,truck,truck
8293,airplane,airplane,airplane,airplane,airplane
8294,ship,ship,ship,ship,ship
8295,cat,airplane,airplane,airplane,airplane
8296,dog,bird,bird,cat,dog
8297,automobile,automobile,automobile,automobile,automobile
8298,cat,cat,cat,cat,cat
8299,cat,cat,cat,cat,cat
8300,dog,dog,dog,dog,dog
8301,dog,dog,dog,dog,dog
8302,cat,cat,cat,cat,cat
8303,ship,ship,ship,ship,ship
8304,automobile,truck,truck,truck,truck
8305,deer,deer,deer,deer,deer
8306,frog,frog,frog,frog,frog
8307,deer,deer,deer,deer,deer
8308,bird,bird,bird,bird,bird
8309,deer,deer,deer,deer,deer
8310,cat,cat,cat,cat,cat
8311,ship,ship,ship,ship,ship
8312,truck,truck,truck,truck,truck
8313,frog,frog,frog,frog,frog
8314,frog,bird,bird,frog,frog
8315,frog,frog,frog,frog,frog
8316,dog,dog,dog,dog,dog
8317,dog,dog,dog,dog,dog
8318,bird,bird,bird,bird,bird
8319,horse,horse,horse,horse,horse
8320,horse,horse,horse,truck,horse
8321,deer,deer,deer,deer,deer
8322,deer,deer,deer,deer,deer
8323,truck,truck,truck,truck,truck
8324,cat,cat,cat,horse,cat
8325,ship,ship,ship,airplane,ship
8326,cat,cat,cat,deer,deer
8327,horse,horse,horse,horse,horse
8328,horse,horse,horse,horse,horse
8329,ship,ship,ship,ship,ship
8330,dog,dog,dog,dog,dog
8331,cat,cat,cat,cat,cat
8332,truck,truck,truck,truck,truck
8333,automobile,automobile,automobile,automobile,automobile
8334,frog,frog,frog,frog,frog
8335,horse,horse,horse,cat,cat
8336,cat,cat,cat,cat,cat
8337,cat,cat,cat,cat,cat
8338,cat,cat,cat,cat,cat
8339,ship,ship,ship,ship,ship
8340,dog,dog,dog,dog,dog
8341,frog,frog,frog,frog,frog
8342,automobile,automobile,automobile,automobile,automobile
8343,cat,cat,cat,cat,cat
8344,horse,horse,horse,horse,horse
8345,truck,truck,truck,truck,truck
8346,frog,frog,frog,frog,frog
8347,automobile,automobile,automobile,automobile,automobile
8348,frog,frog,frog,frog,frog
8349,deer,deer,deer,deer,deer
8350,truck,truck,truck,truck,truck
8351,airplane,airplane,airplane,bird,bird
8352,dog,dog,dog,dog,dog
8353,horse,horse,horse,horse,horse
8354,deer,deer,deer,deer,deer
8355,truck,truck,truck,truck,truck
8356,automobile,automobile,automobile,automobile,automobile
8357,airplane,airplane,airplane,cat,dog
8358,airplane,airplane,airplane,airplane,airplane
8359,bird,bird,bird,frog,bird
8360,horse,horse,horse,horse,horse
8361,ship,ship,ship,automobile,ship
8362,cat,dog,dog,cat,dog
8363,bird,dog,dog,bird,bird
8364,horse,bird,bird,truck,truck
8365,frog,frog,frog,frog,frog
8366,automobile,automobile,automobile,automobile,automobile
8367,frog,frog,frog,frog,frog
8368,frog,frog,frog,frog,frog
8369,deer,deer,deer,deer,deer
8370,deer,deer,deer,deer,deer
8371,bird,bird,bird,bird,bird
8372,automobile,automobile,automobile,automobile,automobile
8373,ship,ship,ship,ship,ship
8374,deer,deer,deer,deer,deer
8375,deer,deer,deer,deer,deer
8376,horse,horse,horse,horse,horse
8377,ship,ship,ship,ship,ship
8378,dog,dog,dog,dog,dog
8379,ship,ship,ship,ship,ship
8380,truck,truck,truck,truck,truck
8381,deer,deer,deer,deer,deer
8382,cat,cat,cat,cat,cat
8383,bird,bird,bird,bird,bird
8384,bird,bird,bird,bird,bird
8385,truck,truck,truck,ship,automobile
8386,cat,cat,cat,cat,deer
8387,airplane,airplane,airplane,ship,airplane
8388,automobile,automobile,automobile,automobile,automobile
8389,automobile,automobile,automobile,automobile,automobile
8390,automobile,automobile,automobile,automobile,automobile
8391,automobile,automobile,automobile,automobile,automobile
8392,frog,frog,frog,frog,frog
8393,ship,ship,ship,ship,ship
8394,horse,horse,horse,horse,horse
8395,automobile,automobile,automobile,automobile,automobile
8396,cat,airplane,airplane,cat,bird
8397,airplane,airplane,airplane,airplane,airplane
8398,deer,bird,bird,deer,deer
8399,dog,dog,dog,dog,dog
8400,airplane,airplane,airplane,airplane,airplane
8401,cat,cat,cat,cat,cat
8402,airplane,airplane,airplane,airplane,airplane
8403,frog,frog,frog,frog,frog
8404,bird,bird,bird,deer,bird
8405,airplane,airplane,airplane,bird,bird
8406,truck,truck,truck,truck,truck
8407,ship,ship,ship,ship,ship
8408,frog,frog,frog,frog,bird
8409,ship,ship,ship,ship,ship
8410,dog,dog,dog,dog,dog
8411,ship,ship,ship,ship,ship
8412,bird,bird,bird,bird,bird
8413,truck,automobile,automobile,automobile,truck
8414,frog,frog,frog,frog,frog
8415,airplane,airplane,airplane,airplane,airplane
8416,frog,frog,frog,frog,frog
8417,automobile,automobile,automobile,automobile,automobile
8418,ship,ship,ship,ship,ship
8419,horse,horse,horse,bird,horse
8420,cat,frog,frog,frog,frog
8421,bird,bird,bird,bird,bird
8422,bird,bird,bird,bird,bird
8423,frog,frog,frog,frog,frog
8424,dog,dog,dog,dog,cat
8425,frog,bird,bird,frog,bird
8426,truck,truck,truck,truck,truck
8427,bird,bird,bird,bird,bird
8428,dog,dog,dog,frog,frog
8429,deer,deer,deer,deer,deer
8430,truck,truck,truck,truck,truck
8431,ship,airplane,ship,ship,ship
8432,dog,dog,dog,dog,dog
8433,cat,cat,cat,cat,cat
8434,truck,truck,truck,truck,truck
8435,cat,cat,cat,cat,cat
8436,dog,dog,dog,dog,dog
8437,horse,horse,horse,horse,horse
8438,automobile,automobile,automobile,automobile,automobile
8439,ship,ship,ship,ship,ship
8440,dog,dog,dog,cat,dog
8441,ship,ship,ship,ship,ship
8442,frog,frog,frog,frog,frog
8443,bird,bird,bird,horse,horse
8444,dog,dog,dog,dog,dog
8445,automobile,automobile,automobile,automobile,automobile
8446,cat,cat,cat,cat,cat
8447,airplane,airplane,airplane,airplane,airplane
8448,deer,deer,deer,cat,deer
8449,automobile,automobile,automobile,automobile,automobile
8450,truck,truck,truck,truck,cat
8451,dog,dog,dog,deer,dog
8452,deer,deer,deer,deer,deer
8453,truck,truck,truck,truck,truck
8454,bird,bird,bird,bird,bird
8455,automobile,automobile,automobile,automobile,automobile
8456,deer,deer,deer,deer,deer
8457,bird,bird,bird,deer,deer
8458,dog,dog,dog,dog,dog
8459,truck,truck,truck,truck,truck
8460,ship,ship,ship,ship,ship
8461,horse,horse,horse,horse,horse
8462,bird,bird,bird,bird,bird
8463,automobile,automobile,automobile,automobile,automobile
8464,frog,frog,frog,frog,frog
8465,truck,truck,truck,automobile,automobile
8466,horse,horse,horse,horse,horse
8467,cat,cat,cat,cat,cat
8468,frog,frog,frog,frog,frog
8469,dog,cat,cat,cat,airplane
8470,ship,ship,ship,ship,ship
8471,airplane,airplane,airplane,ship,airplane
8472,bird,bird,bird,bird,bird
8473,bird,bird,bird,bird,deer
8474,deer,deer,deer,deer,deer
8475,truck,truck,truck,truck,truck
8476,airplane,airplane,airplane,frog,airplane
8477,dog,dog,dog,dog,dog
8478,dog,dog,dog,dog,dog
8479,deer,deer,deer,deer,deer
8480,bird,bird,bird,frog,bird
8481,cat,cat,cat,cat,cat
8482,automobile,automobile,automobile,automobile,automobile
8483,airplane,airplane,airplane,airplane,airplane
8484,cat,airplane,airplane,bird,airplane
8485,airplane,airplane,airplane,airplane,airplane
8486,deer,deer,deer,deer,deer
8487,deer,deer,deer,bird,bird
8488,truck,truck,truck,airplane,truck
8489,automobile,automobile,automobile,automobile,automobile
8490,cat,frog,frog,cat,dog
8491,cat,cat,cat,bird,cat
8492,airplane,airplane,airplane,airplane,airplane
8493,bird,bird,bird,bird,bird
8494,automobile,automobile,automobile,automobile,automobile
8495,automobile,automobile,automobile,automobile,automobile
8496,airplane,airplane,airplane,airplane,airplane
8497,deer,deer,deer,deer,deer
8498,automobile,automobile,automobile,automobile,automobile
8499,truck,truck,truck,truck,truck
8500,deer,deer,deer,deer,deer
8501,ship,ship,ship,ship,ship
8502,automobile,automobile,automobile,automobile,automobile
8503,automobile,automobile,automobile,automobile,automobile
8504,automobile,automobile,automobile,automobile,automobile
8505,dog,dog,dog,dog,dog
8506,truck,truck,truck,truck,truck
8507,ship,ship,ship,ship,airplane
8508,automobile,automobile,automobile,automobile,automobile
8509,frog,frog,frog,frog,frog
8510,horse,horse,horse,horse,horse
8511,bird,bird,bird,bird,bird
8512,truck,truck,truck,truck,truck
8513,truck,truck,truck,truck,truck
8514,horse,horse,horse,horse,horse
8515,ship,ship,ship,ship,ship
8516,ship,ship,ship,ship,ship
8517,automobile,automobile,automobile,automobile,automobile
8518,truck,truck,truck,truck,truck
8519,horse,horse,horse,horse,horse
8520,ship,ship,ship,ship,ship
8521,truck,ship,ship,ship,ship
8522,automobile,automobile,automobile,automobile,automobile
8523,frog,frog,frog,frog,frog
8524,frog,frog,frog,frog,frog
8525,cat,cat,cat,cat,cat
8526,cat,cat,cat,dog,dog
8527,automobile,automobile,automobile,automobile,automobile
8528,cat,cat,cat,cat,cat
8529,airplane,ship,ship,ship,truck
8530,ship,ship,ship,ship,ship
8531,ship,ship,ship,ship,ship
8532,cat,cat,cat,bird,bird
8533,frog,frog,frog,frog,frog
8534,frog,frog,frog,frog,frog
8535,horse,horse,horse,horse,horse
8536,automobile,automobile,automobile,airplane,airplane
8537,airplane,airplane,airplane,airplane,airplane
8538,horse,horse,horse,horse,horse
8539,frog,frog,frog,frog,frog
8540,deer,deer,deer,deer,deer
8541,ship,ship,ship,ship,ship
8542,bird,cat,cat,cat,cat
8543,airplane,airplane,airplane,airplane,airplane
8544,frog,frog,frog,frog,frog
8545,frog,frog,frog,cat,cat
8546,ship,ship,ship,ship,ship
8547,frog,frog,frog,frog,frog
8548,cat,cat,cat,deer,frog
8549,automobile,automobile,automobile,truck,truck
8550,automobile,automobile,automobile,automobile,automobile
8551,ship,ship,ship,ship,ship
8552,frog,frog,frog,frog,frog
8553,horse,horse,horse,horse,bird
8554,airplane,airplane,airplane,airplane,airplane
8555,dog,dog,dog,dog,dog
8556,deer,deer,deer,deer,deer
8557,cat,cat,cat,cat,cat
8558,bird,bird,bird,bird,bird
8559,automobile,automobile,automobile,automobile,automobile
8560,horse,horse,horse,horse,horse
8561,ship,ship,ship,ship,ship
8562,bird,bird,bird,bird,bird
8563,airplane,airplane,airplane,airplane,horse
8564,automobile,automobile,automobile,automobile,automobile
8565,horse,horse,horse,horse,horse
8566,deer,deer,deer,deer,deer
8567,ship,ship,ship,ship,ship
8568,horse,horse,horse,horse,horse
8569,frog,frog,frog,frog,frog
8570,frog,frog,frog,frog,frog
8571,horse,horse,horse,horse,horse
8572,airplane,airplane,airplane,airplane,airplane
8573,frog,airplane,airplane,deer,airplane
8574,deer,deer,deer,deer,deer
8575,truck,truck,truck,truck,truck
8576,bird,airplane,airplane,airplane,airplane
8577,cat,cat,cat,frog,frog
8578,bird,dog,dog,dog,dog
8579,automobile,automobile,automobile,automobile,automobile
8580,cat,dog,dog,dog,dog
8581,ship,ship,ship,ship,ship
8582,frog,frog,frog,frog,frog
8583,ship,ship,ship,ship,ship
8584,automobile,automobile,automobile,automobile,automobile
8585,truck,truck,truck,truck,truck
8586,frog,frog,frog,frog,frog
8587,horse,horse,horse,horse,horse
8588,frog,frog,frog,frog,frog
8589,dog,dog,dog,cat,cat
8590,airplane,airplane,airplane,airplane,airplane
8591,frog,frog,frog,frog,frog
8592,airplane,airplane,airplane,airplane,airplane
8593,automobile,automobile,automobile,automobile,automobile
8594,cat,cat,cat,cat,cat
8595,automobile,automobile,automobile,automobile,automobile
8596,automobile,automobile,automobile,automobile,automobile
8597,dog,dog,dog,dog,dog
8598,cat,bird,bird,bird,cat
8599,deer,deer,deer,deer,deer
8600,cat,cat,cat,deer,cat
8601,cat,cat,cat,cat,cat
8602,ship,ship,ship,ship,ship
8603,automobile,automobile,automobile,automobile,automobile
8604,frog,frog,frog,dog,dog
8605,frog,frog,frog,frog,frog
8606,automobile,automobile,automobile,automobile,automobile
8607,ship,ship,ship,ship,ship
8608,ship,ship,ship,ship,ship
8609,frog,frog,frog,frog,frog
8610,bird,bird,bird,bird,bird
8611,horse,horse,horse,horse,horse
8612,deer,deer,deer,deer,deer
8613,frog,frog,frog,frog,frog
8614,ship,ship,ship,ship,ship
8615,truck,truck,truck,truck,truck
8616,cat,cat,cat,cat,cat
8617,cat,cat,cat,deer,deer
8618,dog,deer,deer,cat,cat
8619,dog,dog,dog,dog,dog
8620,cat,bird,bird,cat,cat
8621,automobile,automobile,automobile,automobile,automobile
8622,deer,deer,deer,deer,deer
8623,automobile,automobile,automobile,automobile,automobile
8624,truck,truck,truck,truck,truck
8625,dog,dog,dog,cat,dog
8626,automobile,automobile,automobile,dog,automobile
8627,horse,horse,horse,horse,horse
8628,horse,horse,horse,horse,horse
8629,horse,deer,deer,dog,horse
8630,dog,dog,dog,dog,dog
8631,bird,bird,bird,bird,bird
8632,cat,cat,cat,ship,cat
8633,cat,cat,cat,bird,bird
8634,frog,frog,frog,frog,frog
8635,frog,frog,frog,frog,frog
8636,frog,frog,frog,frog,frog
8637,deer,deer,deer,deer,deer
8638,airplane,airplane,airplane,airplane,airplane
8639,horse,horse,horse,horse,horse
8640,automobile,automobile,automobile,automobile,automobile
8641,horse,horse,horse,horse,deer
8642,cat,frog,frog,cat,cat
8643,airplane,airplane,airplane,airplane,airplane
8644,ship,ship,ship,truck,truck
8645,automobile,automobile,automobile,automobile,automobile
8646,bird,bird,bird,bird,bird
8647,deer,deer,deer,deer,deer
8648,automobile,automobile,automobile,automobile,automobile
8649,bird,bird,bird,bird,bird
8650,bird,deer,deer,bird,bird
8651,deer,deer,deer,bird,bird
8652,truck,truck,truck,truck,truck
8653,ship,ship,ship,ship,ship
8654,bird,bird,bird,bird,bird
8655,ship,ship,ship,ship,ship
8656,horse,horse,horse,horse,horse
8657,frog,frog,frog,frog,frog
8658,cat,cat,cat,cat,cat
8659,deer,deer,deer,deer,deer
8660,horse,horse,horse,horse,horse
8661,bird,bird,bird,bird,bird
8662,cat,cat,cat,cat,cat
8663,automobile,automobile,automobile,automobile,automobile
8664,dog,dog,dog,dog,dog
8665,cat,cat,cat,cat,cat
8666,airplane,bird,bird,airplane,airplane
8667,deer,deer,deer,deer,deer
8668,cat,cat,cat,cat,cat
8669,deer,deer,deer,horse,deer
8670,truck,truck,truck,truck,truck
8671,deer,deer,deer,deer,deer
8672,horse,horse,horse,horse,horse
8673,truck,truck,truck,truck,truck
8674,automobile,automobile,automobile,automobile,automobile
8675,horse,horse,horse,horse,horse
8676,ship,ship,ship,ship,ship
8677,cat,cat,cat,cat,dog
8678,automobile,automobile,automobile,automobile,automobile
8679,ship,ship,ship,ship,ship
8680,cat,cat,cat,cat,cat
8681,bird,bird,bird,bird,bird
8682,dog,dog,dog,dog,dog
8683,horse,horse,horse,horse,horse
8684,bird,bird,bird,airplane,bird
8685,horse,horse,horse,horse,horse
8686,truck,truck,truck,truck,truck
8687,frog,frog,frog,frog,frog
8688,ship,ship,ship,ship,ship
8689,frog,frog,frog,frog,frog
8690,ship,ship,ship,ship,ship
8691,frog,frog,frog,frog,cat
8692,dog,dog,dog,dog,dog
8693,truck,truck,truck,truck,truck
8694,airplane,airplane,airplane,airplane,airplane
8695,deer,deer,deer,deer,deer
8696,ship,ship,ship,ship,ship
8697,dog,dog,dog,dog,dog
8698,frog,frog,frog,frog,frog
8699,deer,cat,cat,dog,dog
8700,cat,cat,cat,cat,cat
8701,ship,ship,ship,ship,ship
8702,airplane,airplane,airplane,airplane,airplane
8703,deer,deer,deer,deer,deer
8704,ship,ship,ship,ship,ship
8705,frog,frog,frog,frog,frog
8706,horse,horse,horse,horse,horse
8707,bird,bird,bird,bird,bird
8708,horse,horse,horse,horse,horse
8709,automobile,automobile,automobile,automobile,automobile
8710,horse,horse,horse,horse,horse
8711,deer,deer,deer,deer,deer
8712,automobile,automobile,automobile,automobile,automobile
8713,bird,bird,bird,bird,bird
8714,deer,deer,deer,deer,deer
8715,bird,bird,bird,bird,bird
8716,bird,bird,bird,bird,bird
8717,ship,ship,ship,ship,ship
8718,horse,horse,horse,horse,horse
8719,bird,bird,bird,bird,bird
8720,bird,bird,bird,airplane,bird
8721,frog,frog,frog,frog,frog
8722,horse,horse,horse,cat,horse
8723,dog,horse,horse,horse,horse
8724,frog,frog,frog,frog,frog
8725,ship,ship,ship,ship,ship
8726,truck,truck,truck,truck,truck
8727,truck,truck,truck,truck,airplane
8728,frog,cat,cat,cat,cat
8729,dog,dog,dog,dog,dog
8730,bird,bird,bird,bird,bird
8731,truck,truck,truck,truck,truck
8732,ship,ship,ship,ship,ship
8733,horse,horse,horse,horse,horse
8734,bird,bird,bird,bird,bird
8735,cat,cat,cat,bird,bird
8736,cat,cat,cat,cat,cat
8737,horse,horse,horse,horse,horse
8738,deer,deer,deer,deer,deer
8739,cat,cat,cat,cat,cat
8740,bird,bird,bird,bird,bird
8741,automobile,automobile,automobile,automobile,automobile
8742,truck,truck,truck,truck,truck
8743,airplane,automobile,automobile,ship,ship
8744,automobile,automobile,automobile,automobile,automobile
8745,dog,dog,dog,dog,dog
8746,cat,cat,cat,dog,dog
8747,bird,bird,bird,bird,bird
8748,frog,frog,frog,frog,frog
8749,dog,cat,cat,airplane,dog
8750,truck,truck,truck,truck,truck
8751,automobile,automobile,automobile,automobile,automobile
8752,dog,dog,dog,cat,cat
8753,deer,deer,deer,deer,horse
8754,cat,cat,cat,cat,cat
8755,frog,frog,frog,frog,frog
8756,bird,bird,bird,bird,bird
8757,ship,airplane,airplane,frog,frog
8758,truck,truck,truck,truck,truck
8759,horse,horse,horse,horse,horse
8760,ship,ship,ship,ship,ship
8761,airplane,airplane,airplane,airplane,airplane
8762,ship,ship,ship,ship,ship
8763,truck,truck,truck,truck,truck
8764,automobile,automobile,automobile,automobile,automobile
8765,bird,bird,bird,bird,bird
8766,dog,dog,dog,dog,dog
8767,horse,horse,horse,horse,horse
8768,bird,bird,bird,bird,bird
8769,airplane,airplane,airplane,airplane,airplane
8770,frog,frog,frog,frog,frog
8771,frog,frog,frog,frog,frog
8772,automobile,automobile,automobile,automobile,automobile
8773,frog,frog,frog,bird,bird
8774,cat,cat,cat,cat,cat
8775,automobile,automobile,automobile,automobile,automobile
8776,dog,dog,dog,dog,dog
8777,airplane,airplane,airplane,airplane,airplane
8778,cat,airplane,airplane,airplane,airplane
8779,horse,dog,dog,horse,dog
8780,deer,deer,deer,deer,deer
8781,frog,frog,frog,frog,frog
8782,dog,dog,dog,dog,dog
8783,frog,frog,frog,frog,frog
8784,deer,deer,deer,deer,deer
8785,ship,ship,ship,ship,ship
8786,cat,cat,cat,cat,cat
8787,deer,deer,deer,deer,deer
8788,dog,dog,dog,dog,dog
8789,dog,dog,dog,dog,dog
8790,airplane,airplane,airplane,airplane,airplane
8791,frog,frog,frog,frog,frog
8792,frog,deer,deer,frog,frog
8793,horse,horse,horse,horse,horse
8794,dog,dog,dog,dog,dog
8795,airplane,airplane,airplane,airplane,airplane
8796,truck,truck,truck,truck,truck
8797,truck,truck,truck,truck,truck
8798,frog,frog,frog,frog,frog
8799,automobile,automobile,automobile,automobile,automobile
8800,airplane,airplane,airplane,airplane,airplane
8801,deer,deer,deer,deer,deer
8802,frog,frog,frog,frog,frog
8803,cat,dog,dog,dog,dog
8804,frog,frog,frog,frog,bird
8805,truck,truck,truck,truck,truck
8806,cat,cat,frog,cat,bird
8807,frog,frog,frog,frog,frog
8808,frog,frog,frog,frog,frog
8809,ship,bird,bird,ship,ship
8810,bird,bird,bird,bird,bird
8811,automobile,automobile,automobile,horse,horse
8812,airplane,airplane,airplane,airplane,airplane
8813,automobile,automobile,automobile,automobile,automobile
8814,truck,truck,truck,truck,truck
8815,cat,automobile,automobile,dog,cat
8816,horse,horse,horse,horse,horse
8817,deer,deer,deer,deer,bird
8818,cat,cat,cat,cat,cat
8819,airplane,airplane,airplane,airplane,airplane
8820,bird,bird,bird,bird,bird
8821,horse,horse,horse,horse,horse
8822,frog,frog,frog,frog,frog
8823,deer,deer,deer,deer,deer
8824,cat,cat,cat,cat,cat
8825,airplane,airplane,airplane,automobile,airplane
8826,ship,ship,ship,ship,ship
8827,bird,cat,cat,deer,deer
8828,airplane,airplane,airplane,airplane,frog
8829,airplane,airplane,airplane,airplane,airplane
8830,truck,truck,truck,truck,truck
8831,frog,frog,frog,frog,frog
8832,frog,frog,frog,dog,frog
8833,frog,frog,frog,frog,frog
8834,ship,ship,ship,ship,ship
8835,horse,horse,horse,horse,horse
8836,deer,deer,deer,deer,deer
8837,automobile,automobile,automobile,automobile,automobile
8838,ship,ship,ship,ship,ship
8839,automobile,automobile,automobile,automobile,automobile
8840,bird,bird,bird,bird,bird
8841,bird,bird,bird,bird,bird
8842,deer,deer,deer,deer,deer
8843,ship,ship,ship,ship,ship
8844,dog,dog,dog,dog,dog
8845,bird,bird,bird,bird,bird
8846,frog,frog,frog,frog,frog
8847,dog,dog,dog,deer,dog
8848,cat,cat,cat,cat,cat
8849,truck,truck,truck,truck,truck
8850,automobile,automobile,automobile,automobile,automobile
8851,airplane,airplane,airplane,airplane,airplane
8852,horse,horse,horse,horse,horse
8853,bird,bird,bird,bird,bird
8854,deer,deer,deer,bird,bird
8855,deer,deer,deer,bird,bird
8856,airplane,airplane,airplane,airplane,airplane
8857,airplane,airplane,airplane,airplane,airplane
8858,frog,frog,frog,frog,frog
8859,bird,bird,bird,bird,bird
8860,bird,bird,bird,bird,bird
8861,deer,deer,deer,deer,deer
8862,airplane,airplane,airplane,airplane,airplane
8863,dog,dog,dog,dog,dog
8864,truck,truck,truck,truck,truck
8865,horse,horse,horse,horse,deer
8866,automobile,automobile,automobile,automobile,ship
8867,ship,ship,ship,ship,ship
8868,deer,deer,deer,deer,deer
8869,dog,dog,dog,frog,frog
8870,dog,dog,dog,dog,dog
8871,truck,truck,truck,truck,truck
8872,ship,ship,ship,airplane,airplane
8873,dog,dog,dog,dog,dog
8874,horse,horse,horse,bird,horse
8875,ship,ship,ship,ship,ship
8876,airplane,airplane,airplane,airplane,airplane
8877,truck,truck,truck,truck,truck
8878,ship,ship,ship,ship,ship
8879,truck,truck,truck,truck,truck
8880,automobile,automobile,automobile,automobile,automobile
8881,frog,frog,frog,frog,frog
8882,cat,cat,cat,cat,cat
8883,ship,ship,ship,ship,ship
8884,airplane,airplane,airplane,airplane,airplane
8885,cat,cat,cat,cat,cat
8886,deer,deer,deer,horse,deer
8887,deer,deer,deer,deer,deer
8888,ship,ship,ship,ship,ship
8889,deer,deer,deer,deer,deer
8890,ship,ship,ship,ship,ship
8891,truck,truck,truck,truck,truck
8892,ship,ship,ship,ship,ship
8893,frog,frog,frog,frog,frog
8894,airplane,airplane,airplane,airplane,airplane
8895,airplane,airplane,airplane,bird,airplane
8896,ship,ship,ship,ship,ship
8897,bird,bird,bird,bird,bird
8898,horse,horse,horse,airplane,airplane
8899,deer,deer,deer,deer,deer
8900,bird,bird,bird,bird,bird
8901,dog,dog,dog,horse,horse
8902,frog,frog,frog,frog,frog
8903,airplane,airplane,airplane,airplane,airplane
8904,dog,dog,dog,dog,dog
8905,ship,ship,ship,ship,ship
8906,deer,deer,deer,deer,deer
8907,automobile,automobile,automobile,automobile,automobile
8908,truck,truck,truck,truck,truck
8909,airplane,airplane,airplane,airplane,airplane
8910,automobile,automobile,automobile,automobile,automobile
8911,deer,deer,deer,deer,deer
8912,deer,deer,deer,deer,deer
8913,ship,ship,ship,ship,ship
8914,deer,deer,deer,deer,deer
8915,truck,truck,truck,truck,truck
8916,frog,frog,frog,frog,frog
8917,airplane,airplane,airplane,airplane,airplane
8918,horse,horse,horse,horse,horse
8919,horse,horse,horse,deer,deer
8920,frog,frog,frog,frog,frog
8921,ship,ship,ship,ship,ship
8922,truck,truck,truck,truck,truck
8923,frog,frog,frog,frog,frog
8924,bird,bird,bird,bird,bird
8925,airplane,airplane,airplane,airplane,airplane
8926,deer,deer,deer,deer,deer
8927,truck,truck,truck,truck,truck
8928,deer,deer,deer,bird,deer
8929,truck,truck,truck,truck,truck
8930,cat,cat,cat,cat,cat
8931,truck,truck,truck,truck,truck
8932,frog,frog,frog,bird,bird
8933,frog,frog,frog,frog,frog
8934,horse,horse,horse,horse,horse
8935,airplane,airplane,airplane,airplane,airplane
8936,truck,truck,truck,truck,truck
8937,horse,horse,horse,horse,horse
8938,automobile,automobile,automobile,ship,automobile
8939,ship,ship,ship,ship,ship
8940,frog,frog,frog,horse,frog
8941,airplane,airplane,airplane,airplane,airplane
8942,frog,frog,frog,frog,frog
8943,horse,deer,deer,horse,dog
8944,deer,deer,deer,horse,deer
8945,automobile,automobile,automobile,automobile,automobile
8946,truck,truck,truck,truck,truck
8947,deer,bird,bird,deer,deer
8948,frog,frog,frog,cat,frog
8949,horse,horse,horse,horse,horse
8950,truck,truck,truck,truck,truck
8951,ship,ship,ship,ship,ship
8952,cat,cat,cat,cat,cat
8953,truck,truck,truck,truck,truck
8954,bird,bird,bird,bird,bird
8955,automobile,automobile,automobile,automobile,automobile
8956,bird,bird,bird,bird,bird
8957,horse,horse,horse,horse,horse
8958,frog,bird,bird,deer,frog
8959,automobile,automobile,automobile,automobile,automobile
8960,airplane,airplane,airplane,airplane,airplane
8961,airplane,airplane,airplane,airplane,airplane
8962,dog,dog,dog,dog,dog
8963,frog,frog,frog,frog,frog
8964,airplane,airplane,airplane,airplane,airplane
8965,deer,deer,deer,deer,deer
8966,cat,cat,cat,dog,dog
8967,bird,bird,bird,bird,bird
8968,ship,ship,ship,ship,ship
8969,ship,ship,ship,ship,ship
8970,airplane,airplane,airplane,airplane,airplane
8971,frog,frog,frog,frog,frog
8972,truck,truck,truck,truck,airplane
8973,dog,horse,horse,dog,dog
8974,bird,bird,bird,bird,bird
8975,ship,ship,ship,ship,ship
8976,horse,horse,horse,horse,bird
8977,airplane,airplane,airplane,deer,dog
8978,frog,frog,frog,frog,frog
8979,dog,dog,dog,dog,dog
8980,truck,truck,truck,truck,truck
8981,horse,horse,horse,deer,deer
8982,bird,bird,bird,bird,bird
8983,cat,deer,deer,deer,deer
8984,frog,frog,frog,frog,frog
8985,truck,airplane,airplane,airplane,airplane
8986,frog,frog,frog,frog,frog
8987,bird,bird,bird,bird,bird
8988,bird,bird,bird,bird,bird
8989,deer,deer,deer,deer,deer
8990,automobile,automobile,automobile,automobile,automobile
8991,airplane,airplane,airplane,airplane,airplane
8992,dog,dog,dog,dog,dog
8993,airplane,truck,truck,truck,truck
8994,ship,ship,ship,ship,ship
8995,truck,truck,truck,truck,truck
8996,cat,cat,cat,horse,cat
8997,dog,dog,dog,dog,dog
8998,truck,truck,truck,truck,truck
8999,cat,cat,cat,cat,cat
9000,ship,ship,ship,ship,ship
9001,automobile,automobile,automobile,automobile,automobile
9002,frog,frog,frog,frog,frog
9003,cat,cat,cat,cat,cat
9004,horse,horse,horse,horse,horse
9005,dog,dog,dog,dog,dog
9006,frog,frog,frog,frog,frog
9007,bird,bird,bird,bird,bird
9008,airplane,airplane,airplane,airplane,airplane
9009,bird,bird,bird,bird,bird
9010,ship,ship,ship,ship,ship
9011,bird,bird,bird,bird,bird
9012,ship,ship,ship,ship,ship
9013,horse,horse,horse,horse,horse
9014,horse,horse,horse,horse,horse
9015,ship,ship,ship,ship,ship
9016,automobile,automobile,automobile,automobile,automobile
9017,airplane,airplane,airplane,airplane,airplane
9018,ship,ship,ship,ship,ship
9019,truck,truck,truck,truck,truck
9020,horse,horse,horse,horse,horse
9021,airplane,airplane,airplane,airplane,airplane
9022,cat,cat,cat,cat,cat
9023,ship,ship,ship,ship,ship
9024,airplane,airplane,airplane,airplane,airplane
9025,dog,dog,dog,dog,dog
9026,truck,truck,truck,airplane,airplane
9027,dog,dog,dog,dog,dog
9028,ship,ship,ship,ship,ship
9029,deer,deer,deer,deer,deer
9030,bird,bird,bird,bird,bird
9031,airplane,airplane,airplane,ship,ship
9032,truck,truck,truck,truck,truck
9033,bird,bird,bird,bird,bird
9034,bird,bird,bird,bird,bird
9035,deer,deer,deer,horse,horse
9036,deer,deer,deer,deer,deer
9037,truck,truck,truck,truck,truck
9038,bird,bird,bird,deer,bird
9039,bird,frog,frog,frog,frog
9040,bird,bird,bird,dog,bird
9041,dog,cat,cat,dog,dog
9042,automobile,automobile,automobile,automobile,automobile
9043,cat,cat,cat,ship,ship
9044,bird,bird,bird,bird,bird
9045,airplane,airplane,airplane,airplane,airplane
9046,airplane,airplane,airplane,airplane,airplane
9047,deer,deer,deer,deer,deer
9048,airplane,airplane,airplane,airplane,airplane
9049,frog,frog,frog,frog,frog
9050,dog,dog,dog,dog,dog
9051,ship,ship,ship,ship,ship
9052,airplane,airplane,airplane,airplane,airplane
9053,dog,dog,dog,dog,dog
9054,ship,ship,ship,ship,ship
9055,frog,frog,frog,frog,frog
9056,deer,deer,deer,bird,deer
9057,ship,ship,ship,ship,ship
9058,dog,dog,dog,dog,dog
9059,bird,bird,bird,bird,bird
9060,truck,truck,truck,truck,truck
9061,horse,horse,horse,horse,horse
9062,truck,truck,truck,truck,truck
9063,horse,horse,horse,horse,horse
9064,automobile,automobile,automobile,automobile,automobile
9065,airplane,airplane,airplane,airplane,airplane
9066,automobile,automobile,automobile,automobile,automobile
9067,truck,truck,truck,automobile,automobile
9068,frog,frog,frog,frog,frog
9069,truck,truck,truck,truck,truck
9070,bird,bird,bird,bird,bird
9071,horse,horse,horse,horse,horse
9072,truck,truck,truck,truck,truck
9073,deer,deer,deer,frog,frog
9074,deer,deer,deer,deer,deer
9075,airplane,airplane,airplane,airplane,airplane
9076,frog,frog,frog,frog,frog
9077,bird,bird,bird,bird,bird
9078,deer,deer,deer,deer,deer
9079,automobile,automobile,automobile,automobile,automobile
9080,cat,dog,dog,dog,dog
9081,horse,horse,horse,horse,horse
9082,bird,bird,bird,cat,cat
9083,ship,ship,ship,ship,ship
9084,dog,dog,dog,dog,dog
9085,truck,truck,truck,truck,truck
9086,airplane,airplane,airplane,airplane,airplane
9087,cat,cat,cat,cat,cat
9088,bird,bird,bird,bird,bird
9089,cat,cat,cat,cat,cat
9090,bird,bird,bird,bird,bird
9091,horse,horse,horse,horse,horse
9092,frog,frog,frog,frog,frog
9093,cat,cat,cat,cat,cat
9094,bird,bird,bird,bird,bird
9095,dog,dog,dog,dog,dog
9096,truck,truck,truck,truck,truck
9097,airplane,airplane,airplane,cat,airplane
9098,dog,dog,dog,dog,dog
9099,truck,truck,truck,truck,truck
9100,truck,truck,truck,truck,truck
9101,ship,ship,ship,ship,ship
9102,horse,horse,horse,horse,horse
9103,horse,horse,horse,dog,horse
9104,deer,deer,deer,deer,deer
9105,ship,ship,ship,ship,ship
9106,frog,frog,frog,frog,frog
9107,dog,bird,bird,bird,bird
9108,bird,bird,bird,bird,bird
9109,cat,cat,cat,cat,cat
9110,automobile,automobile,automobile,automobile,automobile
9111,airplane,airplane,airplane,airplane,airplane
9112,deer,deer,deer,deer,deer
9113,automobile,automobile,automobile,automobile,automobile
9114,ship,ship,ship,ship,ship
9115,ship,ship,ship,ship,ship
9116,deer,deer,deer,deer,deer
9117,truck,truck,truck,truck,truck
9118,deer,deer,deer,deer,deer
9119,deer,deer,deer,deer,deer
9120,cat,cat,cat,cat,cat
9121,cat,cat,cat,cat,cat
9122,truck,truck,truck,truck,truck
9123,bird,bird,bird,bird,bird
9124,airplane,airplane,airplane,airplane,airplane
9125,automobile,automobile,automobile,automobile,automobile
9126,automobile,automobile,automobile,automobile,automobile
9127,ship,ship,ship,ship,ship
9128,deer,deer,deer,deer,deer
9129,deer,deer,deer,deer,deer
9130,ship,ship,ship,ship,ship
9131,cat,cat,cat,cat,cat
9132,bird,frog,frog,frog,frog
9133,truck,truck,truck,truck,truck
9134,dog,dog,dog,dog,dog
9135,horse,horse,horse,horse,horse
9136,frog,frog,frog,frog,frog
9137,bird,bird,bird,bird,bird
9138,dog,dog,dog,dog,dog
9139,deer,deer,deer,deer,deer
9140,horse,horse,horse,horse,horse
9141,cat,cat,cat,cat,cat
9142,cat,cat,cat,cat,cat
9143,truck,truck,truck,truck,truck
9144,airplane,airplane,airplane,airplane,airplane
9145,automobile,truck,truck,truck,truck
9146,dog,dog,dog,dog,dog
9147,truck,truck,truck,truck,truck
9148,cat,dog,dog,dog,dog
9149,horse,horse,horse,horse,horse
9150,frog,frog,frog,frog,frog
9151,airplane,airplane,airplane,airplane,airplane
9152,deer,deer,deer,deer,deer
9153,bird,bird,bird,bird,bird
9154,bird,bird,bird,bird,bird
9155,dog,dog,dog,dog,dog
9156,frog,frog,frog,frog,frog
9157,cat,cat,cat,cat,cat
9158,ship,ship,ship,ship,ship
9159,truck,truck,truck,truck,truck
9160,dog,dog,dog,dog,cat
9161,frog,frog,frog,frog,frog
9162,automobile,automobile,automobile,automobile,automobile
9163,deer,deer,deer,deer,deer
9164,dog,dog,dog,dog,dog
9165,deer,deer,deer,deer,deer
9166,frog,frog,frog,frog,frog
9167,horse,horse,horse,horse,horse
9168,bird,bird,bird,bird,bird
9169,automobile,automobile,automobile,automobile,airplane
9170,airplane,airplane,airplane,truck,airplane
9171,bird,bird,bird,bird,bird
9172,airplane,airplane,airplane,airplane,airplane
9173,deer,deer,deer,deer,deer
9174,truck,truck,truck,truck,truck
9175,ship,ship,ship,ship,ship
9176,ship,ship,ship,ship,ship
9177,truck,truck,truck,truck,truck
9178,automobile,automobile,automobile,automobile,automobile
9179,automobile,automobile,automobile,automobile,automobile
9180,dog,dog,dog,dog,dog
9181,airplane,airplane,airplane,airplane,airplane
9182,airplane,airplane,airplane,airplane,airplane
9183,ship,ship,ship,ship,ship
9184,horse,horse,horse,horse,horse
9185,automobile,automobile,automobile,dog,automobile
9186,horse,horse,horse,horse,horse
9187,deer,deer,deer,deer,deer
9188,dog,dog,dog,dog,dog
9189,deer,deer,deer,deer,deer
9190,cat,cat,deer,dog,dog
9191,cat,cat,cat,cat,cat
9192,bird,bird,bird,bird,bird
9193,airplane,airplane,airplane,bird,bird
9194,frog,frog,frog,frog,frog
9195,frog,frog,frog,frog,frog
9196,airplane,airplane,airplane,airplane,airplane
9197,automobile,automobile,automobile,automobile,automobile
9198,cat,cat,cat,cat,cat
9199,truck,truck,truck,truck,truck
9200,ship,ship,ship,ship,ship
9201,cat,cat,cat,cat,cat
9202,horse,horse,horse,horse,horse
9203,ship,ship,ship,ship,ship
9204,truck,truck,truck,truck,truck
9205,deer,deer,deer,deer,deer
9206,ship,ship,ship,ship,ship
9207,truck,truck,truck,truck,truck
9208,airplane,airplane,airplane,airplane,airplane
9209,truck,truck,truck,truck,truck
9210,horse,horse,horse,horse,horse
9211,automobile,automobile,automobile,automobile,automobile
9212,frog,frog,frog,frog,frog
9213,bird,bird,bird,bird,bird
9214,truck,truck,truck,truck,truck
9215,dog,dog,dog,dog,dog
9216,frog,frog,frog,cat,cat
9217,truck,truck,truck,airplane,truck
9218,cat,dog,dog,dog,dog
9219,truck,truck,truck,truck,truck
9220,ship,ship,ship,ship,ship
9221,horse,horse,horse,horse,horse
9222,horse,horse,horse,horse,horse
9223,automobile,automobile,automobile,truck,truck
9224,frog,frog,frog,frog,frog
9225,dog,cat,cat,airplane,airplane
9226,cat,cat,cat,cat,cat
9227,automobile,truck,truck,truck,truck
9228,cat,cat,cat,cat,dog
9229,automobile,automobile,automobile,automobile,automobile
9230,bird,bird,bird,airplane,horse
9231,horse,dog,dog,horse,horse
9232,automobile,automobile,automobile,automobile,automobile
9233,ship,ship,ship,ship,ship
9234,bird,bird,bird,bird,bird
9235,airplane,airplane,airplane,airplane,airplane
9236,truck,truck,truck,truck,truck
9237,horse,dog,dog,cat,cat
9238,truck,truck,truck,truck,truck
9239,ship,ship,ship,ship,ship
9240,ship,ship,ship,ship,ship
9241,frog,frog,frog,frog,frog
9242,horse,horse,horse,horse,horse
9243,cat,cat,cat,cat,cat
9244,horse,horse,horse,horse,horse
9245,automobile,automobile,automobile,automobile,automobile
9246,cat,cat,cat,cat,cat
9247,truck,truck,truck,truck,truck
9248,airplane,airplane,airplane,airplane,ship
9249,truck,truck,truck,truck,truck
9250,cat,cat,cat,dog,cat
9251,frog,frog,frog,frog,frog
9252,horse,horse,horse,horse,horse
9253,bird,bird,bird,bird,bird
9254,horse,dog,dog,dog,dog
9255,cat,cat,cat,cat,cat
9256,airplane,airplane,airplane,airplane,airplane
9257,dog,dog,dog,dog,dog
9258,truck,truck,truck,truck,truck
9259,horse,horse,horse,horse,horse
9260,dog,dog,cat,cat,cat
9261,dog,dog,dog,dog,dog
9262,airplane,airplane,airplane,airplane,cat
9263,frog,frog,frog,frog,frog
9264,dog,dog,dog,dog,dog
9265,automobile,automobile,automobile,automobile,automobile
9266,ship,ship,ship,ship,ship
9267,bird,bird,bird,bird,bird
9268,horse,horse,horse,horse,horse
9269,dog,dog,dog,cat,cat
9270,truck,truck,truck,truck,truck
9271,airplane,airplane,airplane,airplane,airplane
9272,airplane,airplane,airplane,airplane,airplane
9273,airplane,airplane,airplane,airplane,airplane
9274,ship,ship,airplane,ship,ship
9275,ship,ship,ship,ship,ship
9276,horse,horse,horse,horse,horse
9277,cat,cat,cat,cat,cat
9278,horse,horse,horse,horse,horse
9279,ship,ship,ship,ship,ship
9280,truck,truck,truck,truck,truck
9281,cat,cat,cat,cat,cat
9282,horse,horse,horse,horse,horse
9283,truck,truck,truck,truck,truck
9284,horse,horse,horse,horse,horse
9285,ship,ship,ship,ship,ship
9286,horse,horse,horse,horse,horse
9287,truck,truck,truck,truck,truck
9288,ship,ship,ship,ship,ship
9289,dog,dog,dog,dog,dog
9290,deer,deer,deer,deer,deer
9291,ship,ship,ship,ship,ship
9292,cat,horse,horse,deer,horse
9293,horse,horse,horse,horse,horse
9294,frog,frog,frog,frog,bird
9295,cat,cat,cat,cat,cat
9296,ship,ship,ship,ship,ship
9297,bird,bird,bird,bird,bird
9298,automobile,automobile,automobile,automobile,automobile
9299,truck,truck,truck,truck,truck
9300,dog,dog,dog,dog,dog
9301,horse,horse,horse,dog,dog
9302,cat,automobile,automobile,truck,truck
9303,truck,truck,truck,truck,truck
9304,dog,dog,dog,dog,dog
9305,dog,dog,dog,dog,dog
9306,ship,ship,ship,ship,ship
9307,horse,horse,horse,horse,horse
9308,cat,cat,cat,cat,cat
9309,dog,dog,dog,dog,dog
9310,cat,cat,cat,cat,cat
9311,dog,dog,dog,dog,dog
9312,truck,truck,truck,truck,truck
9313,horse,horse,horse,horse,horse
9314,frog,frog,frog,frog,frog
9315,horse,dog,dog,horse,horse
9316,cat,cat,cat,cat,deer
9317,frog,frog,frog,frog,frog
9318,deer,deer,deer,deer,deer
9319,cat,cat,cat,dog,dog
9320,truck,truck,truck,truck,truck
9321,deer,deer,deer,deer,deer
9322,bird,bird,bird,bird,bird
9323,automobile,automobile,automobile,automobile,automobile
9324,truck,truck,truck,truck,truck
9325,frog,frog,frog,frog,frog
9326,airplane,airplane,airplane,airplane,airplane
9327,bird,bird,bird,cat,cat
9328,frog,frog,frog,frog,frog
9329,horse,horse,horse,deer,horse
9330,deer,deer,deer,deer,deer
9331,horse,horse,horse,horse,horse
9332,truck,truck,truck,truck,truck
9333,airplane,airplane,airplane,airplane,airplane
9334,horse,horse,horse,horse,horse
9335,deer,deer,deer,deer,deer
9336,cat,dog,dog,dog,dog
9337,dog,dog,dog,dog,dog
9338,cat,cat,cat,cat,cat
9339,automobile,automobile,automobile,automobile,automobile
9340,automobile,automobile,automobile,automobile,automobile
9341,bird,bird,bird,bird,bird
9342,frog,frog,frog,frog,frog
9343,ship,ship,ship,ship,ship
9344,bird,bird,bird,bird,bird
9345,automobile,automobile,automobile,automobile,automobile
9346,horse,horse,horse,dog,dog
9347,ship,ship,ship,ship,ship
9348,dog,dog,dog,dog,dog
9349,truck,truck,truck,airplane,airplane
9350,frog,frog,frog,frog,frog
9351,automobile,automobile,automobile,automobile,truck
9352,automobile,automobile,automobile,automobile,automobile
9353,dog,dog,dog,deer,deer
9354,airplane,airplane,airplane,airplane,airplane
9355,frog,frog,frog,frog,frog
9356,airplane,airplane,airplane,airplane,airplane
9357,truck,truck,truck,truck,truck
9358,bird,bird,bird,bird,bird
9359,frog,frog,frog,frog,frog
9360,dog,dog,dog,airplane,dog
9361,ship,ship,ship,ship,ship
9362,truck,truck,truck,truck,truck
9363,dog,dog,dog,dog,dog
9364,dog,dog,dog,dog,dog
9365,frog,frog,frog,frog,frog
9366,bird,bird,bird,bird,bird
9367,truck,truck,truck,truck,truck
9368,automobile,automobile,automobile,automobile,automobile
9369,dog,dog,dog,ship,deer
9370,ship,automobile,automobile,horse,ship
9371,ship,ship,ship,ship,ship
9372,horse,horse,horse,horse,horse
9373,automobile,automobile,automobile,automobile,automobile
9374,horse,horse,horse,horse,horse
9375,cat,cat,cat,dog,dog
9376,dog,cat,cat,dog,cat
9377,deer,deer,deer,deer,deer
9378,truck,truck,truck,truck,truck
9379,horse,horse,horse,horse,horse
9380,dog,cat,cat,dog,cat
9381,bird,bird,bird,bird,bird
9382,truck,truck,truck,truck,truck
9383,truck,truck,truck,truck,truck
9384,deer,deer,deer,deer,deer
9385,horse,horse,horse,bird,dog
9386,deer,bird,bird,bird,bird
9387,automobile,automobile,automobile,automobile,automobile
9388,cat,cat,cat,cat,cat
9389,ship,ship,ship,ship,ship
9390,horse,horse,horse,horse,horse
9391,truck,truck,truck,truck,truck
9392,airplane,airplane,airplane,airplane,airplane
9393,deer,deer,deer,deer,deer
9394,dog,dog,dog,dog,dog
9395,horse,horse,horse,horse,horse
9396,dog,dog,dog,dog,dog
9397,bird,bird,bird,bird,bird
9398,ship,ship,ship,ship,ship
9399,horse,horse,horse,horse,horse
9400,frog,frog,frog,frog,frog
9401,truck,truck,truck,truck,truck
9402,frog,frog,frog,frog,frog
9403,truck,truck,truck,truck,truck
9404,cat,cat,cat,cat,cat
9405,ship,ship,ship,ship,ship
9406,dog,dog,dog,dog,dog
9407,frog,frog,frog,frog,frog
9408,frog,frog,frog,frog,frog
9409,truck,truck,truck,truck,truck
9410,dog,dog,dog,dog,dog
9411,horse,horse,horse,horse,horse
9412,ship,ship,ship,ship,ship
9413,airplane,airplane,airplane,airplane,airplane
9414,dog,cat,cat,cat,cat
9415,airplane,airplane,airplane,airplane,airplane
9416,horse,horse,horse,horse,horse
9417,deer,deer,deer,deer,deer
9418,ship,ship,ship,ship,ship
9419,bird,bird,bird,bird,bird
9420,dog,dog,dog,dog,dog
9421,automobile,automobile,automobile,automobile,automobile
9422,cat,dog,dog,cat,dog
9423,bird,bird,bird,bird,bird
9424,bird,bird,bird,bird,bird
9425,frog,frog,frog,frog,frog
9426,bird,bird,bird,frog,bird
9427,automobile,automobile,automobile,automobile,automobile
9428,horse,horse,horse,horse,horse
9429,deer,deer,deer,frog,deer
9430,frog,frog,frog,frog,frog
9431,cat,dog,dog,dog,dog
9432,automobile,automobile,automobile,automobile,automobile
9433,cat,cat,cat,cat,cat
9434,horse,horse,horse,horse,horse
9435,bird,bird,bird,horse,cat
9436,automobile,automobile,automobile,frog,frog
9437,cat,cat,cat,cat,cat
9438,horse,horse,horse,horse,horse
9439,airplane,airplane,airplane,airplane,airplane
9440,ship,ship,ship,ship,ship
9441,deer,deer,deer,deer,deer
9442,deer,deer,deer,deer,deer
9443,dog,dog,dog,dog,dog
9444,horse,horse,horse,horse,horse
9445,truck,truck,truck,horse,truck
9446,dog,dog,dog,dog,dog
9447,deer,deer,deer,deer,deer
9448,cat,cat,cat,cat,cat
9449,truck,truck,truck,automobile,airplane
9450,frog,frog,frog,frog,frog
9451,ship,ship,ship,ship,ship
9452,bird,bird,bird,bird,bird
9453,cat,cat,cat,cat,cat
9454,cat,cat,cat,cat,cat
9455,automobile,automobile,automobile,automobile,automobile
9456,frog,frog,frog,frog,frog
9457,automobile,automobile,automobile,automobile,truck
9458,horse,horse,horse,horse,horse
9459,airplane,airplane,airplane,airplane,airplane
9460,cat,cat,cat,cat,cat
9461,deer,deer,deer,deer,deer
9462,bird,bird,bird,bird,bird
9463,truck,truck,truck,ship,truck
9464,deer,deer,deer,deer,deer
9465,dog,dog,dog,dog,dog
9466,ship,ship,ship,ship,ship
9467,bird,bird,bird,bird,bird
9468,horse,horse,horse,horse,horse
9469,airplane,airplane,airplane,airplane,airplane
9470,truck,truck,truck,truck,truck
9471,frog,frog,frog,frog,frog
9472,ship,ship,ship,ship,ship
9473,airplane,airplane,airplane,airplane,airplane
9474,ship,ship,ship,ship,ship
9475,bird,bird,bird,frog,bird
9476,ship,ship,ship,ship,ship
9477,dog,dog,dog,dog,dog
9478,horse,horse,horse,horse,horse
9479,horse,horse,horse,horse,horse
9480,bird,bird,bird,bird,bird
9481,bird,bird,bird,bird,bird
9482,airplane,airplane,airplane,airplane,airplane
9483,airplane,airplane,airplane,airplane,airplane
9484,airplane,airplane,airplane,airplane,airplane
9485,horse,horse,horse,horse,horse
9486,deer,deer,deer,deer,deer
9487,automobile,automobile,automobile,automobile,automobile
9488,frog,frog,frog,frog,frog
9489,frog,frog,frog,frog,frog
9490,ship,airplane,airplane,ship,ship
9491,ship,ship,ship,ship,ship
9492,truck,truck,truck,automobile,automobile
9493,airplane,airplane,airplane,airplane,airplane
9494,truck,truck,truck,truck,truck
9495,airplane,airplane,airplane,airplane,airplane
9496,automobile,automobile,automobile,automobile,automobile
9497,cat,frog,frog,frog,frog
9498,cat,cat,cat,cat,cat
9499,airplane,airplane,airplane,airplane,airplane
9500,truck,truck,truck,truck,truck
9501,frog,bird,airplane,bird,bird
9502,frog,frog,frog,frog,frog
9503,bird,bird,bird,deer,deer
9504,frog,frog,frog,frog,frog
9505,cat,cat,cat,cat,dog
9506,deer,deer,deer,bird,bird
9507,airplane,airplane,airplane,airplane,airplane
9508,ship,ship,ship,ship,ship
9509,deer,deer,deer,deer,deer
9510,automobile,automobile,automobile,automobile,automobile
9511,deer,deer,deer,deer,deer
9512,airplane,airplane,airplane,airplane,airplane
9513,frog,frog,frog,frog,frog
9514,dog,dog,dog,dog,dog
9515,airplane,airplane,airplane,airplane,airplane
9516,truck,truck,truck,truck,truck
9517,truck,truck,truck,truck,truck
9518,truck,automobile,automobile,truck,truck
9519,truck,truck,truck,truck,truck
9520,automobile,automobile,automobile,automobile,automobile
9521,bird,bird,bird,bird,bird
9522,cat,cat,cat,bird,cat
9523,dog,dog,dog,dog,dog
9524,deer,deer,deer,deer,deer
9525,bird,bird,bird,bird,bird
9526,truck,truck,truck,truck,truck
9527,frog,frog,frog,frog,frog
9528,airplane,ship,ship,deer,airplane
9529,truck,truck,truck,truck,truck
9530,frog,frog,frog,frog,frog
9531,frog,frog,frog,frog,frog
9532,ship,ship,ship,ship,ship
9533,airplane,airplane,airplane,airplane,airplane
9534,frog,frog,frog,frog,frog
9535,automobile,automobile,automobile,truck,truck
9536,deer,deer,deer,cat,deer
9537,frog,frog,frog,frog,frog
9538,ship,ship,ship,ship,ship
9539,airplane,airplane,airplane,airplane,airplane
9540,dog,dog,dog,dog,dog
9541,deer,deer,deer,deer,deer
9542,automobile,automobile,automobile,truck,truck
9543,bird,bird,bird,bird,bird
9544,airplane,airplane,airplane,airplane,airplane
9545,truck,truck,truck,truck,truck
9546,frog,frog,frog,frog,frog
9547,deer,deer,deer,deer,deer
9548,bird,bird,bird,bird,bird
9549,deer,deer,deer,deer,deer
9550,frog,frog,frog,frog,frog
9551,dog,dog,dog,deer,deer
9552,truck,truck,truck,truck,truck
9553,horse,horse,horse,horse,horse
9554,horse,horse,horse,horse,horse
9555,deer,cat,cat,deer,deer
9556,frog,frog,frog,frog,frog
9557,dog,bird,bird,dog,bird
9558,airplane,airplane,airplane,airplane,airplane
9559,automobile,automobile,automobile,automobile,automobile
9560,truck,truck,truck,truck,truck
9561,airplane,airplane,airplane,airplane,airplane
9562,cat,cat,cat,cat,cat
9563,automobile,automobile,automobile,automobile,dog
9564,truck,truck,truck,truck,truck
9565,airplane,airplane,airplane,airplane,airplane
9566,truck,truck,truck,truck,truck
9567,horse,horse,horse,horse,horse
9568,ship,ship,ship,ship,ship
9569,frog,frog,frog,frog,frog
9570,horse,horse,horse,horse,horse
9571,frog,frog,frog,frog,frog
9572,ship,ship,ship,ship,ship
9573,bird,bird,bird,dog,bird
9574,deer,deer,deer,deer,deer
9575,dog,dog,dog,dog,dog
9576,cat,cat,cat,cat,cat
9577,airplane,airplane,airplane,airplane,airplane
9578,cat,cat,cat,cat,cat
9579,bird,bird,bird,bird,bird
9580,automobile,automobile,automobile,automobile,automobile
9581,horse,horse,horse,horse,horse
9582,dog,dog,dog,dog,dog
9583,truck,truck,truck,truck,truck
9584,cat,cat,cat,cat,cat
9585,deer,deer,deer,deer,deer
9586,dog,dog,dog,dog,dog
9587,horse,cat,cat,cat,dog
9588,automobile,automobile,automobile,automobile,automobile
9589,dog,dog,dog,dog,dog
9590,airplane,airplane,airplane,airplane,airplane
9591,automobile,automobile,automobile,automobile,automobile
9592,automobile,automobile,automobile,automobile,automobile
9593,automobile,automobile,automobile,truck,truck
9594,truck,truck,truck,truck,truck
9595,horse,horse,horse,horse,horse
9596,dog,dog,dog,dog,dog
9597,deer,deer,deer,deer,deer
9598,truck,truck,truck,truck,truck
9599,horse,horse,horse,horse,horse
9600,ship,ship,ship,ship,ship
9601,automobile,automobile,automobile,automobile,automobile
9602,airplane,airplane,airplane,airplane,airplane
9603,bird,bird,bird,bird,bird
9604,ship,ship,ship,ship,ship
9605,dog,dog,dog,dog,dog
9606,frog,frog,frog,frog,frog
9607,horse,horse,horse,horse,horse
9608,airplane,airplane,airplane,airplane,airplane
9609,automobile,truck,truck,truck,truck
9610,deer,deer,deer,deer,deer
9611,ship,ship,ship,ship,ship
9612,deer,deer,deer,deer,deer
9613,deer,deer,deer,deer,deer
9614,frog,frog,frog,frog,frog
9615,frog,frog,frog,frog,frog
9616,dog,dog,dog,deer,deer
9617,ship,ship,ship,ship,ship
9618,automobile,automobile,automobile,automobile,automobile
9619,ship,ship,ship,ship,ship
9620,deer,deer,deer,deer,deer
9621,frog,frog,frog,frog,frog
9622,dog,dog,dog,dog,dog
9623,truck,truck,truck,truck,truck
9624,bird,airplane,airplane,bird,bird
9625,bird,bird,bird,bird,bird
9626,automobile,automobile,automobile,automobile,automobile
9627,deer,deer,deer,deer,deer
9628,truck,truck,truck,truck,truck
9629,automobile,automobile,automobile,automobile,automobile
9630,frog,frog,frog,frog,frog
9631,horse,horse,horse,horse,horse
9632,bird,bird,bird,bird,bird
9633,airplane,cat,cat,cat,cat
9634,automobile,automobile,automobile,automobile,automobile
9635,horse,horse,horse,deer,deer
9636,frog,frog,frog,frog,frog
9637,dog,dog,dog,dog,dog
9638,bird,bird,bird,bird,bird
9639,bird,bird,bird,bird,bird
9640,dog,dog,dog,dog,dog
9641,frog,cat,cat,cat,cat
9642,airplane,airplane,airplane,airplane,airplane
9643,truck,airplane,airplane,airplane,airplane
9644,airplane,airplane,airplane,airplane,airplane
9645,automobile,automobile,automobile,automobile,automobile
9646,dog,dog,dog,dog,dog
9647,cat,cat,cat,cat,cat
9648,cat,cat,cat,cat,cat
9649,dog,dog,dog,dog,dog
9650,ship,ship,ship,ship,ship
9651,horse,horse,horse,horse,horse
9652,dog,dog,dog,bird,dog
9653,frog,frog,frog,frog,frog
9654,dog,dog,dog,dog,dog
9655,ship,ship,ship,ship,ship
9656,airplane,airplane,airplane,ship,ship
9657,dog,dog,dog,cat,cat
9658,truck,truck,truck,truck,truck
9659,deer,deer,deer,deer,deer
9660,frog,frog,frog,frog,frog
9661,dog,dog,dog,dog,dog
9662,automobile,automobile,automobile,automobile,automobile
9663,automobile,automobile,automobile,automobile,automobile
9664,airplane,airplane,airplane,airplane,airplane
9665,cat,cat,cat,dog,cat
9666,cat,cat,cat,cat,cat
9667,truck,truck,truck,truck,truck
9668,deer,deer,deer,deer,deer
9669,ship,ship,ship,ship,ship
9670,automobile,automobile,automobile,automobile,automobile
9671,horse,horse,horse,horse,horse
9672,horse,horse,horse,horse,horse
9673,truck,truck,truck,truck,truck
9674,truck,truck,truck,truck,truck
9675,deer,deer,deer,deer,deer
9676,cat,cat,cat,ship,bird
9677,frog,frog,frog,frog,frog
9678,cat,cat,cat,cat,cat
9679,bird,bird,bird,bird,bird
9680,ship,ship,ship,ship,ship
9681,bird,bird,bird,bird,bird
9682,horse,horse,horse,horse,horse
9683,frog,frog,frog,frog,frog
9684,horse,horse,horse,horse,horse
9685,airplane,airplane,airplane,airplane,airplane
9686,bird,bird,bird,bird,bird
9687,automobile,automobile,automobile,automobile,automobile
9688,bird,bird,bird,bird,bird
9689,truck,truck,truck,truck,truck
9690,deer,deer,deer,deer,deer
9691,frog,frog,frog,frog,frog
9692,truck,truck,truck,truck,truck
9693,frog,frog,frog,frog,frog
9694,automobile,automobile,automobile,truck,truck
9695,airplane,airplane,airplane,airplane,airplane
9696,automobile,automobile,automobile,automobile,automobile
9697,ship,ship,ship,ship,ship
9698,horse,horse,horse,horse,horse
9699,airplane,airplane,airplane,truck,truck
9700,airplane,airplane,airplane,airplane,airplane
9701,deer,deer,deer,deer,deer
9702,horse,horse,horse,horse,horse
9703,deer,deer,deer,deer,deer
9704,bird,cat,cat,cat,cat
9705,frog,frog,frog,frog,frog
9706,truck,truck,truck,truck,truck
9707,dog,dog,dog,horse,horse
9708,truck,truck,truck,truck,truck
9709,airplane,airplane,airplane,airplane,airplane
9710,horse,horse,horse,cat,horse
9711,deer,deer,deer,deer,deer
9712,dog,dog,dog,dog,dog
9713,ship,ship,ship,ship,ship
9714,automobile,automobile,automobile,automobile,automobile
9715,deer,deer,deer,deer,deer
9716,horse,horse,horse,horse,horse
9717,truck,truck,truck,truck,truck
9718,truck,truck,truck,truck,truck
9719,ship,ship,ship,ship,ship
9720,ship,ship,ship,ship,ship
9721,frog,frog,frog,frog,frog
9722,cat,cat,cat,cat,cat
9723,horse,horse,horse,horse,horse
9724,airplane,airplane,airplane,airplane,airplane
9725,ship,ship,ship,ship,ship
9726,truck,truck,truck,truck,truck
9727,frog,frog,frog,frog,frog
9728,bird,bird,bird,bird,bird
9729,deer,deer,deer,deer,deer
9730,frog,frog,frog,frog,frog
9731,bird,bird,bird,bird,bird
9732,truck,truck,truck,truck,truck
9733,horse,horse,horse,horse,horse
9734,deer,deer,deer,horse,horse
9735,frog,frog,frog,frog,frog
9736,ship,ship,ship,ship,ship
9737,dog,dog,dog,dog,dog
9738,frog,frog,frog,frog,frog
9739,automobile,automobile,automobile,automobile,automobile
9740,cat,cat,cat,frog,bird
9741,dog,dog,dog,dog,dog
9742,truck,truck,truck,truck,truck
9743,truck,truck,truck,truck,truck
9744,automobile,automobile,automobile,truck,truck
9745,cat,cat,cat,cat,cat
9746,bird,bird,bird,airplane,airplane
9747,airplane,airplane,airplane,airplane,airplane
9748,cat,cat,cat,cat,cat
9749,airplane,airplane,airplane,airplane,airplane
9750,bird,bird,bird,bird,bird
9751,airplane,airplane,airplane,airplane,airplane
9752,horse,horse,horse,frog,frog
9753,cat,cat,dog,cat,bird
9754,truck,truck,truck,truck,truck
9755,cat,cat,cat,cat,cat
9756,dog,dog,dog,dog,dog
9757,horse,horse,horse,horse,horse
9758,frog,frog,frog,frog,frog
9759,dog,dog,dog,dog,dog
9760,truck,truck,truck,truck,truck
9761,dog,dog,dog,dog,dog
9762,frog,frog,frog,frog,frog
9763,automobile,automobile,automobile,automobile,automobile
9764,bird,bird,bird,bird,bird
9765,deer,deer,deer,deer,deer
9766,airplane,airplane,airplane,airplane,airplane
9767,bird,bird,bird,bird,bird
9768,horse,horse,horse,horse,horse
9769,ship,ship,ship,ship,ship
9770,deer,deer,deer,deer,deer
9771,deer,deer,deer,deer,deer
9772,airplane,airplane,airplane,bird,bird
9773,truck,truck,truck,truck,truck
9774,dog,dog,dog,dog,dog
9775,truck,truck,truck,truck,truck
9776,bird,frog,frog,deer,cat
9777,truck,truck,truck,truck,truck
9778,cat,cat,cat,cat,cat
9779,bird,bird,bird,bird,bird
9780,deer,dog,dog,deer,deer
9781,cat,cat,cat,cat,cat
9782,bird,bird,bird,bird,bird
9783,bird,bird,bird,bird,bird
9784,ship,ship,ship,ship,ship
9785,ship,ship,ship,ship,ship
9786,frog,frog,frog,automobile,ship
9787,ship,ship,ship,ship,airplane
9788,automobile,automobile,automobile,automobile,automobile
9789,frog,frog,frog,frog,frog
9790,ship,ship,ship,ship,ship
9791,truck,truck,truck,frog,truck
9792,ship,ship,ship,bird,airplane
9793,bird,dog,dog,dog,dog
9794,automobile,automobile,automobile,ship,ship
9795,deer,deer,deer,deer,deer
9796,truck,truck,truck,truck,truck
9797,automobile,automobile,automobile,automobile,automobile
9798,dog,dog,dog,dog,dog
9799,horse,horse,horse,horse,horse
9800,automobile,automobile,automobile,automobile,automobile
9801,frog,frog,frog,cat,cat
9802,airplane,airplane,airplane,airplane,airplane
9803,automobile,automobile,automobile,automobile,automobile
9804,dog,dog,dog,dog,dog
9805,bird,bird,bird,airplane,airplane
9806,ship,ship,ship,ship,ship
9807,automobile,automobile,automobile,automobile,automobile
9808,automobile,automobile,automobile,automobile,automobile
9809,cat,cat,cat,cat,cat
9810,ship,ship,ship,ship,ship
9811,automobile,automobile,automobile,automobile,automobile
9812,cat,ship,ship,ship,ship
9813,automobile,automobile,automobile,automobile,automobile
9814,ship,ship,ship,ship,ship
9815,dog,dog,dog,dog,dog
9816,automobile,automobile,automobile,automobile,automobile
9817,truck,truck,truck,truck,automobile
9818,airplane,airplane,airplane,airplane,airplane
9819,cat,dog,dog,dog,dog
9820,airplane,airplane,airplane,airplane,airplane
9821,deer,deer,deer,deer,deer
9822,airplane,airplane,airplane,airplane,airplane
9823,dog,dog,dog,dog,dog
9824,automobile,automobile,automobile,automobile,automobile
9825,bird,bird,bird,deer,deer
9826,airplane,airplane,airplane,airplane,airplane
9827,deer,deer,deer,bird,bird
9828,truck,truck,truck,truck,truck
9829,dog,dog,dog,dog,bird
9830,automobile,automobile,automobile,truck,truck
9831,bird,bird,bird,bird,bird
9832,bird,bird,bird,deer,deer
9833,horse,horse,horse,horse,horse
9834,ship,ship,ship,ship,ship
9835,horse,horse,horse,horse,horse
9836,bird,bird,bird,bird,bird
9837,deer,deer,deer,deer,deer
9838,dog,dog,dog,dog,dog
9839,cat,dog,dog,cat,cat
9840,deer,horse,horse,horse,horse
9841,airplane,airplane,airplane,airplane,airplane
9842,frog,frog,frog,deer,frog
9843,automobile,automobile,automobile,automobile,automobile
9844,dog,dog,dog,dog,dog
9845,truck,truck,truck,truck,truck
9846,ship,ship,ship,ship,ship
9847,airplane,airplane,airplane,airplane,airplane
9848,bird,bird,bird,bird,bird
9849,airplane,airplane,airplane,bird,bird
9850,horse,horse,horse,deer,deer
9851,frog,frog,frog,frog,frog
9852,airplane,airplane,airplane,airplane,airplane
9853,dog,frog,frog,dog,dog
9854,truck,truck,truck,truck,truck
9855,horse,horse,horse,horse,horse
9856,dog,dog,dog,dog,dog
9857,airplane,automobile,automobile,automobile,automobile
9858,deer,deer,deer,deer,deer
9859,frog,frog,frog,frog,frog
9860,airplane,airplane,airplane,airplane,airplane
9861,frog,frog,frog,frog,frog
9862,cat,cat,cat,frog,dog
9863,frog,frog,frog,frog,frog
9864,ship,ship,ship,airplane,ship
9865,automobile,automobile,automobile,automobile,automobile
9866,automobile,automobile,automobile,automobile,automobile
9867,ship,ship,ship,ship,ship
9868,truck,truck,truck,truck,truck
9869,horse,horse,horse,horse,horse
9870,bird,bird,bird,bird,bird
9871,truck,truck,truck,truck,truck
9872,airplane,airplane,airplane,airplane,airplane
9873,bird,bird,bird,bird,bird
9874,bird,bird,bird,bird,bird
9875,truck,truck,truck,truck,truck
9876,airplane,airplane,airplane,airplane,airplane
9877,frog,bird,frog,bird,bird
9878,dog,dog,dog,dog,dog
9879,horse,horse,horse,horse,bird
9880,horse,horse,horse,horse,horse
9881,truck,truck,truck,truck,truck
9882,automobile,automobile,automobile,automobile,automobile
9883,horse,horse,horse,horse,horse
9884,truck,truck,truck,truck,truck
9885,ship,ship,ship,ship,ship
9886,deer,deer,deer,deer,deer
9887,dog,dog,dog,dog,dog
9888,airplane,airplane,airplane,airplane,airplane
9889,ship,ship,ship,ship,ship
9890,airplane,airplane,airplane,airplane,airplane
9891,bird,bird,bird,bird,cat
9892,dog,dog,dog,dog,dog
9893,bird,bird,bird,bird,bird
9894,automobile,automobile,automobile,airplane,airplane
9895,deer,deer,deer,deer,deer
9896,deer,deer,deer,deer,deer
9897,ship,ship,ship,ship,ship
9898,truck,truck,truck,truck,truck
9899,horse,horse,horse,horse,horse
9900,ship,ship,ship,ship,ship
9901,cat,ship,ship,dog,ship
9902,frog,frog,frog,cat,frog
9903,frog,frog,frog,frog,frog
9904,airplane,airplane,airplane,airplane,airplane
9905,automobile,automobile,automobile,automobile,automobile
9906,automobile,automobile,automobile,automobile,automobile
9907,automobile,automobile,automobile,automobile,automobile
9908,ship,ship,ship,ship,ship
9909,automobile,automobile,automobile,automobile,automobile
9910,deer,horse,horse,horse,horse
9911,deer,deer,deer,deer,deer
9912,airplane,airplane,airplane,airplane,airplane
9913,horse,horse,horse,horse,horse
9914,ship,ship,ship,ship,ship
9915,bird,bird,bird,bird,bird
9916,automobile,automobile,automobile,automobile,automobile
9917,bird,bird,bird,bird,bird
9918,dog,dog,dog,dog,dog
9919,deer,deer,deer,deer,deer
9920,frog,frog,frog,frog,frog
9921,airplane,airplane,airplane,airplane,airplane
9922,dog,dog,dog,dog,dog
9923,horse,horse,horse,horse,horse
9924,deer,deer,deer,deer,deer
9925,deer,deer,deer,deer,deer
9926,cat,cat,cat,bird,frog
9927,truck,truck,truck,truck,truck
9928,dog,dog,dog,dog,horse
9929,ship,ship,ship,ship,ship
9930,ship,ship,ship,ship,ship
9931,airplane,airplane,airplane,airplane,airplane
9932,ship,ship,ship,ship,ship
9933,horse,horse,horse,horse,horse
9934,deer,deer,deer,deer,deer
9935,automobile,automobile,automobile,automobile,automobile
9936,ship,ship,ship,ship,ship
9937,deer,deer,deer,deer,deer
9938,truck,truck,truck,truck,truck
9939,dog,dog,dog,dog,dog
9940,deer,deer,deer,deer,deer
9941,automobile,automobile,automobile,automobile,automobile
9942,horse,horse,horse,horse,horse
9943,horse,horse,horse,horse,horse
9944,horse,horse,horse,horse,horse
9945,horse,horse,horse,horse,horse
9946,airplane,airplane,airplane,airplane,airplane
9947,cat,cat,cat,cat,cat
9948,ship,ship,ship,ship,airplane
9949,cat,cat,cat,bird,cat
9950,cat,cat,cat,cat,cat
9951,airplane,airplane,airplane,airplane,airplane
9952,dog,dog,dog,dog,dog
9953,horse,deer,deer,horse,horse
9954,airplane,airplane,airplane,airplane,airplane
9955,ship,ship,ship,ship,ship
9956,airplane,airplane,airplane,airplane,airplane
9957,airplane,airplane,airplane,airplane,airplane
9958,truck,truck,truck,truck,truck
9959,bird,cat,bird,cat,cat
9960,bird,bird,bird,airplane,airplane
9961,cat,cat,cat,cat,cat
9962,deer,deer,deer,deer,deer
9963,ship,ship,ship,ship,ship
9964,bird,bird,bird,frog,frog
9965,bird,bird,bird,bird,bird
9966,frog,frog,frog,frog,frog
9967,cat,cat,cat,bird,bird
9968,cat,dog,dog,dog,dog
9969,frog,frog,frog,frog,bird
9970,bird,bird,bird,bird,bird
9971,truck,truck,truck,truck,truck
9972,deer,deer,deer,deer,deer
9973,airplane,airplane,airplane,airplane,airplane
9974,automobile,automobile,automobile,automobile,automobile
9975,horse,horse,horse,horse,horse
9976,dog,dog,dog,dog,dog
9977,dog,dog,dog,dog,dog
9978,horse,horse,horse,horse,horse
9979,cat,cat,cat,cat,cat
9980,airplane,airplane,airplane,airplane,airplane
9981,deer,deer,deer,deer,deer
9982,bird,frog,frog,frog,frog
9983,airplane,airplane,airplane,airplane,airplane
9984,horse,horse,horse,horse,horse
9985,dog,dog,dog,cat,cat
9986,ship,ship,ship,ship,ship
9987,airplane,airplane,airplane,airplane,airplane
9988,ship,ship,ship,ship,ship
9989,bird,deer,deer,deer,deer
9990,horse,horse,horse,horse,horse
9991,airplane,airplane,airplane,airplane,airplane
9992,cat,cat,cat,cat,cat
9993,dog,dog,dog,dog,dog
9994,cat,cat,cat,cat,cat
9995,ship,ship,ship,ship,ship
9996,cat,cat,cat,cat,cat
9997,dog,dog,dog,dog,dog
9998,automobile,automobile,automobile,automobile,automobile
9999,horse,horse,horse,horse,horse
